session_id,event_order,date,channel,device,page_path
S00001,1,2026-02-06,Social,Mobile,/products
S00001,2,2026-02-06,Social,Mobile,/features
S00001,3,2026-02-06,Social,Mobile,/blog
S00002,1,2026-03-15,Direct,Desktop,/
S00002,2,2026-03-15,Direct,Desktop,/products
S00002,3,2026-03-15,Direct,Desktop,/pricing
S00002,4,2026-03-15,Direct,Desktop,/features
S00002,5,2026-03-15,Direct,Desktop,/blog
S00002,6,2026-03-15,Direct,Desktop,/contact
S00003,1,2026-01-19,Email,Desktop,/products
S00004,1,2026-01-17,Paid Search,Mobile,/features
S00005,1,2026-01-31,Organic Search,Mobile,/pricing
S00005,2,2026-01-31,Organic Search,Mobile,/products
S00006,1,2026-03-08,Referral,Mobile,/
S00006,2,2026-03-08,Referral,Mobile,/products
S00006,3,2026-03-08,Referral,Mobile,/features
S00006,4,2026-03-08,Referral,Mobile,/blog
S00007,1,2026-03-22,Social,Desktop,/products
S00007,2,2026-03-22,Social,Desktop,/pricing
S00007,3,2026-03-22,Social,Desktop,/signup
S00007,4,2026-03-22,Social,Desktop,/features
S00007,5,2026-03-22,Social,Desktop,/blog
S00008,1,2026-02-18,Social,Desktop,/contact
S00008,2,2026-02-18,Social,Desktop,/products
S00008,3,2026-02-18,Social,Desktop,/pricing
S00008,4,2026-02-18,Social,Desktop,/features
S00008,5,2026-02-18,Social,Desktop,/blog
S00009,1,2026-02-28,Organic Search,Desktop,/pricing
S00009,2,2026-02-28,Organic Search,Desktop,/products
S00009,3,2026-02-28,Organic Search,Desktop,/features
S00009,4,2026-02-28,Organic Search,Desktop,/blog
S00009,5,2026-02-28,Organic Search,Desktop,/contact
S00010,1,2026-02-22,Direct,Mobile,/pricing
S00011,1,2026-01-19,Direct,Mobile,/
S00011,2,2026-01-19,Direct,Mobile,/features
S00011,3,2026-01-19,Direct,Mobile,/blog
S00011,4,2026-01-19,Direct,Mobile,/contact
S00011,5,2026-01-19,Direct,Mobile,/products
S00012,1,2026-02-05,Referral,Mobile,/products
S00012,2,2026-02-05,Referral,Mobile,/features
S00013,1,2026-03-01,Paid Search,Mobile,/features
S00014,1,2026-02-20,Social,Desktop,/features
S00015,1,2026-03-14,Direct,Mobile,/pricing
S00016,1,2026-03-12,Organic Search,Mobile,/features
S00017,1,2026-02-08,Direct,Mobile,/products
S00017,2,2026-02-08,Direct,Mobile,/pricing
S00017,3,2026-02-08,Direct,Mobile,/signup
S00017,4,2026-02-08,Direct,Mobile,/thank-you
S00018,1,2026-02-13,Organic Search,Mobile,/features
S00019,1,2026-02-09,Social,Desktop,/
S00019,2,2026-02-09,Social,Desktop,/features
S00019,3,2026-02-09,Social,Desktop,/blog
S00019,4,2026-02-09,Social,Desktop,/contact
S00019,5,2026-02-09,Social,Desktop,/products
S00019,6,2026-02-09,Social,Desktop,/pricing
S00020,1,2026-03-14,Paid Search,Mobile,/products
S00020,2,2026-03-14,Paid Search,Mobile,/pricing
S00020,3,2026-03-14,Paid Search,Mobile,/features
S00020,4,2026-03-14,Paid Search,Mobile,/blog
S00021,1,2026-01-17,Social,Desktop,/features
S00021,2,2026-01-17,Social,Desktop,/products
S00021,3,2026-01-17,Social,Desktop,/pricing
S00022,1,2026-01-03,Direct,Desktop,/features
S00022,2,2026-01-03,Direct,Desktop,/products
S00022,3,2026-01-03,Direct,Desktop,/blog
S00022,4,2026-01-03,Direct,Desktop,/contact
S00022,5,2026-01-03,Direct,Desktop,/pricing
S00023,1,2026-03-28,Referral,Desktop,/blog
S00024,1,2026-03-14,Email,Desktop,/blog
S00025,1,2026-03-20,Social,Desktop,/features
S00025,2,2026-03-20,Social,Desktop,/products
S00025,3,2026-03-20,Social,Desktop,/blog
S00025,4,2026-03-20,Social,Desktop,/contact
S00025,5,2026-03-20,Social,Desktop,/pricing
S00026,1,2026-03-22,Organic Search,Desktop,/blog
S00027,1,2026-02-04,Direct,Mobile,/products
S00027,2,2026-02-04,Direct,Mobile,/features
S00027,3,2026-02-04,Direct,Mobile,/blog
S00027,4,2026-02-04,Direct,Mobile,/contact
S00027,5,2026-02-04,Direct,Mobile,/pricing
S00028,1,2026-03-25,Organic Search,Mobile,/pricing
S00029,1,2026-01-21,Organic Search,Desktop,/blog
S00029,2,2026-01-21,Organic Search,Desktop,/features
S00029,3,2026-01-21,Organic Search,Desktop,/contact
S00029,4,2026-01-21,Organic Search,Desktop,/products
S00030,1,2026-02-11,Paid Search,Mobile,/pricing
S00031,1,2026-01-10,Social,Mobile,/features
S00032,1,2026-02-09,Referral,Desktop,/pricing
S00032,2,2026-02-09,Referral,Desktop,/products
S00032,3,2026-02-09,Referral,Desktop,/pricing
S00032,4,2026-02-09,Referral,Desktop,/features
S00033,1,2026-02-19,Direct,Mobile,/
S00033,2,2026-02-19,Direct,Mobile,/products
S00033,3,2026-02-19,Direct,Mobile,/features
S00033,4,2026-02-19,Direct,Mobile,/blog
S00034,1,2026-02-03,Direct,Mobile,/products
S00035,1,2026-03-20,Direct,Desktop,/features
S00035,2,2026-03-20,Direct,Desktop,/products
S00036,1,2026-01-08,Organic Search,Mobile,/
S00037,1,2026-01-16,Organic Search,Desktop,/features
S00038,1,2026-03-20,Direct,Mobile,/
S00039,1,2026-02-18,Organic Search,Desktop,/products
S00040,1,2026-01-23,Paid Search,Desktop,/features
S00041,1,2026-03-06,Direct,Mobile,/products
S00041,2,2026-03-06,Direct,Mobile,/features
S00041,3,2026-03-06,Direct,Mobile,/blog
S00041,4,2026-03-06,Direct,Mobile,/contact
S00041,5,2026-03-06,Direct,Mobile,/pricing
S00042,1,2026-01-14,Social,Mobile,/features
S00043,1,2026-03-19,Paid Search,Mobile,/
S00043,2,2026-03-19,Paid Search,Mobile,/features
S00043,3,2026-03-19,Paid Search,Mobile,/blog
S00043,4,2026-03-19,Paid Search,Mobile,/contact
S00044,1,2026-03-10,Organic Search,Mobile,/pricing
S00045,1,2026-01-22,Social,Mobile,/pricing
S00046,1,2026-01-13,Social,Tablet,/features
S00047,1,2026-01-23,Direct,Mobile,/
S00047,2,2026-01-23,Direct,Mobile,/products
S00048,1,2026-03-10,Organic Search,Desktop,/products
S00049,1,2026-02-16,Paid Search,Mobile,/blog
S00050,1,2026-03-16,Organic Search,Tablet,/contact
S00050,2,2026-03-16,Organic Search,Tablet,/features
S00050,3,2026-03-16,Organic Search,Tablet,/blog
S00050,4,2026-03-16,Organic Search,Tablet,/products
S00051,1,2026-03-08,Organic Search,Mobile,/features
S00052,1,2026-01-24,Organic Search,Mobile,/features
S00052,2,2026-01-24,Organic Search,Mobile,/products
S00052,3,2026-01-24,Organic Search,Mobile,/pricing
S00052,4,2026-01-24,Organic Search,Mobile,/blog
S00052,5,2026-01-24,Organic Search,Mobile,/contact
S00053,1,2026-01-30,Social,Mobile,/pricing
S00053,2,2026-01-30,Social,Mobile,/products
S00053,3,2026-01-30,Social,Mobile,/pricing
S00053,4,2026-01-30,Social,Mobile,/signup
S00053,5,2026-01-30,Social,Mobile,/thank-you
S00054,1,2026-01-10,Paid Search,Mobile,/pricing
S00055,1,2026-03-10,Paid Search,Desktop,/features
S00055,2,2026-03-10,Paid Search,Desktop,/products
S00055,3,2026-03-10,Paid Search,Desktop,/pricing
S00055,4,2026-03-10,Paid Search,Desktop,/signup
S00055,5,2026-03-10,Paid Search,Desktop,/blog
S00056,1,2026-02-03,Social,Mobile,/features
S00057,1,2026-01-26,Direct,Mobile,/features
S00057,2,2026-01-26,Direct,Mobile,/products
S00057,3,2026-01-26,Direct,Mobile,/blog
S00057,4,2026-01-26,Direct,Mobile,/contact
S00057,5,2026-01-26,Direct,Mobile,/pricing
S00058,1,2026-01-13,Paid Search,Mobile,/features
S00058,2,2026-01-13,Paid Search,Mobile,/products
S00059,1,2026-03-21,Organic Search,Desktop,/features
S00059,2,2026-03-21,Organic Search,Desktop,/products
S00059,3,2026-03-21,Organic Search,Desktop,/blog
S00059,4,2026-03-21,Organic Search,Desktop,/contact
S00060,1,2026-02-22,Organic Search,Mobile,/
S00060,2,2026-02-22,Organic Search,Mobile,/features
S00060,3,2026-02-22,Organic Search,Mobile,/blog
S00061,1,2026-01-07,Paid Search,Mobile,/products
S00061,2,2026-01-07,Paid Search,Mobile,/features
S00061,3,2026-01-07,Paid Search,Mobile,/blog
S00061,4,2026-01-07,Paid Search,Mobile,/contact
S00061,5,2026-01-07,Paid Search,Mobile,/pricing
S00062,1,2026-03-22,Direct,Mobile,/contact
S00063,1,2026-03-06,Paid Search,Mobile,/pricing
S00064,1,2026-02-16,Social,Mobile,/
S00065,1,2026-03-22,Paid Search,Desktop,/pricing
S00065,2,2026-03-22,Paid Search,Desktop,/products
S00065,3,2026-03-22,Paid Search,Desktop,/pricing
S00065,4,2026-03-22,Paid Search,Desktop,/signup
S00066,1,2026-01-22,Direct,Mobile,/blog
S00066,2,2026-01-22,Direct,Mobile,/features
S00066,3,2026-01-22,Direct,Mobile,/contact
S00067,1,2026-01-23,Direct,Desktop,/features
S00067,2,2026-01-23,Direct,Desktop,/products
S00068,1,2026-02-23,Organic Search,Mobile,/features
S00068,2,2026-02-23,Organic Search,Mobile,/products
S00068,3,2026-02-23,Organic Search,Mobile,/pricing
S00068,4,2026-02-23,Organic Search,Mobile,/blog
S00068,5,2026-02-23,Organic Search,Mobile,/contact
S00069,1,2026-01-31,Organic Search,Mobile,/
S00070,1,2026-01-09,Direct,Mobile,/pricing
S00071,1,2026-03-04,Organic Search,Mobile,/
S00072,1,2026-01-28,Direct,Mobile,/features
S00072,2,2026-01-28,Direct,Mobile,/products
S00072,3,2026-01-28,Direct,Mobile,/pricing
S00072,4,2026-01-28,Direct,Mobile,/signup
S00072,5,2026-01-28,Direct,Mobile,/blog
S00072,6,2026-01-28,Direct,Mobile,/contact
S00073,1,2026-03-28,Email,Mobile,/
S00074,1,2026-03-24,Organic Search,Mobile,/blog
S00075,1,2026-01-31,Organic Search,Tablet,/pricing
S00076,1,2026-03-18,Organic Search,Mobile,/blog
S00076,2,2026-03-18,Organic Search,Mobile,/features
S00077,1,2026-03-02,Organic Search,Mobile,/pricing
S00078,1,2026-03-11,Paid Search,Mobile,/blog
S00078,2,2026-03-11,Paid Search,Mobile,/products
S00078,3,2026-03-11,Paid Search,Mobile,/pricing
S00078,4,2026-03-11,Paid Search,Mobile,/features
S00078,5,2026-03-11,Paid Search,Mobile,/contact
S00079,1,2026-03-31,Direct,Mobile,/blog
S00080,1,2026-03-03,Social,Desktop,/
S00081,1,2026-03-10,Paid Search,Mobile,/products
S00081,2,2026-03-10,Paid Search,Mobile,/features
S00082,1,2026-03-08,Direct,Desktop,/pricing
S00082,2,2026-03-08,Direct,Desktop,/products
S00082,3,2026-03-08,Direct,Desktop,/pricing
S00082,4,2026-03-08,Direct,Desktop,/signup
S00082,5,2026-03-08,Direct,Desktop,/thank-you
S00083,1,2026-03-28,Social,Mobile,/products
S00083,2,2026-03-28,Social,Mobile,/features
S00084,1,2026-02-27,Organic Search,Mobile,/blog
S00085,1,2026-02-19,Organic Search,Desktop,/products
S00085,2,2026-02-19,Organic Search,Desktop,/features
S00086,1,2026-02-21,Organic Search,Mobile,/features
S00086,2,2026-02-21,Organic Search,Mobile,/products
S00086,3,2026-02-21,Organic Search,Mobile,/blog
S00086,4,2026-02-21,Organic Search,Mobile,/contact
S00086,5,2026-02-21,Organic Search,Mobile,/pricing
S00087,1,2026-02-15,Social,Desktop,/
S00087,2,2026-02-15,Social,Desktop,/products
S00087,3,2026-02-15,Social,Desktop,/features
S00087,4,2026-02-15,Social,Desktop,/blog
S00088,1,2026-01-05,Direct,Mobile,/blog
S00089,1,2026-02-13,Organic Search,Desktop,/products
S00089,2,2026-02-13,Organic Search,Desktop,/features
S00089,3,2026-02-13,Organic Search,Desktop,/blog
S00089,4,2026-02-13,Organic Search,Desktop,/contact
S00089,5,2026-02-13,Organic Search,Desktop,/pricing
S00090,1,2026-01-09,Direct,Mobile,/pricing
S00090,2,2026-01-09,Direct,Mobile,/products
S00090,3,2026-01-09,Direct,Mobile,/features
S00091,1,2026-01-25,Organic Search,Mobile,/products
S00091,2,2026-01-25,Organic Search,Mobile,/features
S00091,3,2026-01-25,Organic Search,Mobile,/blog
S00091,4,2026-01-25,Organic Search,Mobile,/contact
S00091,5,2026-01-25,Organic Search,Mobile,/pricing
S00092,1,2026-01-21,Paid Search,Desktop,/blog
S00092,2,2026-01-21,Paid Search,Desktop,/products
S00092,3,2026-01-21,Paid Search,Desktop,/pricing
S00093,1,2026-03-17,Direct,Mobile,/products
S00093,2,2026-03-17,Direct,Mobile,/pricing
S00093,3,2026-03-17,Direct,Mobile,/features
S00094,1,2026-02-19,Direct,Mobile,/features
S00095,1,2026-02-08,Organic Search,Tablet,/pricing
S00096,1,2026-01-20,Paid Search,Mobile,/contact
S00097,1,2026-03-25,Direct,Desktop,/blog
S00097,2,2026-03-25,Direct,Desktop,/products
S00098,1,2026-02-12,Organic Search,Desktop,/blog
S00099,1,2026-03-13,Organic Search,Desktop,/features
S00100,1,2026-02-22,Referral,Desktop,/products
S00101,1,2026-02-23,Email,Mobile,/blog
S00102,1,2026-03-09,Paid Search,Mobile,/products
S00102,2,2026-03-09,Paid Search,Mobile,/features
S00102,3,2026-03-09,Paid Search,Mobile,/blog
S00102,4,2026-03-09,Paid Search,Mobile,/contact
S00102,5,2026-03-09,Paid Search,Mobile,/pricing
S00103,1,2026-02-26,Organic Search,Mobile,/blog
S00104,1,2026-02-20,Referral,Desktop,/
S00104,2,2026-02-20,Referral,Desktop,/products
S00104,3,2026-02-20,Referral,Desktop,/pricing
S00104,4,2026-02-20,Referral,Desktop,/signup
S00104,5,2026-02-20,Referral,Desktop,/thank-you
S00105,1,2026-02-16,Social,Desktop,/products
S00105,2,2026-02-16,Social,Desktop,/pricing
S00105,3,2026-02-16,Social,Desktop,/signup
S00105,4,2026-02-16,Social,Desktop,/thank-you
S00105,5,2026-02-16,Social,Desktop,/features
S00105,6,2026-02-16,Social,Desktop,/blog
S00106,1,2026-03-02,Paid Search,Mobile,/blog
S00107,1,2026-01-08,Direct,Mobile,/pricing
S00107,2,2026-01-08,Direct,Mobile,/products
S00107,3,2026-01-08,Direct,Mobile,/features
S00107,4,2026-01-08,Direct,Mobile,/blog
S00107,5,2026-01-08,Direct,Mobile,/contact
S00108,1,2026-02-10,Organic Search,Mobile,/products
S00108,2,2026-02-10,Organic Search,Mobile,/pricing
S00108,3,2026-02-10,Organic Search,Mobile,/signup
S00108,4,2026-02-10,Organic Search,Mobile,/thank-you
S00108,5,2026-02-10,Organic Search,Mobile,/features
S00108,6,2026-02-10,Organic Search,Mobile,/blog
S00109,1,2026-01-20,Organic Search,Mobile,/pricing
S00109,2,2026-01-20,Organic Search,Mobile,/products
S00109,3,2026-01-20,Organic Search,Mobile,/pricing
S00110,1,2026-03-25,Email,Desktop,/features
S00111,1,2026-03-10,Direct,Mobile,/products
S00111,2,2026-03-10,Direct,Mobile,/features
S00111,3,2026-03-10,Direct,Mobile,/blog
S00111,4,2026-03-10,Direct,Mobile,/contact
S00111,5,2026-03-10,Direct,Mobile,/pricing
S00112,1,2026-03-10,Organic Search,Desktop,/products
S00112,2,2026-03-10,Organic Search,Desktop,/pricing
S00112,3,2026-03-10,Organic Search,Desktop,/signup
S00112,4,2026-03-10,Organic Search,Desktop,/thank-you
S00112,5,2026-03-10,Organic Search,Desktop,/features
S00112,6,2026-03-10,Organic Search,Desktop,/blog
S00113,1,2026-01-20,Organic Search,Desktop,/contact
S00114,1,2026-02-10,Paid Search,Desktop,/features
S00115,1,2026-01-07,Organic Search,Mobile,/
S00115,2,2026-01-07,Organic Search,Mobile,/features
S00115,3,2026-01-07,Organic Search,Mobile,/blog
S00115,4,2026-01-07,Organic Search,Mobile,/contact
S00115,5,2026-01-07,Organic Search,Mobile,/products
S00115,6,2026-01-07,Organic Search,Mobile,/pricing
S00116,1,2026-01-17,Email,Desktop,/pricing
S00116,2,2026-01-17,Email,Desktop,/products
S00116,3,2026-01-17,Email,Desktop,/pricing
S00116,4,2026-01-17,Email,Desktop,/features
S00117,1,2026-02-17,Social,Desktop,/
S00118,1,2026-03-05,Paid Search,Desktop,/contact
S00119,1,2026-03-22,Direct,Mobile,/pricing
S00119,2,2026-03-22,Direct,Mobile,/products
S00119,3,2026-03-22,Direct,Mobile,/features
S00120,1,2026-02-10,Paid Search,Mobile,/products
S00121,1,2026-03-03,Paid Search,Desktop,/products
S00121,2,2026-03-03,Paid Search,Desktop,/pricing
S00121,3,2026-03-03,Paid Search,Desktop,/signup
S00122,1,2026-01-21,Paid Search,Mobile,/pricing
S00123,1,2026-02-04,Organic Search,Mobile,/
S00123,2,2026-02-04,Organic Search,Mobile,/features
S00123,3,2026-02-04,Organic Search,Mobile,/blog
S00123,4,2026-02-04,Organic Search,Mobile,/contact
S00124,1,2026-02-24,Direct,Mobile,/features
S00124,2,2026-02-24,Direct,Mobile,/products
S00124,3,2026-02-24,Direct,Mobile,/blog
S00124,4,2026-02-24,Direct,Mobile,/contact
S00124,5,2026-02-24,Direct,Mobile,/pricing
S00125,1,2026-02-16,Organic Search,Mobile,/pricing
S00125,2,2026-02-16,Organic Search,Mobile,/products
S00125,3,2026-02-16,Organic Search,Mobile,/features
S00125,4,2026-02-16,Organic Search,Mobile,/blog
S00125,5,2026-02-16,Organic Search,Mobile,/contact
S00126,1,2026-02-04,Direct,Mobile,/pricing
S00126,2,2026-02-04,Direct,Mobile,/products
S00126,3,2026-02-04,Direct,Mobile,/pricing
S00126,4,2026-02-04,Direct,Mobile,/signup
S00126,5,2026-02-04,Direct,Mobile,/thank-you
S00127,1,2026-02-08,Direct,Mobile,/features
S00128,1,2026-03-11,Organic Search,Mobile,/products
S00128,2,2026-03-11,Organic Search,Mobile,/pricing
S00128,3,2026-03-11,Organic Search,Mobile,/signup
S00128,4,2026-03-11,Organic Search,Mobile,/thank-you
S00129,1,2026-02-09,Organic Search,Desktop,/
S00130,1,2026-01-26,Paid Search,Tablet,/products
S00131,1,2026-01-08,Organic Search,Mobile,/features
S00132,1,2026-02-12,Referral,Mobile,/
S00132,2,2026-02-12,Referral,Mobile,/features
S00132,3,2026-02-12,Referral,Mobile,/blog
S00132,4,2026-02-12,Referral,Mobile,/contact
S00133,1,2026-01-30,Paid Search,Mobile,/features
S00133,2,2026-01-30,Paid Search,Mobile,/products
S00133,3,2026-01-30,Paid Search,Mobile,/blog
S00134,1,2026-02-01,Direct,Mobile,/pricing
S00135,1,2026-02-01,Paid Search,Desktop,/pricing
S00135,2,2026-02-01,Paid Search,Desktop,/products
S00135,3,2026-02-01,Paid Search,Desktop,/pricing
S00135,4,2026-02-01,Paid Search,Desktop,/signup
S00135,5,2026-02-01,Paid Search,Desktop,/thank-you
S00136,1,2026-03-18,Organic Search,Mobile,/pricing
S00137,1,2026-03-21,Referral,Mobile,/
S00138,1,2026-02-08,Direct,Mobile,/products
S00139,1,2026-02-15,Social,Mobile,/blog
S00140,1,2026-01-22,Organic Search,Desktop,/products
S00140,2,2026-01-22,Organic Search,Desktop,/features
S00140,3,2026-01-22,Organic Search,Desktop,/blog
S00141,1,2026-01-07,Direct,Desktop,/pricing
S00142,1,2026-03-19,Direct,Mobile,/contact
S00143,1,2026-01-29,Referral,Mobile,/
S00143,2,2026-01-29,Referral,Mobile,/products
S00143,3,2026-01-29,Referral,Mobile,/pricing
S00144,1,2026-03-25,Paid Search,Desktop,/pricing
S00144,2,2026-03-25,Paid Search,Desktop,/products
S00144,3,2026-03-25,Paid Search,Desktop,/features
S00144,4,2026-03-25,Paid Search,Desktop,/blog
S00145,1,2026-01-25,Direct,Mobile,/products
S00146,1,2026-02-03,Organic Search,Desktop,/
S00146,2,2026-02-03,Organic Search,Desktop,/products
S00146,3,2026-02-03,Organic Search,Desktop,/pricing
S00146,4,2026-02-03,Organic Search,Desktop,/features
S00146,5,2026-02-03,Organic Search,Desktop,/blog
S00147,1,2026-02-09,Direct,Desktop,/contact
S00147,2,2026-02-09,Direct,Desktop,/products
S00147,3,2026-02-09,Direct,Desktop,/features
S00148,1,2026-03-21,Direct,Mobile,/contact
S00148,2,2026-03-21,Direct,Mobile,/features
S00149,1,2026-01-29,Direct,Desktop,/products
S00150,1,2026-02-14,Organic Search,Mobile,/contact
S00150,2,2026-02-14,Organic Search,Mobile,/products
S00150,3,2026-02-14,Organic Search,Mobile,/pricing
S00150,4,2026-02-14,Organic Search,Mobile,/features
S00151,1,2026-03-12,Social,Desktop,/
S00152,1,2026-03-07,Email,Mobile,/contact
S00152,2,2026-03-07,Email,Mobile,/features
S00152,3,2026-03-07,Email,Mobile,/blog
S00152,4,2026-03-07,Email,Mobile,/products
S00153,1,2026-01-29,Organic Search,Mobile,/features
S00153,2,2026-01-29,Organic Search,Mobile,/products
S00153,3,2026-01-29,Organic Search,Mobile,/pricing
S00153,4,2026-01-29,Organic Search,Mobile,/signup
S00153,5,2026-01-29,Organic Search,Mobile,/thank-you
S00154,1,2026-01-25,Direct,Mobile,/products
S00154,2,2026-01-25,Direct,Mobile,/pricing
S00154,3,2026-01-25,Direct,Mobile,/features
S00154,4,2026-01-25,Direct,Mobile,/blog
S00154,5,2026-01-25,Direct,Mobile,/contact
S00155,1,2026-01-28,Organic Search,Mobile,/blog
S00155,2,2026-01-28,Organic Search,Mobile,/products
S00155,3,2026-01-28,Organic Search,Mobile,/pricing
S00155,4,2026-01-28,Organic Search,Mobile,/features
S00156,1,2026-01-15,Paid Search,Mobile,/features
S00156,2,2026-01-15,Paid Search,Mobile,/products
S00156,3,2026-01-15,Paid Search,Mobile,/pricing
S00156,4,2026-01-15,Paid Search,Mobile,/signup
S00156,5,2026-01-15,Paid Search,Mobile,/thank-you
S00157,1,2026-02-11,Organic Search,Mobile,/products
S00158,1,2026-02-16,Paid Search,Desktop,/products
S00158,2,2026-02-16,Paid Search,Desktop,/features
S00158,3,2026-02-16,Paid Search,Desktop,/blog
S00159,1,2026-03-24,Social,Mobile,/blog
S00160,1,2026-02-06,Social,Mobile,/
S00160,2,2026-02-06,Social,Mobile,/features
S00160,3,2026-02-06,Social,Mobile,/blog
S00161,1,2026-01-25,Organic Search,Tablet,/
S00162,1,2026-01-01,Email,Desktop,/products
S00163,1,2026-03-31,Organic Search,Mobile,/blog
S00164,1,2026-01-05,Organic Search,Mobile,/products
S00164,2,2026-01-05,Organic Search,Mobile,/pricing
S00165,1,2026-01-01,Direct,Desktop,/pricing
S00165,2,2026-01-01,Direct,Desktop,/products
S00165,3,2026-01-01,Direct,Desktop,/features
S00165,4,2026-01-01,Direct,Desktop,/blog
S00166,1,2026-02-26,Direct,Desktop,/products
S00166,2,2026-02-26,Direct,Desktop,/features
S00166,3,2026-02-26,Direct,Desktop,/blog
S00167,1,2026-02-25,Social,Mobile,/products
S00168,1,2026-02-01,Social,Desktop,/blog
S00169,1,2026-02-16,Organic Search,Mobile,/
S00169,2,2026-02-16,Organic Search,Mobile,/features
S00169,3,2026-02-16,Organic Search,Mobile,/blog
S00169,4,2026-02-16,Organic Search,Mobile,/contact
S00170,1,2026-01-03,Referral,Mobile,/blog
S00171,1,2026-02-25,Organic Search,Desktop,/products
S00171,2,2026-02-25,Organic Search,Desktop,/features
S00171,3,2026-02-25,Organic Search,Desktop,/blog
S00171,4,2026-02-25,Organic Search,Desktop,/contact
S00172,1,2026-02-08,Direct,Desktop,/blog
S00172,2,2026-02-08,Direct,Desktop,/products
S00172,3,2026-02-08,Direct,Desktop,/features
S00172,4,2026-02-08,Direct,Desktop,/contact
S00172,5,2026-02-08,Direct,Desktop,/pricing
S00173,1,2026-03-25,Organic Search,Desktop,/products
S00173,2,2026-03-25,Organic Search,Desktop,/features
S00173,3,2026-03-25,Organic Search,Desktop,/blog
S00173,4,2026-03-25,Organic Search,Desktop,/contact
S00174,1,2026-01-12,Referral,Mobile,/features
S00175,1,2026-03-24,Organic Search,Mobile,/
S00175,2,2026-03-24,Organic Search,Mobile,/features
S00175,3,2026-03-24,Organic Search,Mobile,/blog
S00176,1,2026-01-14,Organic Search,Mobile,/features
S00176,2,2026-01-14,Organic Search,Mobile,/products
S00176,3,2026-01-14,Organic Search,Mobile,/blog
S00176,4,2026-01-14,Organic Search,Mobile,/contact
S00176,5,2026-01-14,Organic Search,Mobile,/pricing
S00177,1,2026-01-07,Direct,Mobile,/products
S00177,2,2026-01-07,Direct,Mobile,/features
S00177,3,2026-01-07,Direct,Mobile,/blog
S00177,4,2026-01-07,Direct,Mobile,/contact
S00177,5,2026-01-07,Direct,Mobile,/pricing
S00178,1,2026-03-10,Referral,Mobile,/
S00178,2,2026-03-10,Referral,Mobile,/features
S00178,3,2026-03-10,Referral,Mobile,/blog
S00179,1,2026-01-05,Email,Mobile,/pricing
S00179,2,2026-01-05,Email,Mobile,/products
S00180,1,2026-01-07,Social,Mobile,/products
S00180,2,2026-01-07,Social,Mobile,/features
S00180,3,2026-01-07,Social,Mobile,/blog
S00180,4,2026-01-07,Social,Mobile,/contact
S00181,1,2026-02-24,Email,Desktop,/pricing
S00182,1,2026-02-11,Email,Mobile,/features
S00182,2,2026-02-11,Email,Mobile,/products
S00182,3,2026-02-11,Email,Mobile,/pricing
S00182,4,2026-02-11,Email,Mobile,/blog
S00183,1,2026-02-03,Direct,Mobile,/features
S00183,2,2026-02-03,Direct,Mobile,/products
S00183,3,2026-02-03,Direct,Mobile,/blog
S00183,4,2026-02-03,Direct,Mobile,/contact
S00184,1,2026-01-30,Organic Search,Desktop,/blog
S00184,2,2026-01-30,Organic Search,Desktop,/products
S00184,3,2026-01-30,Organic Search,Desktop,/pricing
S00185,1,2026-03-14,Social,Mobile,/contact
S00186,1,2026-03-30,Paid Search,Desktop,/pricing
S00186,2,2026-03-30,Paid Search,Desktop,/products
S00186,3,2026-03-30,Paid Search,Desktop,/features
S00186,4,2026-03-30,Paid Search,Desktop,/blog
S00187,1,2026-03-12,Direct,Mobile,/
S00188,1,2026-01-02,Organic Search,Mobile,/features
S00189,1,2026-02-19,Social,Desktop,/products
S00189,2,2026-02-19,Social,Desktop,/pricing
S00189,3,2026-02-19,Social,Desktop,/features
S00190,1,2026-02-10,Organic Search,Mobile,/
S00191,1,2026-01-31,Referral,Desktop,/
S00192,1,2026-03-04,Organic Search,Desktop,/products
S00192,2,2026-03-04,Organic Search,Desktop,/features
S00192,3,2026-03-04,Organic Search,Desktop,/blog
S00192,4,2026-03-04,Organic Search,Desktop,/contact
S00193,1,2026-02-14,Organic Search,Mobile,/products
S00193,2,2026-02-14,Organic Search,Mobile,/features
S00193,3,2026-02-14,Organic Search,Mobile,/blog
S00194,1,2026-03-26,Social,Desktop,/products
S00194,2,2026-03-26,Social,Desktop,/pricing
S00194,3,2026-03-26,Social,Desktop,/features
S00194,4,2026-03-26,Social,Desktop,/blog
S00194,5,2026-03-26,Social,Desktop,/contact
S00195,1,2026-02-21,Organic Search,Desktop,/blog
S00195,2,2026-02-21,Organic Search,Desktop,/features
S00195,3,2026-02-21,Organic Search,Desktop,/contact
S00195,4,2026-02-21,Organic Search,Desktop,/products
S00195,5,2026-02-21,Organic Search,Desktop,/pricing
S00196,1,2026-01-29,Organic Search,Tablet,/blog
S00196,2,2026-01-29,Organic Search,Tablet,/features
S00196,3,2026-01-29,Organic Search,Tablet,/contact
S00197,1,2026-03-26,Paid Search,Mobile,/contact
S00198,1,2026-02-27,Email,Mobile,/
S00199,1,2026-03-07,Organic Search,Desktop,/
S00199,2,2026-03-07,Organic Search,Desktop,/products
S00200,1,2026-01-23,Organic Search,Mobile,/pricing
S00200,2,2026-01-23,Organic Search,Mobile,/products
S00200,3,2026-01-23,Organic Search,Mobile,/features
S00200,4,2026-01-23,Organic Search,Mobile,/blog
S00201,1,2026-01-21,Social,Mobile,/
S00202,1,2026-02-26,Referral,Mobile,/products
S00203,1,2026-01-26,Direct,Mobile,/blog
S00203,2,2026-01-26,Direct,Mobile,/products
S00203,3,2026-01-26,Direct,Mobile,/pricing
S00204,1,2026-01-08,Organic Search,Mobile,/features
S00204,2,2026-01-08,Organic Search,Mobile,/products
S00204,3,2026-01-08,Organic Search,Mobile,/blog
S00204,4,2026-01-08,Organic Search,Mobile,/contact
S00204,5,2026-01-08,Organic Search,Mobile,/pricing
S00205,1,2026-02-07,Organic Search,Mobile,/products
S00205,2,2026-02-07,Organic Search,Mobile,/features
S00205,3,2026-02-07,Organic Search,Mobile,/blog
S00205,4,2026-02-07,Organic Search,Mobile,/contact
S00205,5,2026-02-07,Organic Search,Mobile,/pricing
S00206,1,2026-01-26,Organic Search,Mobile,/blog
S00206,2,2026-01-26,Organic Search,Mobile,/products
S00206,3,2026-01-26,Organic Search,Mobile,/features
S00206,4,2026-01-26,Organic Search,Mobile,/contact
S00206,5,2026-01-26,Organic Search,Mobile,/pricing
S00207,1,2026-03-25,Organic Search,Mobile,/blog
S00207,2,2026-03-25,Organic Search,Mobile,/features
S00207,3,2026-03-25,Organic Search,Mobile,/contact
S00208,1,2026-02-09,Paid Search,Desktop,/features
S00208,2,2026-02-09,Paid Search,Desktop,/products
S00208,3,2026-02-09,Paid Search,Desktop,/blog
S00209,1,2026-02-03,Organic Search,Mobile,/products
S00210,1,2026-01-06,Direct,Mobile,/blog
S00210,2,2026-01-06,Direct,Mobile,/products
S00210,3,2026-01-06,Direct,Mobile,/features
S00210,4,2026-01-06,Direct,Mobile,/contact
S00210,5,2026-01-06,Direct,Mobile,/pricing
S00211,1,2026-02-27,Paid Search,Mobile,/blog
S00211,2,2026-02-27,Paid Search,Mobile,/features
S00211,3,2026-02-27,Paid Search,Mobile,/contact
S00211,4,2026-02-27,Paid Search,Mobile,/products
S00212,1,2026-01-18,Paid Search,Mobile,/products
S00212,2,2026-01-18,Paid Search,Mobile,/features
S00212,3,2026-01-18,Paid Search,Mobile,/blog
S00212,4,2026-01-18,Paid Search,Mobile,/contact
S00213,1,2026-03-05,Organic Search,Tablet,/blog
S00214,1,2026-01-10,Social,Desktop,/blog
S00214,2,2026-01-10,Social,Desktop,/features
S00215,1,2026-03-05,Paid Search,Mobile,/products
S00215,2,2026-03-05,Paid Search,Mobile,/pricing
S00215,3,2026-03-05,Paid Search,Mobile,/features
S00215,4,2026-03-05,Paid Search,Mobile,/blog
S00215,5,2026-03-05,Paid Search,Mobile,/contact
S00216,1,2026-03-27,Social,Mobile,/pricing
S00217,1,2026-03-26,Organic Search,Mobile,/pricing
S00217,2,2026-03-26,Organic Search,Mobile,/products
S00218,1,2026-02-16,Organic Search,Mobile,/features
S00218,2,2026-02-16,Organic Search,Mobile,/products
S00219,1,2026-01-28,Referral,Mobile,/
S00219,2,2026-01-28,Referral,Mobile,/features
S00219,3,2026-01-28,Referral,Mobile,/blog
S00220,1,2026-02-22,Direct,Mobile,/pricing
S00220,2,2026-02-22,Direct,Mobile,/products
S00220,3,2026-02-22,Direct,Mobile,/pricing
S00220,4,2026-02-22,Direct,Mobile,/signup
S00221,1,2026-03-11,Organic Search,Mobile,/products
S00222,1,2026-03-15,Direct,Mobile,/blog
S00222,2,2026-03-15,Direct,Mobile,/features
S00222,3,2026-03-15,Direct,Mobile,/contact
S00223,1,2026-01-07,Paid Search,Mobile,/blog
S00224,1,2026-01-31,Referral,Mobile,/pricing
S00224,2,2026-01-31,Referral,Mobile,/products
S00224,3,2026-01-31,Referral,Mobile,/features
S00224,4,2026-01-31,Referral,Mobile,/blog
S00224,5,2026-01-31,Referral,Mobile,/contact
S00225,1,2026-02-15,Organic Search,Mobile,/pricing
S00225,2,2026-02-15,Organic Search,Mobile,/products
S00225,3,2026-02-15,Organic Search,Mobile,/pricing
S00225,4,2026-02-15,Organic Search,Mobile,/features
S00225,5,2026-02-15,Organic Search,Mobile,/blog
S00226,1,2026-01-10,Referral,Mobile,/products
S00226,2,2026-01-10,Referral,Mobile,/features
S00226,3,2026-01-10,Referral,Mobile,/blog
S00227,1,2026-02-23,Organic Search,Mobile,/products
S00227,2,2026-02-23,Organic Search,Mobile,/features
S00227,3,2026-02-23,Organic Search,Mobile,/blog
S00228,1,2026-01-16,Direct,Mobile,/blog
S00228,2,2026-01-16,Direct,Mobile,/features
S00228,3,2026-01-16,Direct,Mobile,/contact
S00228,4,2026-01-16,Direct,Mobile,/products
S00229,1,2026-01-13,Paid Search,Mobile,/
S00230,1,2026-03-03,Organic Search,Mobile,/features
S00231,1,2026-03-01,Organic Search,Desktop,/blog
S00232,1,2026-03-27,Direct,Desktop,/features
S00232,2,2026-03-27,Direct,Desktop,/products
S00233,1,2026-03-29,Referral,Mobile,/products
S00233,2,2026-03-29,Referral,Mobile,/pricing
S00234,1,2026-02-10,Paid Search,Mobile,/pricing
S00234,2,2026-02-10,Paid Search,Mobile,/products
S00234,3,2026-02-10,Paid Search,Mobile,/pricing
S00235,1,2026-03-04,Referral,Desktop,/
S00236,1,2026-01-28,Social,Desktop,/features
S00236,2,2026-01-28,Social,Desktop,/products
S00236,3,2026-01-28,Social,Desktop,/blog
S00236,4,2026-01-28,Social,Desktop,/contact
S00237,1,2026-02-16,Direct,Mobile,/blog
S00238,1,2026-03-21,Social,Mobile,/blog
S00238,2,2026-03-21,Social,Mobile,/products
S00238,3,2026-03-21,Social,Mobile,/features
S00239,1,2026-01-27,Organic Search,Mobile,/blog
S00239,2,2026-01-27,Organic Search,Mobile,/features
S00239,3,2026-01-27,Organic Search,Mobile,/contact
S00239,4,2026-01-27,Organic Search,Mobile,/products
S00239,5,2026-01-27,Organic Search,Mobile,/pricing
S00240,1,2026-02-05,Organic Search,Mobile,/products
S00240,2,2026-02-05,Organic Search,Mobile,/features
S00240,3,2026-02-05,Organic Search,Mobile,/blog
S00240,4,2026-02-05,Organic Search,Mobile,/contact
S00240,5,2026-02-05,Organic Search,Mobile,/pricing
S00241,1,2026-01-13,Social,Mobile,/blog
S00241,2,2026-01-13,Social,Mobile,/products
S00241,3,2026-01-13,Social,Mobile,/features
S00241,4,2026-01-13,Social,Mobile,/contact
S00242,1,2026-01-12,Social,Mobile,/features
S00243,1,2026-03-13,Organic Search,Mobile,/
S00244,1,2026-01-24,Direct,Mobile,/contact
S00244,2,2026-01-24,Direct,Mobile,/features
S00244,3,2026-01-24,Direct,Mobile,/blog
S00244,4,2026-01-24,Direct,Mobile,/products
S00245,1,2026-02-23,Paid Search,Mobile,/features
S00245,2,2026-02-23,Paid Search,Mobile,/products
S00245,3,2026-02-23,Paid Search,Mobile,/blog
S00245,4,2026-02-23,Paid Search,Mobile,/contact
S00245,5,2026-02-23,Paid Search,Mobile,/pricing
S00246,1,2026-03-12,Email,Desktop,/contact
S00247,1,2026-02-03,Paid Search,Mobile,/features
S00248,1,2026-03-19,Direct,Mobile,/products
S00248,2,2026-03-19,Direct,Mobile,/features
S00248,3,2026-03-19,Direct,Mobile,/blog
S00248,4,2026-03-19,Direct,Mobile,/contact
S00249,1,2026-03-22,Direct,Mobile,/pricing
S00250,1,2026-03-13,Direct,Desktop,/
S00250,2,2026-03-13,Direct,Desktop,/features
S00250,3,2026-03-13,Direct,Desktop,/blog
S00250,4,2026-03-13,Direct,Desktop,/contact
S00250,5,2026-03-13,Direct,Desktop,/products
S00251,1,2026-02-21,Paid Search,Mobile,/blog
S00252,1,2026-03-30,Email,Mobile,/
S00252,2,2026-03-30,Email,Mobile,/products
S00252,3,2026-03-30,Email,Mobile,/features
S00253,1,2026-03-08,Direct,Mobile,/features
S00254,1,2026-01-13,Organic Search,Desktop,/products
S00255,1,2026-03-01,Organic Search,Desktop,/
S00256,1,2026-02-14,Social,Desktop,/
S00257,1,2026-01-18,Social,Desktop,/blog
S00257,2,2026-01-18,Social,Desktop,/products
S00257,3,2026-01-18,Social,Desktop,/pricing
S00257,4,2026-01-18,Social,Desktop,/features
S00258,1,2026-03-01,Organic Search,Mobile,/products
S00258,2,2026-03-01,Organic Search,Mobile,/features
S00258,3,2026-03-01,Organic Search,Mobile,/blog
S00258,4,2026-03-01,Organic Search,Mobile,/contact
S00259,1,2026-03-31,Organic Search,Mobile,/products
S00260,1,2026-03-29,Paid Search,Mobile,/
S00260,2,2026-03-29,Paid Search,Mobile,/features
S00260,3,2026-03-29,Paid Search,Mobile,/blog
S00261,1,2026-03-02,Organic Search,Desktop,/products
S00261,2,2026-03-02,Organic Search,Desktop,/pricing
S00261,3,2026-03-02,Organic Search,Desktop,/signup
S00262,1,2026-03-27,Social,Desktop,/contact
S00263,1,2026-02-06,Organic Search,Mobile,/pricing
S00264,1,2026-02-02,Organic Search,Desktop,/products
S00264,2,2026-02-02,Organic Search,Desktop,/features
S00265,1,2026-02-26,Referral,Mobile,/
S00265,2,2026-02-26,Referral,Mobile,/products
S00265,3,2026-02-26,Referral,Mobile,/pricing
S00266,1,2026-03-21,Organic Search,Mobile,/
S00266,2,2026-03-21,Organic Search,Mobile,/products
S00266,3,2026-03-21,Organic Search,Mobile,/pricing
S00266,4,2026-03-21,Organic Search,Mobile,/signup
S00267,1,2026-01-16,Organic Search,Mobile,/products
S00268,1,2026-02-16,Organic Search,Desktop,/
S00268,2,2026-02-16,Organic Search,Desktop,/products
S00268,3,2026-02-16,Organic Search,Desktop,/pricing
S00268,4,2026-02-16,Organic Search,Desktop,/signup
S00268,5,2026-02-16,Organic Search,Desktop,/thank-you
S00269,1,2026-03-20,Organic Search,Desktop,/
S00270,1,2026-01-09,Organic Search,Mobile,/
S00271,1,2026-01-13,Organic Search,Tablet,/products
S00271,2,2026-01-13,Organic Search,Tablet,/pricing
S00271,3,2026-01-13,Organic Search,Tablet,/signup
S00271,4,2026-01-13,Organic Search,Tablet,/thank-you
S00272,1,2026-01-06,Organic Search,Desktop,/blog
S00272,2,2026-01-06,Organic Search,Desktop,/features
S00272,3,2026-01-06,Organic Search,Desktop,/contact
S00272,4,2026-01-06,Organic Search,Desktop,/products
S00272,5,2026-01-06,Organic Search,Desktop,/pricing
S00273,1,2026-03-10,Organic Search,Desktop,/
S00274,1,2026-03-31,Paid Search,Desktop,/blog
S00275,1,2026-02-16,Paid Search,Mobile,/blog
S00275,2,2026-02-16,Paid Search,Mobile,/features
S00275,3,2026-02-16,Paid Search,Mobile,/contact
S00275,4,2026-02-16,Paid Search,Mobile,/products
S00275,5,2026-02-16,Paid Search,Mobile,/pricing
S00276,1,2026-03-26,Direct,Desktop,/features
S00277,1,2026-03-27,Organic Search,Mobile,/products
S00278,1,2026-02-26,Direct,Desktop,/features
S00279,1,2026-03-15,Email,Mobile,/features
S00280,1,2026-03-04,Email,Desktop,/contact
S00280,2,2026-03-04,Email,Desktop,/features
S00280,3,2026-03-04,Email,Desktop,/blog
S00280,4,2026-03-04,Email,Desktop,/products
S00280,5,2026-03-04,Email,Desktop,/pricing
S00281,1,2026-01-28,Organic Search,Tablet,/features
S00282,1,2026-02-22,Organic Search,Mobile,/
S00282,2,2026-02-22,Organic Search,Mobile,/features
S00282,3,2026-02-22,Organic Search,Mobile,/blog
S00283,1,2026-01-03,Organic Search,Tablet,/contact
S00283,2,2026-01-03,Organic Search,Tablet,/features
S00284,1,2026-03-13,Organic Search,Mobile,/features
S00285,1,2026-01-01,Paid Search,Mobile,/products
S00285,2,2026-01-01,Paid Search,Mobile,/features
S00285,3,2026-01-01,Paid Search,Mobile,/blog
S00285,4,2026-01-01,Paid Search,Mobile,/contact
S00285,5,2026-01-01,Paid Search,Mobile,/pricing
S00286,1,2026-01-26,Direct,Mobile,/
S00287,1,2026-01-14,Organic Search,Desktop,/contact
S00287,2,2026-01-14,Organic Search,Desktop,/features
S00288,1,2026-01-23,Direct,Mobile,/
S00288,2,2026-01-23,Direct,Mobile,/features
S00288,3,2026-01-23,Direct,Mobile,/blog
S00288,4,2026-01-23,Direct,Mobile,/contact
S00289,1,2026-01-09,Direct,Mobile,/features
S00289,2,2026-01-09,Direct,Mobile,/products
S00289,3,2026-01-09,Direct,Mobile,/pricing
S00289,4,2026-01-09,Direct,Mobile,/signup
S00289,5,2026-01-09,Direct,Mobile,/thank-you
S00290,1,2026-02-15,Organic Search,Desktop,/products
S00290,2,2026-02-15,Organic Search,Desktop,/pricing
S00290,3,2026-02-15,Organic Search,Desktop,/signup
S00290,4,2026-02-15,Organic Search,Desktop,/features
S00291,1,2026-01-10,Social,Mobile,/blog
S00291,2,2026-01-10,Social,Mobile,/products
S00291,3,2026-01-10,Social,Mobile,/pricing
S00291,4,2026-01-10,Social,Mobile,/features
S00291,5,2026-01-10,Social,Mobile,/contact
S00292,1,2026-01-19,Organic Search,Mobile,/
S00292,2,2026-01-19,Organic Search,Mobile,/products
S00292,3,2026-01-19,Organic Search,Mobile,/features
S00293,1,2026-02-06,Referral,Desktop,/blog
S00294,1,2026-02-16,Organic Search,Desktop,/pricing
S00295,1,2026-03-20,Email,Desktop,/features
S00296,1,2026-03-27,Email,Desktop,/products
S00296,2,2026-03-27,Email,Desktop,/features
S00296,3,2026-03-27,Email,Desktop,/blog
S00296,4,2026-03-27,Email,Desktop,/contact
S00296,5,2026-03-27,Email,Desktop,/pricing
S00297,1,2026-02-25,Referral,Tablet,/
S00298,1,2026-01-28,Social,Mobile,/products
S00298,2,2026-01-28,Social,Mobile,/pricing
S00298,3,2026-01-28,Social,Mobile,/signup
S00299,1,2026-01-07,Social,Mobile,/
S00299,2,2026-01-07,Social,Mobile,/products
S00299,3,2026-01-07,Social,Mobile,/features
S00300,1,2026-02-24,Paid Search,Mobile,/contact
S00301,1,2026-03-12,Social,Mobile,/
S00301,2,2026-03-12,Social,Mobile,/products
S00301,3,2026-03-12,Social,Mobile,/pricing
S00302,1,2026-03-22,Organic Search,Desktop,/products
S00302,2,2026-03-22,Organic Search,Desktop,/pricing
S00302,3,2026-03-22,Organic Search,Desktop,/features
S00302,4,2026-03-22,Organic Search,Desktop,/blog
S00302,5,2026-03-22,Organic Search,Desktop,/contact
S00303,1,2026-02-13,Direct,Desktop,/features
S00303,2,2026-02-13,Direct,Desktop,/products
S00303,3,2026-02-13,Direct,Desktop,/blog
S00303,4,2026-02-13,Direct,Desktop,/contact
S00303,5,2026-02-13,Direct,Desktop,/pricing
S00304,1,2026-02-21,Direct,Mobile,/products
S00304,2,2026-02-21,Direct,Mobile,/features
S00304,3,2026-02-21,Direct,Mobile,/blog
S00304,4,2026-02-21,Direct,Mobile,/contact
S00305,1,2026-03-06,Email,Mobile,/products
S00305,2,2026-03-06,Email,Mobile,/features
S00305,3,2026-03-06,Email,Mobile,/blog
S00305,4,2026-03-06,Email,Mobile,/contact
S00306,1,2026-01-10,Direct,Desktop,/blog
S00306,2,2026-01-10,Direct,Desktop,/products
S00306,3,2026-01-10,Direct,Desktop,/features
S00306,4,2026-01-10,Direct,Desktop,/contact
S00306,5,2026-01-10,Direct,Desktop,/pricing
S00307,1,2026-02-11,Direct,Tablet,/products
S00308,1,2026-02-25,Paid Search,Mobile,/features
S00309,1,2026-02-27,Organic Search,Mobile,/blog
S00309,2,2026-02-27,Organic Search,Mobile,/products
S00309,3,2026-02-27,Organic Search,Mobile,/features
S00309,4,2026-02-27,Organic Search,Mobile,/contact
S00309,5,2026-02-27,Organic Search,Mobile,/pricing
S00310,1,2026-02-24,Organic Search,Mobile,/products
S00311,1,2026-01-29,Direct,Mobile,/blog
S00312,1,2026-01-29,Direct,Mobile,/features
S00313,1,2026-03-27,Organic Search,Mobile,/products
S00313,2,2026-03-27,Organic Search,Mobile,/pricing
S00313,3,2026-03-27,Organic Search,Mobile,/signup
S00314,1,2026-02-25,Direct,Desktop,/blog
S00314,2,2026-02-25,Direct,Desktop,/features
S00315,1,2026-01-01,Direct,Mobile,/products
S00315,2,2026-01-01,Direct,Mobile,/pricing
S00315,3,2026-01-01,Direct,Mobile,/signup
S00315,4,2026-01-01,Direct,Mobile,/thank-you
S00315,5,2026-01-01,Direct,Mobile,/features
S00315,6,2026-01-01,Direct,Mobile,/blog
S00316,1,2026-03-11,Direct,Mobile,/pricing
S00316,2,2026-03-11,Direct,Mobile,/products
S00316,3,2026-03-11,Direct,Mobile,/features
S00317,1,2026-02-20,Direct,Mobile,/blog
S00317,2,2026-02-20,Direct,Mobile,/features
S00317,3,2026-02-20,Direct,Mobile,/contact
S00317,4,2026-02-20,Direct,Mobile,/products
S00318,1,2026-03-14,Paid Search,Desktop,/
S00318,2,2026-03-14,Paid Search,Desktop,/products
S00318,3,2026-03-14,Paid Search,Desktop,/features
S00318,4,2026-03-14,Paid Search,Desktop,/blog
S00318,5,2026-03-14,Paid Search,Desktop,/contact
S00318,6,2026-03-14,Paid Search,Desktop,/pricing
S00319,1,2026-01-26,Organic Search,Mobile,/pricing
S00319,2,2026-01-26,Organic Search,Mobile,/products
S00319,3,2026-01-26,Organic Search,Mobile,/pricing
S00319,4,2026-01-26,Organic Search,Mobile,/signup
S00319,5,2026-01-26,Organic Search,Mobile,/thank-you
S00320,1,2026-03-12,Referral,Mobile,/
S00321,1,2026-01-21,Email,Mobile,/blog
S00322,1,2026-02-15,Direct,Desktop,/blog
S00322,2,2026-02-15,Direct,Desktop,/features
S00322,3,2026-02-15,Direct,Desktop,/contact
S00323,1,2026-03-20,Direct,Desktop,/products
S00323,2,2026-03-20,Direct,Desktop,/pricing
S00323,3,2026-03-20,Direct,Desktop,/signup
S00323,4,2026-03-20,Direct,Desktop,/thank-you
S00324,1,2026-03-10,Direct,Mobile,/
S00324,2,2026-03-10,Direct,Mobile,/products
S00324,3,2026-03-10,Direct,Mobile,/pricing
S00324,4,2026-03-10,Direct,Mobile,/signup
S00325,1,2026-03-07,Email,Mobile,/contact
S00325,2,2026-03-07,Email,Mobile,/products
S00325,3,2026-03-07,Email,Mobile,/pricing
S00326,1,2026-01-06,Paid Search,Mobile,/products
S00326,2,2026-01-06,Paid Search,Mobile,/pricing
S00326,3,2026-01-06,Paid Search,Mobile,/signup
S00326,4,2026-01-06,Paid Search,Mobile,/thank-you
S00327,1,2026-02-02,Social,Desktop,/products
S00328,1,2026-03-07,Direct,Desktop,/
S00328,2,2026-03-07,Direct,Desktop,/products
S00328,3,2026-03-07,Direct,Desktop,/pricing
S00329,1,2026-03-14,Paid Search,Mobile,/pricing
S00329,2,2026-03-14,Paid Search,Mobile,/products
S00329,3,2026-03-14,Paid Search,Mobile,/features
S00329,4,2026-03-14,Paid Search,Mobile,/blog
S00329,5,2026-03-14,Paid Search,Mobile,/contact
S00330,1,2026-01-23,Organic Search,Mobile,/products
S00330,2,2026-01-23,Organic Search,Mobile,/pricing
S00330,3,2026-01-23,Organic Search,Mobile,/features
S00330,4,2026-01-23,Organic Search,Mobile,/blog
S00330,5,2026-01-23,Organic Search,Mobile,/contact
S00331,1,2026-03-23,Social,Desktop,/features
S00332,1,2026-01-08,Organic Search,Desktop,/blog
S00333,1,2026-02-14,Paid Search,Mobile,/
S00334,1,2026-02-12,Email,Mobile,/pricing
S00335,1,2026-01-18,Organic Search,Mobile,/products
S00336,1,2026-01-17,Paid Search,Desktop,/
S00336,2,2026-01-17,Paid Search,Desktop,/features
S00336,3,2026-01-17,Paid Search,Desktop,/blog
S00336,4,2026-01-17,Paid Search,Desktop,/contact
S00336,5,2026-01-17,Paid Search,Desktop,/products
S00336,6,2026-01-17,Paid Search,Desktop,/pricing
S00337,1,2026-02-10,Organic Search,Desktop,/blog
S00337,2,2026-02-10,Organic Search,Desktop,/products
S00337,3,2026-02-10,Organic Search,Desktop,/pricing
S00338,1,2026-03-30,Social,Desktop,/products
S00339,1,2026-02-28,Organic Search,Desktop,/features
S00339,2,2026-02-28,Organic Search,Desktop,/products
S00339,3,2026-02-28,Organic Search,Desktop,/blog
S00339,4,2026-02-28,Organic Search,Desktop,/contact
S00339,5,2026-02-28,Organic Search,Desktop,/pricing
S00340,1,2026-01-17,Referral,Mobile,/pricing
S00341,1,2026-02-27,Organic Search,Mobile,/products
S00341,2,2026-02-27,Organic Search,Mobile,/features
S00341,3,2026-02-27,Organic Search,Mobile,/blog
S00342,1,2026-03-26,Referral,Mobile,/contact
S00342,2,2026-03-26,Referral,Mobile,/features
S00342,3,2026-03-26,Referral,Mobile,/blog
S00342,4,2026-03-26,Referral,Mobile,/products
S00342,5,2026-03-26,Referral,Mobile,/pricing
S00343,1,2026-01-30,Social,Desktop,/pricing
S00343,2,2026-01-30,Social,Desktop,/products
S00343,3,2026-01-30,Social,Desktop,/pricing
S00343,4,2026-01-30,Social,Desktop,/features
S00343,5,2026-01-30,Social,Desktop,/blog
S00343,6,2026-01-30,Social,Desktop,/contact
S00344,1,2026-03-17,Paid Search,Desktop,/
S00345,1,2026-02-21,Social,Mobile,/pricing
S00345,2,2026-02-21,Social,Mobile,/products
S00345,3,2026-02-21,Social,Mobile,/features
S00345,4,2026-02-21,Social,Mobile,/blog
S00345,5,2026-02-21,Social,Mobile,/contact
S00346,1,2026-03-18,Social,Mobile,/contact
S00346,2,2026-03-18,Social,Mobile,/features
S00346,3,2026-03-18,Social,Mobile,/blog
S00346,4,2026-03-18,Social,Mobile,/products
S00347,1,2026-02-13,Referral,Desktop,/products
S00347,2,2026-02-13,Referral,Desktop,/features
S00347,3,2026-02-13,Referral,Desktop,/blog
S00347,4,2026-02-13,Referral,Desktop,/contact
S00347,5,2026-02-13,Referral,Desktop,/pricing
S00348,1,2026-02-09,Organic Search,Desktop,/products
S00348,2,2026-02-09,Organic Search,Desktop,/features
S00348,3,2026-02-09,Organic Search,Desktop,/blog
S00348,4,2026-02-09,Organic Search,Desktop,/contact
S00349,1,2026-01-07,Paid Search,Desktop,/pricing
S00350,1,2026-01-24,Organic Search,Mobile,/products
S00351,1,2026-01-16,Paid Search,Desktop,/
S00351,2,2026-01-16,Paid Search,Desktop,/products
S00351,3,2026-01-16,Paid Search,Desktop,/features
S00351,4,2026-01-16,Paid Search,Desktop,/blog
S00351,5,2026-01-16,Paid Search,Desktop,/contact
S00352,1,2026-02-13,Organic Search,Desktop,/pricing
S00352,2,2026-02-13,Organic Search,Desktop,/products
S00352,3,2026-02-13,Organic Search,Desktop,/features
S00353,1,2026-02-18,Paid Search,Desktop,/features
S00354,1,2026-03-27,Paid Search,Desktop,/blog
S00355,1,2026-01-21,Direct,Desktop,/
S00356,1,2026-01-28,Direct,Desktop,/products
S00357,1,2026-02-14,Social,Desktop,/
S00358,1,2026-01-13,Social,Mobile,/products
S00358,2,2026-01-13,Social,Mobile,/features
S00358,3,2026-01-13,Social,Mobile,/blog
S00358,4,2026-01-13,Social,Mobile,/contact
S00358,5,2026-01-13,Social,Mobile,/pricing
S00359,1,2026-02-10,Direct,Mobile,/blog
S00360,1,2026-03-10,Paid Search,Desktop,/products
S00360,2,2026-03-10,Paid Search,Desktop,/features
S00360,3,2026-03-10,Paid Search,Desktop,/blog
S00360,4,2026-03-10,Paid Search,Desktop,/contact
S00360,5,2026-03-10,Paid Search,Desktop,/pricing
S00361,1,2026-01-31,Referral,Desktop,/features
S00362,1,2026-02-12,Organic Search,Mobile,/pricing
S00363,1,2026-03-26,Organic Search,Mobile,/blog
S00363,2,2026-03-26,Organic Search,Mobile,/products
S00364,1,2026-01-22,Organic Search,Desktop,/features
S00365,1,2026-03-24,Paid Search,Desktop,/blog
S00366,1,2026-01-05,Direct,Tablet,/features
S00366,2,2026-01-05,Direct,Tablet,/products
S00366,3,2026-01-05,Direct,Tablet,/blog
S00367,1,2026-02-24,Social,Mobile,/features
S00368,1,2026-03-14,Paid Search,Desktop,/pricing
S00369,1,2026-01-11,Direct,Desktop,/products
S00369,2,2026-01-11,Direct,Desktop,/pricing
S00369,3,2026-01-11,Direct,Desktop,/features
S00370,1,2026-01-24,Email,Mobile,/products
S00370,2,2026-01-24,Email,Mobile,/pricing
S00370,3,2026-01-24,Email,Mobile,/signup
S00370,4,2026-01-24,Email,Mobile,/thank-you
S00371,1,2026-02-21,Social,Mobile,/features
S00371,2,2026-02-21,Social,Mobile,/products
S00371,3,2026-02-21,Social,Mobile,/blog
S00372,1,2026-01-02,Organic Search,Tablet,/
S00373,1,2026-02-06,Direct,Mobile,/contact
S00374,1,2026-03-30,Organic Search,Desktop,/products
S00374,2,2026-03-30,Organic Search,Desktop,/features
S00374,3,2026-03-30,Organic Search,Desktop,/blog
S00375,1,2026-02-10,Organic Search,Desktop,/blog
S00375,2,2026-02-10,Organic Search,Desktop,/features
S00375,3,2026-02-10,Organic Search,Desktop,/contact
S00375,4,2026-02-10,Organic Search,Desktop,/products
S00375,5,2026-02-10,Organic Search,Desktop,/pricing
S00376,1,2026-03-18,Organic Search,Desktop,/products
S00377,1,2026-01-05,Referral,Mobile,/contact
S00377,2,2026-01-05,Referral,Mobile,/features
S00377,3,2026-01-05,Referral,Mobile,/blog
S00377,4,2026-01-05,Referral,Mobile,/products
S00378,1,2026-02-25,Direct,Desktop,/
S00378,2,2026-02-25,Direct,Desktop,/features
S00379,1,2026-03-29,Direct,Mobile,/products
S00379,2,2026-03-29,Direct,Mobile,/pricing
S00379,3,2026-03-29,Direct,Mobile,/features
S00379,4,2026-03-29,Direct,Mobile,/blog
S00379,5,2026-03-29,Direct,Mobile,/contact
S00380,1,2026-02-23,Social,Desktop,/features
S00381,1,2026-02-01,Direct,Mobile,/products
S00381,2,2026-02-01,Direct,Mobile,/pricing
S00382,1,2026-01-19,Referral,Desktop,/products
S00382,2,2026-01-19,Referral,Desktop,/pricing
S00382,3,2026-01-19,Referral,Desktop,/features
S00383,1,2026-01-11,Social,Desktop,/features
S00384,1,2026-02-08,Direct,Mobile,/features
S00384,2,2026-02-08,Direct,Mobile,/products
S00384,3,2026-02-08,Direct,Mobile,/pricing
S00385,1,2026-03-01,Direct,Mobile,/
S00385,2,2026-03-01,Direct,Mobile,/products
S00385,3,2026-03-01,Direct,Mobile,/features
S00385,4,2026-03-01,Direct,Mobile,/blog
S00385,5,2026-03-01,Direct,Mobile,/contact
S00386,1,2026-02-26,Referral,Desktop,/pricing
S00386,2,2026-02-26,Referral,Desktop,/products
S00386,3,2026-02-26,Referral,Desktop,/pricing
S00386,4,2026-02-26,Referral,Desktop,/signup
S00386,5,2026-02-26,Referral,Desktop,/thank-you
S00387,1,2026-03-26,Paid Search,Mobile,/products
S00387,2,2026-03-26,Paid Search,Mobile,/pricing
S00388,1,2026-01-28,Referral,Mobile,/products
S00389,1,2026-02-15,Organic Search,Mobile,/blog
S00390,1,2026-03-03,Email,Desktop,/
S00390,2,2026-03-03,Email,Desktop,/products
S00390,3,2026-03-03,Email,Desktop,/pricing
S00390,4,2026-03-03,Email,Desktop,/signup
S00391,1,2026-03-01,Paid Search,Mobile,/pricing
S00391,2,2026-03-01,Paid Search,Mobile,/products
S00391,3,2026-03-01,Paid Search,Mobile,/pricing
S00392,1,2026-02-27,Organic Search,Mobile,/products
S00392,2,2026-02-27,Organic Search,Mobile,/features
S00392,3,2026-02-27,Organic Search,Mobile,/blog
S00393,1,2026-02-25,Paid Search,Tablet,/features
S00394,1,2026-03-23,Paid Search,Mobile,/pricing
S00394,2,2026-03-23,Paid Search,Mobile,/products
S00394,3,2026-03-23,Paid Search,Mobile,/pricing
S00395,1,2026-01-30,Organic Search,Mobile,/products
S00395,2,2026-01-30,Organic Search,Mobile,/features
S00396,1,2026-01-09,Direct,Mobile,/contact
S00396,2,2026-01-09,Direct,Mobile,/products
S00396,3,2026-01-09,Direct,Mobile,/pricing
S00396,4,2026-01-09,Direct,Mobile,/signup
S00396,5,2026-01-09,Direct,Mobile,/thank-you
S00397,1,2026-03-28,Social,Mobile,/features
S00398,1,2026-01-04,Organic Search,Mobile,/products
S00398,2,2026-01-04,Organic Search,Mobile,/features
S00398,3,2026-01-04,Organic Search,Mobile,/blog
S00398,4,2026-01-04,Organic Search,Mobile,/contact
S00398,5,2026-01-04,Organic Search,Mobile,/pricing
S00399,1,2026-03-31,Direct,Desktop,/contact
S00400,1,2026-01-01,Direct,Mobile,/products
S00400,2,2026-01-01,Direct,Mobile,/pricing
S00400,3,2026-01-01,Direct,Mobile,/signup
S00401,1,2026-03-12,Organic Search,Desktop,/products
S00402,1,2026-03-30,Email,Mobile,/products
S00402,2,2026-03-30,Email,Mobile,/features
S00403,1,2026-02-01,Social,Mobile,/
S00404,1,2026-02-24,Organic Search,Mobile,/blog
S00405,1,2026-03-30,Referral,Mobile,/pricing
S00406,1,2026-03-09,Email,Desktop,/features
S00406,2,2026-03-09,Email,Desktop,/products
S00406,3,2026-03-09,Email,Desktop,/blog
S00407,1,2026-03-13,Organic Search,Mobile,/products
S00407,2,2026-03-13,Organic Search,Mobile,/pricing
S00407,3,2026-03-13,Organic Search,Mobile,/signup
S00407,4,2026-03-13,Organic Search,Mobile,/thank-you
S00408,1,2026-02-28,Social,Mobile,/
S00408,2,2026-02-28,Social,Mobile,/products
S00408,3,2026-02-28,Social,Mobile,/pricing
S00408,4,2026-02-28,Social,Mobile,/features
S00408,5,2026-02-28,Social,Mobile,/blog
S00409,1,2026-01-31,Organic Search,Mobile,/products
S00409,2,2026-01-31,Organic Search,Mobile,/pricing
S00409,3,2026-01-31,Organic Search,Mobile,/features
S00409,4,2026-01-31,Organic Search,Mobile,/blog
S00409,5,2026-01-31,Organic Search,Mobile,/contact
S00410,1,2026-01-21,Referral,Desktop,/
S00410,2,2026-01-21,Referral,Desktop,/features
S00410,3,2026-01-21,Referral,Desktop,/blog
S00411,1,2026-01-08,Paid Search,Mobile,/contact
S00412,1,2026-03-02,Paid Search,Desktop,/blog
S00413,1,2026-01-24,Organic Search,Mobile,/features
S00414,1,2026-03-01,Email,Mobile,/blog
S00414,2,2026-03-01,Email,Mobile,/features
S00414,3,2026-03-01,Email,Mobile,/contact
S00414,4,2026-03-01,Email,Mobile,/products
S00414,5,2026-03-01,Email,Mobile,/pricing
S00415,1,2026-03-07,Organic Search,Desktop,/products
S00416,1,2026-03-23,Organic Search,Mobile,/
S00416,2,2026-03-23,Organic Search,Mobile,/features
S00416,3,2026-03-23,Organic Search,Mobile,/blog
S00417,1,2026-03-17,Organic Search,Mobile,/products
S00417,2,2026-03-17,Organic Search,Mobile,/pricing
S00417,3,2026-03-17,Organic Search,Mobile,/signup
S00417,4,2026-03-17,Organic Search,Mobile,/thank-you
S00417,5,2026-03-17,Organic Search,Mobile,/features
S00417,6,2026-03-17,Organic Search,Mobile,/blog
S00418,1,2026-02-01,Social,Tablet,/features
S00418,2,2026-02-01,Social,Tablet,/products
S00419,1,2026-01-05,Organic Search,Mobile,/products
S00420,1,2026-02-26,Email,Mobile,/
S00420,2,2026-02-26,Email,Mobile,/features
S00421,1,2026-03-07,Paid Search,Mobile,/blog
S00421,2,2026-03-07,Paid Search,Mobile,/features
S00422,1,2026-02-05,Organic Search,Mobile,/products
S00422,2,2026-02-05,Organic Search,Mobile,/pricing
S00422,3,2026-02-05,Organic Search,Mobile,/features
S00422,4,2026-02-05,Organic Search,Mobile,/blog
S00422,5,2026-02-05,Organic Search,Mobile,/contact
S00423,1,2026-03-02,Organic Search,Desktop,/pricing
S00423,2,2026-03-02,Organic Search,Desktop,/products
S00423,3,2026-03-02,Organic Search,Desktop,/pricing
S00423,4,2026-03-02,Organic Search,Desktop,/features
S00423,5,2026-03-02,Organic Search,Desktop,/blog
S00423,6,2026-03-02,Organic Search,Desktop,/contact
S00424,1,2026-01-16,Organic Search,Mobile,/
S00425,1,2026-01-16,Paid Search,Desktop,/pricing
S00425,2,2026-01-16,Paid Search,Desktop,/products
S00425,3,2026-01-16,Paid Search,Desktop,/features
S00425,4,2026-01-16,Paid Search,Desktop,/blog
S00426,1,2026-03-11,Social,Desktop,/products
S00426,2,2026-03-11,Social,Desktop,/pricing
S00426,3,2026-03-11,Social,Desktop,/features
S00427,1,2026-01-14,Organic Search,Tablet,/features
S00427,2,2026-01-14,Organic Search,Tablet,/products
S00427,3,2026-01-14,Organic Search,Tablet,/pricing
S00427,4,2026-01-14,Organic Search,Tablet,/blog
S00428,1,2026-02-11,Email,Desktop,/blog
S00428,2,2026-02-11,Email,Desktop,/products
S00428,3,2026-02-11,Email,Desktop,/features
S00428,4,2026-02-11,Email,Desktop,/contact
S00428,5,2026-02-11,Email,Desktop,/pricing
S00429,1,2026-01-24,Organic Search,Desktop,/
S00429,2,2026-01-24,Organic Search,Desktop,/features
S00429,3,2026-01-24,Organic Search,Desktop,/blog
S00429,4,2026-01-24,Organic Search,Desktop,/contact
S00429,5,2026-01-24,Organic Search,Desktop,/products
S00429,6,2026-01-24,Organic Search,Desktop,/pricing
S00430,1,2026-02-06,Social,Desktop,/features
S00431,1,2026-01-06,Referral,Mobile,/features
S00432,1,2026-02-11,Social,Mobile,/blog
S00432,2,2026-02-11,Social,Mobile,/features
S00433,1,2026-03-24,Paid Search,Desktop,/contact
S00433,2,2026-03-24,Paid Search,Desktop,/features
S00433,3,2026-03-24,Paid Search,Desktop,/blog
S00433,4,2026-03-24,Paid Search,Desktop,/products
S00434,1,2026-03-23,Social,Mobile,/features
S00434,2,2026-03-23,Social,Mobile,/products
S00435,1,2026-02-10,Organic Search,Desktop,/products
S00435,2,2026-02-10,Organic Search,Desktop,/pricing
S00435,3,2026-02-10,Organic Search,Desktop,/signup
S00435,4,2026-02-10,Organic Search,Desktop,/thank-you
S00435,5,2026-02-10,Organic Search,Desktop,/features
S00435,6,2026-02-10,Organic Search,Desktop,/blog
S00436,1,2026-02-24,Organic Search,Mobile,/products
S00436,2,2026-02-24,Organic Search,Mobile,/features
S00436,3,2026-02-24,Organic Search,Mobile,/blog
S00436,4,2026-02-24,Organic Search,Mobile,/contact
S00437,1,2026-01-09,Organic Search,Desktop,/products
S00437,2,2026-01-09,Organic Search,Desktop,/features
S00437,3,2026-01-09,Organic Search,Desktop,/blog
S00438,1,2026-01-21,Direct,Mobile,/pricing
S00438,2,2026-01-21,Direct,Mobile,/products
S00438,3,2026-01-21,Direct,Mobile,/features
S00439,1,2026-02-22,Social,Desktop,/contact
S00440,1,2026-02-08,Paid Search,Mobile,/blog
S00441,1,2026-01-28,Email,Mobile,/products
S00441,2,2026-01-28,Email,Mobile,/pricing
S00442,1,2026-01-10,Organic Search,Desktop,/contact
S00442,2,2026-01-10,Organic Search,Desktop,/features
S00442,3,2026-01-10,Organic Search,Desktop,/blog
S00442,4,2026-01-10,Organic Search,Desktop,/products
S00443,1,2026-01-29,Social,Desktop,/blog
S00444,1,2026-01-29,Organic Search,Desktop,/products
S00444,2,2026-01-29,Organic Search,Desktop,/pricing
S00444,3,2026-01-29,Organic Search,Desktop,/features
S00444,4,2026-01-29,Organic Search,Desktop,/blog
S00445,1,2026-01-18,Organic Search,Tablet,/features
S00446,1,2026-01-31,Paid Search,Mobile,/products
S00447,1,2026-02-11,Referral,Desktop,/pricing
S00448,1,2026-01-13,Paid Search,Mobile,/pricing
S00449,1,2026-01-04,Organic Search,Mobile,/contact
S00449,2,2026-01-04,Organic Search,Mobile,/products
S00449,3,2026-01-04,Organic Search,Mobile,/features
S00449,4,2026-01-04,Organic Search,Mobile,/blog
S00449,5,2026-01-04,Organic Search,Mobile,/pricing
S00450,1,2026-03-20,Paid Search,Mobile,/products
S00451,1,2026-02-20,Organic Search,Mobile,/products
S00451,2,2026-02-20,Organic Search,Mobile,/features
S00452,1,2026-02-26,Email,Mobile,/blog
S00452,2,2026-02-26,Email,Mobile,/features
S00452,3,2026-02-26,Email,Mobile,/contact
S00452,4,2026-02-26,Email,Mobile,/products
S00452,5,2026-02-26,Email,Mobile,/pricing
S00453,1,2026-01-21,Paid Search,Desktop,/features
S00454,1,2026-01-02,Organic Search,Mobile,/
S00455,1,2026-03-17,Organic Search,Desktop,/products
S00456,1,2026-01-10,Organic Search,Mobile,/contact
S00456,2,2026-01-10,Organic Search,Mobile,/products
S00456,3,2026-01-10,Organic Search,Mobile,/features
S00456,4,2026-01-10,Organic Search,Mobile,/blog
S00456,5,2026-01-10,Organic Search,Mobile,/pricing
S00457,1,2026-03-15,Referral,Mobile,/features
S00457,2,2026-03-15,Referral,Mobile,/products
S00457,3,2026-03-15,Referral,Mobile,/pricing
S00457,4,2026-03-15,Referral,Mobile,/signup
S00457,5,2026-03-15,Referral,Mobile,/thank-you
S00458,1,2026-03-29,Direct,Desktop,/products
S00458,2,2026-03-29,Direct,Desktop,/pricing
S00458,3,2026-03-29,Direct,Desktop,/signup
S00458,4,2026-03-29,Direct,Desktop,/thank-you
S00458,5,2026-03-29,Direct,Desktop,/features
S00459,1,2026-01-08,Social,Mobile,/products
S00459,2,2026-01-08,Social,Mobile,/pricing
S00459,3,2026-01-08,Social,Mobile,/signup
S00459,4,2026-01-08,Social,Mobile,/features
S00460,1,2026-01-09,Paid Search,Mobile,/pricing
S00460,2,2026-01-09,Paid Search,Mobile,/products
S00460,3,2026-01-09,Paid Search,Mobile,/pricing
S00460,4,2026-01-09,Paid Search,Mobile,/signup
S00461,1,2026-01-01,Paid Search,Desktop,/blog
S00461,2,2026-01-01,Paid Search,Desktop,/products
S00461,3,2026-01-01,Paid Search,Desktop,/features
S00461,4,2026-01-01,Paid Search,Desktop,/contact
S00461,5,2026-01-01,Paid Search,Desktop,/pricing
S00462,1,2026-03-03,Organic Search,Mobile,/pricing
S00462,2,2026-03-03,Organic Search,Mobile,/products
S00462,3,2026-03-03,Organic Search,Mobile,/features
S00463,1,2026-01-23,Referral,Mobile,/features
S00463,2,2026-01-23,Referral,Mobile,/products
S00463,3,2026-01-23,Referral,Mobile,/blog
S00463,4,2026-01-23,Referral,Mobile,/contact
S00463,5,2026-01-23,Referral,Mobile,/pricing
S00464,1,2026-03-10,Organic Search,Desktop,/
S00464,2,2026-03-10,Organic Search,Desktop,/features
S00464,3,2026-03-10,Organic Search,Desktop,/blog
S00464,4,2026-03-10,Organic Search,Desktop,/contact
S00465,1,2026-02-16,Paid Search,Mobile,/features
S00466,1,2026-03-21,Paid Search,Desktop,/
S00466,2,2026-03-21,Paid Search,Desktop,/features
S00466,3,2026-03-21,Paid Search,Desktop,/blog
S00467,1,2026-03-29,Paid Search,Desktop,/features
S00467,2,2026-03-29,Paid Search,Desktop,/products
S00467,3,2026-03-29,Paid Search,Desktop,/pricing
S00467,4,2026-03-29,Paid Search,Desktop,/signup
S00467,5,2026-03-29,Paid Search,Desktop,/blog
S00467,6,2026-03-29,Paid Search,Desktop,/contact
S00468,1,2026-03-20,Referral,Mobile,/
S00469,1,2026-01-30,Organic Search,Mobile,/
S00469,2,2026-01-30,Organic Search,Mobile,/features
S00469,3,2026-01-30,Organic Search,Mobile,/blog
S00469,4,2026-01-30,Organic Search,Mobile,/contact
S00469,5,2026-01-30,Organic Search,Mobile,/products
S00470,1,2026-03-02,Direct,Mobile,/products
S00471,1,2026-02-05,Direct,Desktop,/products
S00471,2,2026-02-05,Direct,Desktop,/pricing
S00471,3,2026-02-05,Direct,Desktop,/features
S00471,4,2026-02-05,Direct,Desktop,/blog
S00471,5,2026-02-05,Direct,Desktop,/contact
S00472,1,2026-03-01,Direct,Mobile,/products
S00472,2,2026-03-01,Direct,Mobile,/features
S00473,1,2026-03-19,Organic Search,Desktop,/blog
S00474,1,2026-02-13,Organic Search,Mobile,/features
S00474,2,2026-02-13,Organic Search,Mobile,/products
S00474,3,2026-02-13,Organic Search,Mobile,/pricing
S00474,4,2026-02-13,Organic Search,Mobile,/blog
S00475,1,2026-03-07,Organic Search,Desktop,/pricing
S00475,2,2026-03-07,Organic Search,Desktop,/products
S00475,3,2026-03-07,Organic Search,Desktop,/features
S00475,4,2026-03-07,Organic Search,Desktop,/blog
S00475,5,2026-03-07,Organic Search,Desktop,/contact
S00476,1,2026-01-06,Organic Search,Mobile,/pricing
S00476,2,2026-01-06,Organic Search,Mobile,/products
S00476,3,2026-01-06,Organic Search,Mobile,/features
S00476,4,2026-01-06,Organic Search,Mobile,/blog
S00476,5,2026-01-06,Organic Search,Mobile,/contact
S00477,1,2026-03-07,Direct,Mobile,/products
S00477,2,2026-03-07,Direct,Mobile,/features
S00477,3,2026-03-07,Direct,Mobile,/blog
S00477,4,2026-03-07,Direct,Mobile,/contact
S00477,5,2026-03-07,Direct,Mobile,/pricing
S00478,1,2026-02-24,Paid Search,Mobile,/features
S00478,2,2026-02-24,Paid Search,Mobile,/products
S00478,3,2026-02-24,Paid Search,Mobile,/pricing
S00478,4,2026-02-24,Paid Search,Mobile,/signup
S00479,1,2026-03-11,Paid Search,Mobile,/
S00480,1,2026-02-04,Direct,Tablet,/products
S00480,2,2026-02-04,Direct,Tablet,/features
S00480,3,2026-02-04,Direct,Tablet,/blog
S00480,4,2026-02-04,Direct,Tablet,/contact
S00480,5,2026-02-04,Direct,Tablet,/pricing
S00481,1,2026-03-18,Direct,Mobile,/
S00481,2,2026-03-18,Direct,Mobile,/products
S00481,3,2026-03-18,Direct,Mobile,/features
S00482,1,2026-02-14,Organic Search,Mobile,/products
S00483,1,2026-02-04,Paid Search,Mobile,/pricing
S00484,1,2026-02-28,Organic Search,Mobile,/
S00485,1,2026-01-21,Organic Search,Desktop,/
S00485,2,2026-01-21,Organic Search,Desktop,/products
S00485,3,2026-01-21,Organic Search,Desktop,/features
S00486,1,2026-02-26,Direct,Desktop,/features
S00486,2,2026-02-26,Direct,Desktop,/products
S00486,3,2026-02-26,Direct,Desktop,/blog
S00486,4,2026-02-26,Direct,Desktop,/contact
S00486,5,2026-02-26,Direct,Desktop,/pricing
S00487,1,2026-02-27,Direct,Desktop,/
S00487,2,2026-02-27,Direct,Desktop,/features
S00488,1,2026-03-11,Organic Search,Mobile,/blog
S00489,1,2026-01-16,Paid Search,Mobile,/products
S00489,2,2026-01-16,Paid Search,Mobile,/features
S00490,1,2026-03-03,Paid Search,Desktop,/features
S00490,2,2026-03-03,Paid Search,Desktop,/products
S00491,1,2026-01-26,Paid Search,Mobile,/blog
S00492,1,2026-03-18,Paid Search,Desktop,/
S00492,2,2026-03-18,Paid Search,Desktop,/features
S00492,3,2026-03-18,Paid Search,Desktop,/blog
S00493,1,2026-01-28,Paid Search,Mobile,/features
S00494,1,2026-03-30,Organic Search,Mobile,/products
S00494,2,2026-03-30,Organic Search,Mobile,/pricing
S00494,3,2026-03-30,Organic Search,Mobile,/features
S00494,4,2026-03-30,Organic Search,Mobile,/blog
S00494,5,2026-03-30,Organic Search,Mobile,/contact
S00495,1,2026-01-13,Social,Desktop,/products
S00496,1,2026-02-04,Direct,Mobile,/blog
S00496,2,2026-02-04,Direct,Mobile,/products
S00496,3,2026-02-04,Direct,Mobile,/features
S00497,1,2026-02-27,Direct,Tablet,/blog
S00497,2,2026-02-27,Direct,Tablet,/products
S00497,3,2026-02-27,Direct,Tablet,/features
S00497,4,2026-02-27,Direct,Tablet,/contact
S00497,5,2026-02-27,Direct,Tablet,/pricing
S00498,1,2026-02-15,Paid Search,Mobile,/products
S00498,2,2026-02-15,Paid Search,Mobile,/pricing
S00498,3,2026-02-15,Paid Search,Mobile,/features
S00498,4,2026-02-15,Paid Search,Mobile,/blog
S00499,1,2026-01-17,Direct,Mobile,/products
S00500,1,2026-01-02,Direct,Mobile,/
S00501,1,2026-03-21,Social,Mobile,/blog
S00501,2,2026-03-21,Social,Mobile,/products
S00502,1,2026-01-23,Email,Mobile,/contact
S00503,1,2026-01-30,Referral,Mobile,/products
S00504,1,2026-02-16,Direct,Desktop,/contact
S00504,2,2026-02-16,Direct,Desktop,/products
S00504,3,2026-02-16,Direct,Desktop,/pricing
S00504,4,2026-02-16,Direct,Desktop,/features
S00505,1,2026-01-19,Direct,Desktop,/
S00505,2,2026-01-19,Direct,Desktop,/features
S00506,1,2026-02-03,Social,Mobile,/features
S00506,2,2026-02-03,Social,Mobile,/products
S00506,3,2026-02-03,Social,Mobile,/pricing
S00506,4,2026-02-03,Social,Mobile,/signup
S00507,1,2026-03-10,Organic Search,Mobile,/contact
S00508,1,2026-02-09,Social,Mobile,/blog
S00509,1,2026-03-29,Direct,Desktop,/
S00509,2,2026-03-29,Direct,Desktop,/features
S00509,3,2026-03-29,Direct,Desktop,/blog
S00510,1,2026-02-16,Organic Search,Desktop,/products
S00511,1,2026-03-11,Organic Search,Mobile,/
S00512,1,2026-03-16,Email,Mobile,/blog
S00513,1,2026-03-06,Organic Search,Mobile,/contact
S00513,2,2026-03-06,Organic Search,Mobile,/products
S00513,3,2026-03-06,Organic Search,Mobile,/pricing
S00513,4,2026-03-06,Organic Search,Mobile,/features
S00513,5,2026-03-06,Organic Search,Mobile,/blog
S00514,1,2026-01-04,Organic Search,Mobile,/products
S00515,1,2026-02-02,Direct,Mobile,/
S00515,2,2026-02-02,Direct,Mobile,/features
S00515,3,2026-02-02,Direct,Mobile,/blog
S00516,1,2026-02-26,Organic Search,Tablet,/products
S00517,1,2026-03-16,Organic Search,Mobile,/pricing
S00518,1,2026-02-22,Social,Mobile,/pricing
S00518,2,2026-02-22,Social,Mobile,/products
S00518,3,2026-02-22,Social,Mobile,/pricing
S00518,4,2026-02-22,Social,Mobile,/features
S00518,5,2026-02-22,Social,Mobile,/blog
S00519,1,2026-03-17,Organic Search,Mobile,/products
S00519,2,2026-03-17,Organic Search,Mobile,/features
S00519,3,2026-03-17,Organic Search,Mobile,/blog
S00519,4,2026-03-17,Organic Search,Mobile,/contact
S00520,1,2026-02-02,Social,Mobile,/blog
S00520,2,2026-02-02,Social,Mobile,/products
S00520,3,2026-02-02,Social,Mobile,/features
S00520,4,2026-02-02,Social,Mobile,/contact
S00521,1,2026-03-08,Email,Mobile,/
S00521,2,2026-03-08,Email,Mobile,/features
S00521,3,2026-03-08,Email,Mobile,/blog
S00521,4,2026-03-08,Email,Mobile,/contact
S00522,1,2026-03-10,Direct,Mobile,/blog
S00523,1,2026-01-12,Organic Search,Mobile,/products
S00523,2,2026-01-12,Organic Search,Mobile,/features
S00523,3,2026-01-12,Organic Search,Mobile,/blog
S00523,4,2026-01-12,Organic Search,Mobile,/contact
S00524,1,2026-03-31,Paid Search,Desktop,/
S00525,1,2026-03-11,Organic Search,Mobile,/blog
S00525,2,2026-03-11,Organic Search,Mobile,/features
S00525,3,2026-03-11,Organic Search,Mobile,/contact
S00525,4,2026-03-11,Organic Search,Mobile,/products
S00525,5,2026-03-11,Organic Search,Mobile,/pricing
S00526,1,2026-03-01,Direct,Desktop,/blog
S00526,2,2026-03-01,Direct,Desktop,/features
S00526,3,2026-03-01,Direct,Desktop,/contact
S00527,1,2026-02-12,Referral,Mobile,/pricing
S00527,2,2026-02-12,Referral,Mobile,/products
S00528,1,2026-03-02,Referral,Mobile,/features
S00529,1,2026-03-22,Social,Tablet,/pricing
S00530,1,2026-01-22,Organic Search,Desktop,/products
S00530,2,2026-01-22,Organic Search,Desktop,/features
S00530,3,2026-01-22,Organic Search,Desktop,/blog
S00530,4,2026-01-22,Organic Search,Desktop,/contact
S00530,5,2026-01-22,Organic Search,Desktop,/pricing
S00531,1,2026-03-30,Paid Search,Mobile,/contact
S00531,2,2026-03-30,Paid Search,Mobile,/products
S00531,3,2026-03-30,Paid Search,Mobile,/features
S00531,4,2026-03-30,Paid Search,Mobile,/blog
S00532,1,2026-03-20,Paid Search,Desktop,/contact
S00533,1,2026-01-25,Direct,Mobile,/
S00534,1,2026-01-11,Paid Search,Mobile,/contact
S00535,1,2026-02-06,Organic Search,Desktop,/features
S00535,2,2026-02-06,Organic Search,Desktop,/products
S00536,1,2026-03-12,Organic Search,Desktop,/
S00536,2,2026-03-12,Organic Search,Desktop,/features
S00536,3,2026-03-12,Organic Search,Desktop,/blog
S00536,4,2026-03-12,Organic Search,Desktop,/contact
S00536,5,2026-03-12,Organic Search,Desktop,/products
S00537,1,2026-03-05,Direct,Mobile,/pricing
S00537,2,2026-03-05,Direct,Mobile,/products
S00538,1,2026-03-22,Organic Search,Desktop,/
S00538,2,2026-03-22,Organic Search,Desktop,/features
S00539,1,2026-02-24,Organic Search,Mobile,/pricing
S00539,2,2026-02-24,Organic Search,Mobile,/products
S00540,1,2026-03-06,Social,Mobile,/contact
S00541,1,2026-03-24,Referral,Tablet,/products
S00542,1,2026-01-29,Direct,Mobile,/pricing
S00542,2,2026-01-29,Direct,Mobile,/products
S00542,3,2026-01-29,Direct,Mobile,/pricing
S00542,4,2026-01-29,Direct,Mobile,/signup
S00542,5,2026-01-29,Direct,Mobile,/features
S00543,1,2026-02-25,Social,Desktop,/products
S00543,2,2026-02-25,Social,Desktop,/pricing
S00543,3,2026-02-25,Social,Desktop,/signup
S00543,4,2026-02-25,Social,Desktop,/features
S00543,5,2026-02-25,Social,Desktop,/blog
S00544,1,2026-02-17,Referral,Desktop,/pricing
S00544,2,2026-02-17,Referral,Desktop,/products
S00544,3,2026-02-17,Referral,Desktop,/features
S00544,4,2026-02-17,Referral,Desktop,/blog
S00544,5,2026-02-17,Referral,Desktop,/contact
S00545,1,2026-03-06,Organic Search,Mobile,/features
S00546,1,2026-03-19,Direct,Mobile,/products
S00546,2,2026-03-19,Direct,Mobile,/pricing
S00547,1,2026-01-15,Direct,Tablet,/pricing
S00547,2,2026-01-15,Direct,Tablet,/products
S00547,3,2026-01-15,Direct,Tablet,/pricing
S00548,1,2026-01-07,Organic Search,Desktop,/products
S00548,2,2026-01-07,Organic Search,Desktop,/features
S00548,3,2026-01-07,Organic Search,Desktop,/blog
S00548,4,2026-01-07,Organic Search,Desktop,/contact
S00548,5,2026-01-07,Organic Search,Desktop,/pricing
S00549,1,2026-01-19,Social,Desktop,/blog
S00549,2,2026-01-19,Social,Desktop,/features
S00549,3,2026-01-19,Social,Desktop,/contact
S00549,4,2026-01-19,Social,Desktop,/products
S00550,1,2026-01-23,Direct,Mobile,/blog
S00550,2,2026-01-23,Direct,Mobile,/features
S00551,1,2026-01-10,Direct,Mobile,/blog
S00552,1,2026-01-20,Organic Search,Mobile,/products
S00552,2,2026-01-20,Organic Search,Mobile,/features
S00553,1,2026-03-31,Organic Search,Mobile,/blog
S00554,1,2026-02-27,Email,Mobile,/blog
S00554,2,2026-02-27,Email,Mobile,/products
S00555,1,2026-02-11,Organic Search,Desktop,/blog
S00556,1,2026-01-10,Organic Search,Desktop,/pricing
S00556,2,2026-01-10,Organic Search,Desktop,/products
S00556,3,2026-01-10,Organic Search,Desktop,/pricing
S00557,1,2026-02-27,Organic Search,Mobile,/features
S00558,1,2026-01-25,Direct,Mobile,/products
S00558,2,2026-01-25,Direct,Mobile,/features
S00558,3,2026-01-25,Direct,Mobile,/blog
S00559,1,2026-03-08,Paid Search,Desktop,/
S00559,2,2026-03-08,Paid Search,Desktop,/features
S00559,3,2026-03-08,Paid Search,Desktop,/blog
S00559,4,2026-03-08,Paid Search,Desktop,/contact
S00559,5,2026-03-08,Paid Search,Desktop,/products
S00559,6,2026-03-08,Paid Search,Desktop,/pricing
S00560,1,2026-03-18,Direct,Mobile,/contact
S00561,1,2026-01-30,Organic Search,Desktop,/
S00561,2,2026-01-30,Organic Search,Desktop,/features
S00561,3,2026-01-30,Organic Search,Desktop,/blog
S00562,1,2026-02-25,Organic Search,Mobile,/features
S00562,2,2026-02-25,Organic Search,Mobile,/products
S00562,3,2026-02-25,Organic Search,Mobile,/pricing
S00562,4,2026-02-25,Organic Search,Mobile,/blog
S00563,1,2026-03-23,Email,Mobile,/blog
S00563,2,2026-03-23,Email,Mobile,/features
S00563,3,2026-03-23,Email,Mobile,/contact
S00564,1,2026-02-17,Paid Search,Mobile,/features
S00564,2,2026-02-17,Paid Search,Mobile,/products
S00565,1,2026-01-18,Paid Search,Desktop,/pricing
S00565,2,2026-01-18,Paid Search,Desktop,/products
S00565,3,2026-01-18,Paid Search,Desktop,/features
S00566,1,2026-01-09,Paid Search,Mobile,/features
S00567,1,2026-01-25,Social,Desktop,/blog
S00568,1,2026-01-15,Organic Search,Mobile,/pricing
S00568,2,2026-01-15,Organic Search,Mobile,/products
S00568,3,2026-01-15,Organic Search,Mobile,/features
S00569,1,2026-02-13,Direct,Mobile,/products
S00569,2,2026-02-13,Direct,Mobile,/pricing
S00570,1,2026-01-10,Direct,Desktop,/
S00570,2,2026-01-10,Direct,Desktop,/products
S00570,3,2026-01-10,Direct,Desktop,/pricing
S00571,1,2026-01-05,Direct,Mobile,/products
S00571,2,2026-01-05,Direct,Mobile,/features
S00571,3,2026-01-05,Direct,Mobile,/blog
S00571,4,2026-01-05,Direct,Mobile,/contact
S00571,5,2026-01-05,Direct,Mobile,/pricing
S00572,1,2026-01-18,Email,Mobile,/contact
S00573,1,2026-01-11,Direct,Mobile,/products
S00573,2,2026-01-11,Direct,Mobile,/pricing
S00573,3,2026-01-11,Direct,Mobile,/features
S00573,4,2026-01-11,Direct,Mobile,/blog
S00573,5,2026-01-11,Direct,Mobile,/contact
S00574,1,2026-01-22,Social,Desktop,/blog
S00574,2,2026-01-22,Social,Desktop,/features
S00575,1,2026-03-04,Email,Mobile,/pricing
S00575,2,2026-03-04,Email,Mobile,/products
S00575,3,2026-03-04,Email,Mobile,/pricing
S00575,4,2026-03-04,Email,Mobile,/signup
S00576,1,2026-02-08,Direct,Mobile,/products
S00577,1,2026-01-19,Email,Tablet,/contact
S00578,1,2026-01-30,Paid Search,Desktop,/
S00578,2,2026-01-30,Paid Search,Desktop,/features
S00579,1,2026-02-04,Email,Desktop,/pricing
S00580,1,2026-01-03,Direct,Desktop,/pricing
S00580,2,2026-01-03,Direct,Desktop,/products
S00580,3,2026-01-03,Direct,Desktop,/pricing
S00580,4,2026-01-03,Direct,Desktop,/signup
S00580,5,2026-01-03,Direct,Desktop,/thank-you
S00581,1,2026-03-12,Direct,Desktop,/
S00582,1,2026-03-16,Direct,Mobile,/products
S00582,2,2026-03-16,Direct,Mobile,/features
S00582,3,2026-03-16,Direct,Mobile,/blog
S00582,4,2026-03-16,Direct,Mobile,/contact
S00583,1,2026-03-15,Organic Search,Mobile,/blog
S00584,1,2026-03-16,Direct,Desktop,/
S00585,1,2026-03-20,Email,Desktop,/features
S00585,2,2026-03-20,Email,Desktop,/products
S00585,3,2026-03-20,Email,Desktop,/blog
S00585,4,2026-03-20,Email,Desktop,/contact
S00586,1,2026-02-03,Paid Search,Tablet,/blog
S00587,1,2026-03-12,Organic Search,Mobile,/
S00588,1,2026-03-22,Direct,Mobile,/products
S00588,2,2026-03-22,Direct,Mobile,/features
S00588,3,2026-03-22,Direct,Mobile,/blog
S00588,4,2026-03-22,Direct,Mobile,/contact
S00588,5,2026-03-22,Direct,Mobile,/pricing
S00589,1,2026-02-15,Organic Search,Mobile,/
S00590,1,2026-03-29,Organic Search,Desktop,/features
S00591,1,2026-03-26,Referral,Mobile,/pricing
S00591,2,2026-03-26,Referral,Mobile,/products
S00592,1,2026-02-04,Direct,Desktop,/
S00593,1,2026-01-01,Organic Search,Desktop,/pricing
S00593,2,2026-01-01,Organic Search,Desktop,/products
S00594,1,2026-03-02,Paid Search,Mobile,/pricing
S00594,2,2026-03-02,Paid Search,Mobile,/products
S00594,3,2026-03-02,Paid Search,Mobile,/pricing
S00594,4,2026-03-02,Paid Search,Mobile,/features
S00595,1,2026-03-07,Organic Search,Mobile,/blog
S00596,1,2026-03-19,Organic Search,Desktop,/
S00596,2,2026-03-19,Organic Search,Desktop,/features
S00596,3,2026-03-19,Organic Search,Desktop,/blog
S00596,4,2026-03-19,Organic Search,Desktop,/contact
S00597,1,2026-02-07,Paid Search,Desktop,/
S00597,2,2026-02-07,Paid Search,Desktop,/features
S00598,1,2026-03-12,Paid Search,Mobile,/products
S00598,2,2026-03-12,Paid Search,Mobile,/pricing
S00598,3,2026-03-12,Paid Search,Mobile,/signup
S00599,1,2026-01-11,Referral,Mobile,/blog
S00599,2,2026-01-11,Referral,Mobile,/features
S00600,1,2026-01-22,Paid Search,Mobile,/blog
S00600,2,2026-01-22,Paid Search,Mobile,/features
S00601,1,2026-03-17,Direct,Mobile,/products
S00601,2,2026-03-17,Direct,Mobile,/features
S00602,1,2026-02-20,Social,Mobile,/products
S00602,2,2026-02-20,Social,Mobile,/pricing
S00602,3,2026-02-20,Social,Mobile,/features
S00602,4,2026-02-20,Social,Mobile,/blog
S00602,5,2026-02-20,Social,Mobile,/contact
S00603,1,2026-01-13,Email,Desktop,/blog
S00604,1,2026-02-08,Social,Desktop,/
S00604,2,2026-02-08,Social,Desktop,/products
S00604,3,2026-02-08,Social,Desktop,/features
S00605,1,2026-01-20,Referral,Mobile,/pricing
S00605,2,2026-01-20,Referral,Mobile,/products
S00605,3,2026-01-20,Referral,Mobile,/features
S00606,1,2026-01-26,Social,Mobile,/products
S00606,2,2026-01-26,Social,Mobile,/features
S00606,3,2026-01-26,Social,Mobile,/blog
S00606,4,2026-01-26,Social,Mobile,/contact
S00606,5,2026-01-26,Social,Mobile,/pricing
S00607,1,2026-01-23,Email,Mobile,/products
S00607,2,2026-01-23,Email,Mobile,/pricing
S00607,3,2026-01-23,Email,Mobile,/signup
S00607,4,2026-01-23,Email,Mobile,/thank-you
S00608,1,2026-02-26,Organic Search,Desktop,/pricing
S00609,1,2026-03-06,Social,Mobile,/products
S00610,1,2026-01-01,Direct,Desktop,/pricing
S00610,2,2026-01-01,Direct,Desktop,/products
S00610,3,2026-01-01,Direct,Desktop,/features
S00610,4,2026-01-01,Direct,Desktop,/blog
S00611,1,2026-01-19,Direct,Mobile,/
S00611,2,2026-01-19,Direct,Mobile,/products
S00611,3,2026-01-19,Direct,Mobile,/pricing
S00611,4,2026-01-19,Direct,Mobile,/signup
S00611,5,2026-01-19,Direct,Mobile,/thank-you
S00612,1,2026-01-15,Paid Search,Desktop,/products
S00612,2,2026-01-15,Paid Search,Desktop,/features
S00612,3,2026-01-15,Paid Search,Desktop,/blog
S00612,4,2026-01-15,Paid Search,Desktop,/contact
S00613,1,2026-01-12,Referral,Mobile,/pricing
S00614,1,2026-01-10,Referral,Desktop,/
S00615,1,2026-02-26,Organic Search,Desktop,/blog
S00616,1,2026-03-31,Social,Mobile,/blog
S00617,1,2026-02-15,Social,Mobile,/contact
S00618,1,2026-01-14,Direct,Desktop,/products
S00618,2,2026-01-14,Direct,Desktop,/pricing
S00618,3,2026-01-14,Direct,Desktop,/signup
S00619,1,2026-03-18,Organic Search,Desktop,/products
S00619,2,2026-03-18,Organic Search,Desktop,/features
S00619,3,2026-03-18,Organic Search,Desktop,/blog
S00620,1,2026-03-16,Organic Search,Mobile,/products
S00620,2,2026-03-16,Organic Search,Mobile,/pricing
S00620,3,2026-03-16,Organic Search,Mobile,/features
S00621,1,2026-03-27,Social,Mobile,/features
S00622,1,2026-03-19,Direct,Mobile,/products
S00622,2,2026-03-19,Direct,Mobile,/features
S00622,3,2026-03-19,Direct,Mobile,/blog
S00622,4,2026-03-19,Direct,Mobile,/contact
S00622,5,2026-03-19,Direct,Mobile,/pricing
S00623,1,2026-01-27,Referral,Desktop,/products
S00623,2,2026-01-27,Referral,Desktop,/features
S00623,3,2026-01-27,Referral,Desktop,/blog
S00623,4,2026-01-27,Referral,Desktop,/contact
S00623,5,2026-01-27,Referral,Desktop,/pricing
S00624,1,2026-02-15,Direct,Desktop,/blog
S00624,2,2026-02-15,Direct,Desktop,/products
S00624,3,2026-02-15,Direct,Desktop,/features
S00625,1,2026-03-20,Referral,Mobile,/
S00625,2,2026-03-20,Referral,Mobile,/features
S00625,3,2026-03-20,Referral,Mobile,/blog
S00625,4,2026-03-20,Referral,Mobile,/contact
S00626,1,2026-01-05,Direct,Desktop,/pricing
S00627,1,2026-02-09,Social,Desktop,/pricing
S00628,1,2026-03-10,Organic Search,Desktop,/blog
S00628,2,2026-03-10,Organic Search,Desktop,/features
S00628,3,2026-03-10,Organic Search,Desktop,/contact
S00628,4,2026-03-10,Organic Search,Desktop,/products
S00629,1,2026-03-04,Direct,Mobile,/blog
S00629,2,2026-03-04,Direct,Mobile,/features
S00629,3,2026-03-04,Direct,Mobile,/contact
S00629,4,2026-03-04,Direct,Mobile,/products
S00629,5,2026-03-04,Direct,Mobile,/pricing
S00630,1,2026-02-23,Social,Mobile,/products
S00630,2,2026-02-23,Social,Mobile,/pricing
S00630,3,2026-02-23,Social,Mobile,/features
S00631,1,2026-03-10,Referral,Mobile,/blog
S00632,1,2026-02-27,Social,Mobile,/pricing
S00633,1,2026-02-26,Organic Search,Mobile,/
S00634,1,2026-02-20,Direct,Mobile,/features
S00634,2,2026-02-20,Direct,Mobile,/products
S00634,3,2026-02-20,Direct,Mobile,/pricing
S00635,1,2026-03-04,Organic Search,Mobile,/blog
S00636,1,2026-01-31,Organic Search,Desktop,/contact
S00636,2,2026-01-31,Organic Search,Desktop,/features
S00636,3,2026-01-31,Organic Search,Desktop,/blog
S00636,4,2026-01-31,Organic Search,Desktop,/products
S00636,5,2026-01-31,Organic Search,Desktop,/pricing
S00637,1,2026-01-24,Paid Search,Mobile,/blog
S00638,1,2026-03-31,Paid Search,Desktop,/products
S00639,1,2026-02-02,Social,Mobile,/pricing
S00640,1,2026-03-04,Email,Mobile,/products
S00640,2,2026-03-04,Email,Mobile,/features
S00640,3,2026-03-04,Email,Mobile,/blog
S00641,1,2026-02-05,Social,Mobile,/
S00641,2,2026-02-05,Social,Mobile,/features
S00641,3,2026-02-05,Social,Mobile,/blog
S00641,4,2026-02-05,Social,Mobile,/contact
S00641,5,2026-02-05,Social,Mobile,/products
S00642,1,2026-03-05,Social,Desktop,/products
S00642,2,2026-03-05,Social,Desktop,/pricing
S00642,3,2026-03-05,Social,Desktop,/signup
S00642,4,2026-03-05,Social,Desktop,/thank-you
S00643,1,2026-01-25,Organic Search,Desktop,/products
S00643,2,2026-01-25,Organic Search,Desktop,/pricing
S00643,3,2026-01-25,Organic Search,Desktop,/features
S00643,4,2026-01-25,Organic Search,Desktop,/blog
S00643,5,2026-01-25,Organic Search,Desktop,/contact
S00644,1,2026-02-19,Organic Search,Mobile,/
S00644,2,2026-02-19,Organic Search,Mobile,/products
S00644,3,2026-02-19,Organic Search,Mobile,/features
S00645,1,2026-02-09,Paid Search,Desktop,/features
S00645,2,2026-02-09,Paid Search,Desktop,/products
S00645,3,2026-02-09,Paid Search,Desktop,/pricing
S00645,4,2026-02-09,Paid Search,Desktop,/blog
S00646,1,2026-01-06,Email,Mobile,/
S00647,1,2026-02-08,Organic Search,Desktop,/pricing
S00647,2,2026-02-08,Organic Search,Desktop,/products
S00647,3,2026-02-08,Organic Search,Desktop,/features
S00647,4,2026-02-08,Organic Search,Desktop,/blog
S00648,1,2026-02-22,Direct,Mobile,/features
S00648,2,2026-02-22,Direct,Mobile,/products
S00648,3,2026-02-22,Direct,Mobile,/pricing
S00648,4,2026-02-22,Direct,Mobile,/signup
S00649,1,2026-02-05,Paid Search,Mobile,/blog
S00650,1,2026-02-12,Organic Search,Mobile,/
S00651,1,2026-02-15,Direct,Desktop,/blog
S00652,1,2026-02-07,Email,Mobile,/blog
S00652,2,2026-02-07,Email,Mobile,/products
S00652,3,2026-02-07,Email,Mobile,/features
S00652,4,2026-02-07,Email,Mobile,/contact
S00652,5,2026-02-07,Email,Mobile,/pricing
S00653,1,2026-02-04,Paid Search,Desktop,/features
S00653,2,2026-02-04,Paid Search,Desktop,/products
S00653,3,2026-02-04,Paid Search,Desktop,/blog
S00653,4,2026-02-04,Paid Search,Desktop,/contact
S00654,1,2026-02-11,Organic Search,Mobile,/products
S00654,2,2026-02-11,Organic Search,Mobile,/pricing
S00654,3,2026-02-11,Organic Search,Mobile,/features
S00655,1,2026-01-13,Email,Mobile,/
S00655,2,2026-01-13,Email,Mobile,/features
S00655,3,2026-01-13,Email,Mobile,/blog
S00656,1,2026-03-18,Direct,Mobile,/blog
S00656,2,2026-03-18,Direct,Mobile,/features
S00656,3,2026-03-18,Direct,Mobile,/contact
S00656,4,2026-03-18,Direct,Mobile,/products
S00657,1,2026-02-20,Email,Desktop,/products
S00657,2,2026-02-20,Email,Desktop,/features
S00657,3,2026-02-20,Email,Desktop,/blog
S00657,4,2026-02-20,Email,Desktop,/contact
S00658,1,2026-03-19,Organic Search,Desktop,/features
S00659,1,2026-01-17,Paid Search,Mobile,/blog
S00660,1,2026-03-19,Direct,Desktop,/features
S00660,2,2026-03-19,Direct,Desktop,/products
S00660,3,2026-03-19,Direct,Desktop,/pricing
S00660,4,2026-03-19,Direct,Desktop,/blog
S00660,5,2026-03-19,Direct,Desktop,/contact
S00661,1,2026-03-30,Organic Search,Mobile,/contact
S00662,1,2026-02-21,Email,Mobile,/pricing
S00662,2,2026-02-21,Email,Mobile,/products
S00662,3,2026-02-21,Email,Mobile,/pricing
S00662,4,2026-02-21,Email,Mobile,/features
S00663,1,2026-03-01,Organic Search,Mobile,/features
S00664,1,2026-03-09,Organic Search,Mobile,/blog
S00665,1,2026-01-31,Direct,Mobile,/products
S00665,2,2026-01-31,Direct,Mobile,/features
S00665,3,2026-01-31,Direct,Mobile,/blog
S00665,4,2026-01-31,Direct,Mobile,/contact
S00666,1,2026-01-25,Paid Search,Desktop,/features
S00666,2,2026-01-25,Paid Search,Desktop,/products
S00666,3,2026-01-25,Paid Search,Desktop,/blog
S00667,1,2026-02-06,Social,Mobile,/blog
S00667,2,2026-02-06,Social,Mobile,/features
S00667,3,2026-02-06,Social,Mobile,/contact
S00667,4,2026-02-06,Social,Mobile,/products
S00667,5,2026-02-06,Social,Mobile,/pricing
S00668,1,2026-01-14,Referral,Desktop,/contact
S00668,2,2026-01-14,Referral,Desktop,/features
S00668,3,2026-01-14,Referral,Desktop,/blog
S00668,4,2026-01-14,Referral,Desktop,/products
S00668,5,2026-01-14,Referral,Desktop,/pricing
S00669,1,2026-01-21,Organic Search,Desktop,/products
S00669,2,2026-01-21,Organic Search,Desktop,/pricing
S00669,3,2026-01-21,Organic Search,Desktop,/signup
S00669,4,2026-01-21,Organic Search,Desktop,/thank-you
S00669,5,2026-01-21,Organic Search,Desktop,/features
S00670,1,2026-02-26,Direct,Desktop,/products
S00670,2,2026-02-26,Direct,Desktop,/features
S00670,3,2026-02-26,Direct,Desktop,/blog
S00670,4,2026-02-26,Direct,Desktop,/contact
S00670,5,2026-02-26,Direct,Desktop,/pricing
S00671,1,2026-02-17,Organic Search,Desktop,/features
S00671,2,2026-02-17,Organic Search,Desktop,/products
S00671,3,2026-02-17,Organic Search,Desktop,/blog
S00671,4,2026-02-17,Organic Search,Desktop,/contact
S00671,5,2026-02-17,Organic Search,Desktop,/pricing
S00672,1,2026-03-23,Paid Search,Desktop,/
S00673,1,2026-01-30,Referral,Mobile,/blog
S00673,2,2026-01-30,Referral,Mobile,/features
S00674,1,2026-03-02,Paid Search,Mobile,/pricing
S00675,1,2026-02-03,Paid Search,Mobile,/
S00675,2,2026-02-03,Paid Search,Mobile,/features
S00675,3,2026-02-03,Paid Search,Mobile,/blog
S00676,1,2026-03-25,Direct,Desktop,/
S00676,2,2026-03-25,Direct,Desktop,/features
S00676,3,2026-03-25,Direct,Desktop,/blog
S00676,4,2026-03-25,Direct,Desktop,/contact
S00676,5,2026-03-25,Direct,Desktop,/products
S00676,6,2026-03-25,Direct,Desktop,/pricing
S00677,1,2026-03-12,Email,Mobile,/features
S00677,2,2026-03-12,Email,Mobile,/products
S00677,3,2026-03-12,Email,Mobile,/pricing
S00677,4,2026-03-12,Email,Mobile,/signup
S00677,5,2026-03-12,Email,Mobile,/thank-you
S00678,1,2026-02-09,Direct,Mobile,/
S00678,2,2026-02-09,Direct,Mobile,/features
S00678,3,2026-02-09,Direct,Mobile,/blog
S00678,4,2026-02-09,Direct,Mobile,/contact
S00678,5,2026-02-09,Direct,Mobile,/products
S00678,6,2026-02-09,Direct,Mobile,/pricing
S00679,1,2026-03-07,Organic Search,Desktop,/blog
S00679,2,2026-03-07,Organic Search,Desktop,/features
S00679,3,2026-03-07,Organic Search,Desktop,/contact
S00679,4,2026-03-07,Organic Search,Desktop,/products
S00680,1,2026-02-07,Direct,Mobile,/blog
S00681,1,2026-03-28,Organic Search,Desktop,/blog
S00681,2,2026-03-28,Organic Search,Desktop,/products
S00681,3,2026-03-28,Organic Search,Desktop,/features
S00681,4,2026-03-28,Organic Search,Desktop,/contact
S00681,5,2026-03-28,Organic Search,Desktop,/pricing
S00682,1,2026-03-21,Organic Search,Mobile,/products
S00682,2,2026-03-21,Organic Search,Mobile,/pricing
S00682,3,2026-03-21,Organic Search,Mobile,/features
S00682,4,2026-03-21,Organic Search,Mobile,/blog
S00682,5,2026-03-21,Organic Search,Mobile,/contact
S00683,1,2026-01-29,Organic Search,Mobile,/
S00683,2,2026-01-29,Organic Search,Mobile,/products
S00683,3,2026-01-29,Organic Search,Mobile,/features
S00683,4,2026-01-29,Organic Search,Mobile,/blog
S00684,1,2026-02-21,Direct,Desktop,/features
S00684,2,2026-02-21,Direct,Desktop,/products
S00685,1,2026-01-11,Paid Search,Mobile,/
S00686,1,2026-01-22,Direct,Mobile,/products
S00687,1,2026-02-26,Direct,Mobile,/contact
S00687,2,2026-02-26,Direct,Mobile,/products
S00687,3,2026-02-26,Direct,Mobile,/features
S00687,4,2026-02-26,Direct,Mobile,/blog
S00688,1,2026-01-04,Referral,Mobile,/products
S00689,1,2026-01-24,Social,Desktop,/products
S00689,2,2026-01-24,Social,Desktop,/pricing
S00689,3,2026-01-24,Social,Desktop,/features
S00689,4,2026-01-24,Social,Desktop,/blog
S00689,5,2026-01-24,Social,Desktop,/contact
S00690,1,2026-01-24,Direct,Desktop,/contact
S00690,2,2026-01-24,Direct,Desktop,/features
S00690,3,2026-01-24,Direct,Desktop,/blog
S00690,4,2026-01-24,Direct,Desktop,/products
S00690,5,2026-01-24,Direct,Desktop,/pricing
S00691,1,2026-03-16,Organic Search,Mobile,/
S00691,2,2026-03-16,Organic Search,Mobile,/features
S00691,3,2026-03-16,Organic Search,Mobile,/blog
S00692,1,2026-01-01,Email,Mobile,/
S00693,1,2026-03-17,Organic Search,Mobile,/pricing
S00694,1,2026-03-30,Direct,Desktop,/features
S00694,2,2026-03-30,Direct,Desktop,/products
S00694,3,2026-03-30,Direct,Desktop,/blog
S00694,4,2026-03-30,Direct,Desktop,/contact
S00694,5,2026-03-30,Direct,Desktop,/pricing
S00695,1,2026-03-04,Email,Desktop,/features
S00695,2,2026-03-04,Email,Desktop,/products
S00695,3,2026-03-04,Email,Desktop,/blog
S00695,4,2026-03-04,Email,Desktop,/contact
S00695,5,2026-03-04,Email,Desktop,/pricing
S00696,1,2026-01-15,Direct,Mobile,/blog
S00696,2,2026-01-15,Direct,Mobile,/features
S00696,3,2026-01-15,Direct,Mobile,/contact
S00697,1,2026-01-22,Social,Mobile,/contact
S00698,1,2026-01-15,Paid Search,Desktop,/
S00699,1,2026-03-16,Paid Search,Desktop,/blog
S00699,2,2026-03-16,Paid Search,Desktop,/products
S00699,3,2026-03-16,Paid Search,Desktop,/features
S00699,4,2026-03-16,Paid Search,Desktop,/contact
S00699,5,2026-03-16,Paid Search,Desktop,/pricing
S00700,1,2026-03-07,Organic Search,Mobile,/
S00700,2,2026-03-07,Organic Search,Mobile,/features
S00700,3,2026-03-07,Organic Search,Mobile,/blog
S00701,1,2026-01-10,Organic Search,Desktop,/features
S00701,2,2026-01-10,Organic Search,Desktop,/products
S00701,3,2026-01-10,Organic Search,Desktop,/blog
S00702,1,2026-03-27,Direct,Mobile,/contact
S00702,2,2026-03-27,Direct,Mobile,/features
S00703,1,2026-01-04,Organic Search,Mobile,/products
S00703,2,2026-01-04,Organic Search,Mobile,/pricing
S00703,3,2026-01-04,Organic Search,Mobile,/features
S00703,4,2026-01-04,Organic Search,Mobile,/blog
S00704,1,2026-01-16,Email,Desktop,/features
S00704,2,2026-01-16,Email,Desktop,/products
S00705,1,2026-03-29,Organic Search,Mobile,/blog
S00705,2,2026-03-29,Organic Search,Mobile,/products
S00705,3,2026-03-29,Organic Search,Mobile,/features
S00706,1,2026-01-20,Paid Search,Mobile,/
S00706,2,2026-01-20,Paid Search,Mobile,/features
S00706,3,2026-01-20,Paid Search,Mobile,/blog
S00706,4,2026-01-20,Paid Search,Mobile,/contact
S00707,1,2026-03-07,Social,Desktop,/blog
S00707,2,2026-03-07,Social,Desktop,/products
S00708,1,2026-02-01,Social,Desktop,/contact
S00709,1,2026-02-07,Direct,Mobile,/products
S00709,2,2026-02-07,Direct,Mobile,/features
S00709,3,2026-02-07,Direct,Mobile,/blog
S00709,4,2026-02-07,Direct,Mobile,/contact
S00709,5,2026-02-07,Direct,Mobile,/pricing
S00710,1,2026-02-14,Direct,Desktop,/
S00710,2,2026-02-14,Direct,Desktop,/features
S00710,3,2026-02-14,Direct,Desktop,/blog
S00710,4,2026-02-14,Direct,Desktop,/contact
S00710,5,2026-02-14,Direct,Desktop,/products
S00710,6,2026-02-14,Direct,Desktop,/pricing
S00711,1,2026-02-12,Referral,Desktop,/contact
S00711,2,2026-02-12,Referral,Desktop,/features
S00711,3,2026-02-12,Referral,Desktop,/blog
S00712,1,2026-01-07,Paid Search,Mobile,/products
S00713,1,2026-01-14,Social,Tablet,/pricing
S00714,1,2026-01-04,Email,Desktop,/blog
S00714,2,2026-01-04,Email,Desktop,/features
S00714,3,2026-01-04,Email,Desktop,/contact
S00715,1,2026-03-18,Social,Mobile,/blog
S00715,2,2026-03-18,Social,Mobile,/features
S00715,3,2026-03-18,Social,Mobile,/contact
S00715,4,2026-03-18,Social,Mobile,/products
S00715,5,2026-03-18,Social,Mobile,/pricing
S00716,1,2026-01-01,Organic Search,Mobile,/products
S00717,1,2026-03-15,Paid Search,Desktop,/
S00718,1,2026-03-31,Organic Search,Tablet,/features
S00718,2,2026-03-31,Organic Search,Tablet,/products
S00718,3,2026-03-31,Organic Search,Tablet,/pricing
S00718,4,2026-03-31,Organic Search,Tablet,/signup
S00719,1,2026-01-28,Paid Search,Mobile,/pricing
S00719,2,2026-01-28,Paid Search,Mobile,/products
S00719,3,2026-01-28,Paid Search,Mobile,/pricing
S00720,1,2026-02-28,Referral,Mobile,/blog
S00721,1,2026-02-28,Direct,Desktop,/features
S00722,1,2026-03-23,Direct,Mobile,/
S00722,2,2026-03-23,Direct,Mobile,/products
S00722,3,2026-03-23,Direct,Mobile,/pricing
S00722,4,2026-03-23,Direct,Mobile,/signup
S00722,5,2026-03-23,Direct,Mobile,/thank-you
S00723,1,2026-01-01,Organic Search,Mobile,/features
S00724,1,2026-03-11,Referral,Desktop,/blog
S00725,1,2026-03-20,Organic Search,Desktop,/contact
S00725,2,2026-03-20,Organic Search,Desktop,/products
S00725,3,2026-03-20,Organic Search,Desktop,/pricing
S00726,1,2026-03-23,Organic Search,Desktop,/products
S00726,2,2026-03-23,Organic Search,Desktop,/pricing
S00726,3,2026-03-23,Organic Search,Desktop,/features
S00726,4,2026-03-23,Organic Search,Desktop,/blog
S00727,1,2026-01-04,Organic Search,Desktop,/products
S00727,2,2026-01-04,Organic Search,Desktop,/features
S00727,3,2026-01-04,Organic Search,Desktop,/blog
S00727,4,2026-01-04,Organic Search,Desktop,/contact
S00727,5,2026-01-04,Organic Search,Desktop,/pricing
S00728,1,2026-02-05,Organic Search,Mobile,/blog
S00729,1,2026-03-13,Direct,Desktop,/contact
S00729,2,2026-03-13,Direct,Desktop,/features
S00730,1,2026-03-14,Direct,Mobile,/contact
S00730,2,2026-03-14,Direct,Mobile,/features
S00730,3,2026-03-14,Direct,Mobile,/blog
S00731,1,2026-01-29,Organic Search,Mobile,/products
S00731,2,2026-01-29,Organic Search,Mobile,/features
S00731,3,2026-01-29,Organic Search,Mobile,/blog
S00731,4,2026-01-29,Organic Search,Mobile,/contact
S00731,5,2026-01-29,Organic Search,Mobile,/pricing
S00732,1,2026-03-29,Organic Search,Desktop,/pricing
S00732,2,2026-03-29,Organic Search,Desktop,/products
S00732,3,2026-03-29,Organic Search,Desktop,/features
S00733,1,2026-02-13,Organic Search,Desktop,/
S00733,2,2026-02-13,Organic Search,Desktop,/features
S00733,3,2026-02-13,Organic Search,Desktop,/blog
S00733,4,2026-02-13,Organic Search,Desktop,/contact
S00733,5,2026-02-13,Organic Search,Desktop,/products
S00734,1,2026-02-16,Direct,Desktop,/blog
S00734,2,2026-02-16,Direct,Desktop,/features
S00734,3,2026-02-16,Direct,Desktop,/contact
S00734,4,2026-02-16,Direct,Desktop,/products
S00735,1,2026-02-23,Organic Search,Mobile,/features
S00736,1,2026-03-14,Paid Search,Tablet,/features
S00736,2,2026-03-14,Paid Search,Tablet,/products
S00736,3,2026-03-14,Paid Search,Tablet,/blog
S00736,4,2026-03-14,Paid Search,Tablet,/contact
S00736,5,2026-03-14,Paid Search,Tablet,/pricing
S00737,1,2026-01-29,Organic Search,Desktop,/products
S00737,2,2026-01-29,Organic Search,Desktop,/features
S00737,3,2026-01-29,Organic Search,Desktop,/blog
S00738,1,2026-03-28,Organic Search,Desktop,/contact
S00738,2,2026-03-28,Organic Search,Desktop,/features
S00738,3,2026-03-28,Organic Search,Desktop,/blog
S00738,4,2026-03-28,Organic Search,Desktop,/products
S00739,1,2026-02-19,Direct,Desktop,/
S00739,2,2026-02-19,Direct,Desktop,/features
S00739,3,2026-02-19,Direct,Desktop,/blog
S00739,4,2026-02-19,Direct,Desktop,/contact
S00740,1,2026-03-08,Direct,Mobile,/pricing
S00741,1,2026-03-02,Organic Search,Desktop,/pricing
S00741,2,2026-03-02,Organic Search,Desktop,/products
S00741,3,2026-03-02,Organic Search,Desktop,/pricing
S00741,4,2026-03-02,Organic Search,Desktop,/signup
S00741,5,2026-03-02,Organic Search,Desktop,/thank-you
S00742,1,2026-01-01,Organic Search,Desktop,/pricing
S00742,2,2026-01-01,Organic Search,Desktop,/products
S00742,3,2026-01-01,Organic Search,Desktop,/features
S00742,4,2026-01-01,Organic Search,Desktop,/blog
S00743,1,2026-03-16,Email,Desktop,/blog
S00744,1,2026-03-13,Organic Search,Desktop,/blog
S00745,1,2026-03-21,Direct,Desktop,/
S00746,1,2026-01-10,Direct,Mobile,/
S00746,2,2026-01-10,Direct,Mobile,/products
S00746,3,2026-01-10,Direct,Mobile,/features
S00746,4,2026-01-10,Direct,Mobile,/blog
S00747,1,2026-01-19,Direct,Mobile,/pricing
S00748,1,2026-03-26,Direct,Tablet,/blog
S00749,1,2026-03-16,Social,Tablet,/pricing
S00749,2,2026-03-16,Social,Tablet,/products
S00750,1,2026-03-20,Email,Tablet,/products
S00750,2,2026-03-20,Email,Tablet,/pricing
S00750,3,2026-03-20,Email,Tablet,/features
S00750,4,2026-03-20,Email,Tablet,/blog
S00750,5,2026-03-20,Email,Tablet,/contact
S00751,1,2026-02-10,Organic Search,Mobile,/
S00751,2,2026-02-10,Organic Search,Mobile,/products
S00751,3,2026-02-10,Organic Search,Mobile,/pricing
S00751,4,2026-02-10,Organic Search,Mobile,/signup
S00752,1,2026-01-30,Direct,Mobile,/features
S00752,2,2026-01-30,Direct,Mobile,/products
S00752,3,2026-01-30,Direct,Mobile,/pricing
S00752,4,2026-01-30,Direct,Mobile,/blog
S00752,5,2026-01-30,Direct,Mobile,/contact
S00753,1,2026-01-20,Organic Search,Desktop,/pricing
S00754,1,2026-02-27,Direct,Desktop,/pricing
S00754,2,2026-02-27,Direct,Desktop,/products
S00754,3,2026-02-27,Direct,Desktop,/pricing
S00755,1,2026-01-24,Paid Search,Mobile,/pricing
S00755,2,2026-01-24,Paid Search,Mobile,/products
S00755,3,2026-01-24,Paid Search,Mobile,/pricing
S00755,4,2026-01-24,Paid Search,Mobile,/signup
S00756,1,2026-03-29,Organic Search,Desktop,/products
S00756,2,2026-03-29,Organic Search,Desktop,/features
S00757,1,2026-03-29,Direct,Mobile,/products
S00757,2,2026-03-29,Direct,Mobile,/features
S00757,3,2026-03-29,Direct,Mobile,/blog
S00758,1,2026-01-30,Referral,Mobile,/
S00758,2,2026-01-30,Referral,Mobile,/features
S00758,3,2026-01-30,Referral,Mobile,/blog
S00759,1,2026-01-06,Organic Search,Mobile,/blog
S00760,1,2026-03-09,Direct,Mobile,/products
S00761,1,2026-03-07,Paid Search,Mobile,/products
S00762,1,2026-01-30,Organic Search,Desktop,/contact
S00762,2,2026-01-30,Organic Search,Desktop,/features
S00762,3,2026-01-30,Organic Search,Desktop,/blog
S00762,4,2026-01-30,Organic Search,Desktop,/products
S00763,1,2026-01-06,Organic Search,Desktop,/products
S00764,1,2026-02-15,Organic Search,Desktop,/pricing
S00764,2,2026-02-15,Organic Search,Desktop,/products
S00765,1,2026-03-28,Email,Mobile,/products
S00766,1,2026-03-26,Organic Search,Mobile,/products
S00766,2,2026-03-26,Organic Search,Mobile,/features
S00766,3,2026-03-26,Organic Search,Mobile,/blog
S00767,1,2026-01-26,Organic Search,Mobile,/
S00767,2,2026-01-26,Organic Search,Mobile,/features
S00767,3,2026-01-26,Organic Search,Mobile,/blog
S00767,4,2026-01-26,Organic Search,Mobile,/contact
S00767,5,2026-01-26,Organic Search,Mobile,/products
S00768,1,2026-02-11,Organic Search,Desktop,/features
S00769,1,2026-02-03,Organic Search,Mobile,/pricing
S00770,1,2026-01-02,Paid Search,Desktop,/blog
S00770,2,2026-01-02,Paid Search,Desktop,/features
S00770,3,2026-01-02,Paid Search,Desktop,/contact
S00770,4,2026-01-02,Paid Search,Desktop,/products
S00771,1,2026-02-28,Organic Search,Desktop,/contact
S00772,1,2026-02-15,Paid Search,Desktop,/
S00773,1,2026-01-23,Paid Search,Mobile,/blog
S00773,2,2026-01-23,Paid Search,Mobile,/features
S00773,3,2026-01-23,Paid Search,Mobile,/contact
S00774,1,2026-01-29,Email,Mobile,/
S00774,2,2026-01-29,Email,Mobile,/products
S00774,3,2026-01-29,Email,Mobile,/features
S00775,1,2026-01-23,Organic Search,Mobile,/pricing
S00775,2,2026-01-23,Organic Search,Mobile,/products
S00775,3,2026-01-23,Organic Search,Mobile,/features
S00776,1,2026-03-18,Email,Mobile,/features
S00776,2,2026-03-18,Email,Mobile,/products
S00776,3,2026-03-18,Email,Mobile,/blog
S00776,4,2026-03-18,Email,Mobile,/contact
S00777,1,2026-02-13,Paid Search,Desktop,/
S00777,2,2026-02-13,Paid Search,Desktop,/products
S00777,3,2026-02-13,Paid Search,Desktop,/features
S00777,4,2026-02-13,Paid Search,Desktop,/blog
S00778,1,2026-03-14,Organic Search,Mobile,/contact
S00778,2,2026-03-14,Organic Search,Mobile,/features
S00778,3,2026-03-14,Organic Search,Mobile,/blog
S00779,1,2026-01-20,Social,Desktop,/pricing
S00780,1,2026-03-11,Email,Mobile,/products
S00780,2,2026-03-11,Email,Mobile,/features
S00781,1,2026-03-09,Organic Search,Tablet,/
S00781,2,2026-03-09,Organic Search,Tablet,/features
S00781,3,2026-03-09,Organic Search,Tablet,/blog
S00782,1,2026-03-04,Email,Tablet,/pricing
S00782,2,2026-03-04,Email,Tablet,/products
S00782,3,2026-03-04,Email,Tablet,/pricing
S00783,1,2026-03-08,Direct,Mobile,/pricing
S00783,2,2026-03-08,Direct,Mobile,/products
S00783,3,2026-03-08,Direct,Mobile,/pricing
S00783,4,2026-03-08,Direct,Mobile,/signup
S00784,1,2026-03-30,Paid Search,Desktop,/products
S00784,2,2026-03-30,Paid Search,Desktop,/features
S00785,1,2026-03-12,Referral,Mobile,/pricing
S00785,2,2026-03-12,Referral,Mobile,/products
S00785,3,2026-03-12,Referral,Mobile,/features
S00785,4,2026-03-12,Referral,Mobile,/blog
S00785,5,2026-03-12,Referral,Mobile,/contact
S00786,1,2026-01-26,Direct,Desktop,/
S00786,2,2026-01-26,Direct,Desktop,/features
S00786,3,2026-01-26,Direct,Desktop,/blog
S00786,4,2026-01-26,Direct,Desktop,/contact
S00786,5,2026-01-26,Direct,Desktop,/products
S00787,1,2026-01-30,Social,Desktop,/contact
S00788,1,2026-01-08,Organic Search,Desktop,/products
S00789,1,2026-03-04,Social,Desktop,/pricing
S00789,2,2026-03-04,Social,Desktop,/products
S00789,3,2026-03-04,Social,Desktop,/pricing
S00789,4,2026-03-04,Social,Desktop,/signup
S00789,5,2026-03-04,Social,Desktop,/features
S00789,6,2026-03-04,Social,Desktop,/blog
S00790,1,2026-03-04,Paid Search,Mobile,/features
S00791,1,2026-01-25,Organic Search,Desktop,/blog
S00791,2,2026-01-25,Organic Search,Desktop,/features
S00791,3,2026-01-25,Organic Search,Desktop,/contact
S00791,4,2026-01-25,Organic Search,Desktop,/products
S00791,5,2026-01-25,Organic Search,Desktop,/pricing
S00792,1,2026-02-27,Direct,Desktop,/features
S00792,2,2026-02-27,Direct,Desktop,/products
S00792,3,2026-02-27,Direct,Desktop,/blog
S00792,4,2026-02-27,Direct,Desktop,/contact
S00793,1,2026-03-29,Organic Search,Mobile,/contact
S00793,2,2026-03-29,Organic Search,Mobile,/products
S00793,3,2026-03-29,Organic Search,Mobile,/pricing
S00793,4,2026-03-29,Organic Search,Mobile,/signup
S00793,5,2026-03-29,Organic Search,Mobile,/thank-you
S00794,1,2026-02-03,Organic Search,Mobile,/products
S00794,2,2026-02-03,Organic Search,Mobile,/features
S00794,3,2026-02-03,Organic Search,Mobile,/blog
S00794,4,2026-02-03,Organic Search,Mobile,/contact
S00794,5,2026-02-03,Organic Search,Mobile,/pricing
S00795,1,2026-03-29,Organic Search,Desktop,/products
S00796,1,2026-01-02,Direct,Desktop,/blog
S00797,1,2026-01-07,Organic Search,Mobile,/
S00797,2,2026-01-07,Organic Search,Mobile,/features
S00797,3,2026-01-07,Organic Search,Mobile,/blog
S00797,4,2026-01-07,Organic Search,Mobile,/contact
S00797,5,2026-01-07,Organic Search,Mobile,/products
S00798,1,2026-02-03,Organic Search,Desktop,/blog
S00799,1,2026-03-08,Social,Desktop,/
S00800,1,2026-01-16,Paid Search,Mobile,/features
S00801,1,2026-01-25,Social,Mobile,/blog
S00802,1,2026-01-14,Organic Search,Desktop,/pricing
S00802,2,2026-01-14,Organic Search,Desktop,/products
S00803,1,2026-01-11,Email,Desktop,/products
S00803,2,2026-01-11,Email,Desktop,/features
S00803,3,2026-01-11,Email,Desktop,/blog
S00803,4,2026-01-11,Email,Desktop,/contact
S00803,5,2026-01-11,Email,Desktop,/pricing
S00804,1,2026-03-21,Paid Search,Mobile,/contact
S00804,2,2026-03-21,Paid Search,Mobile,/products
S00804,3,2026-03-21,Paid Search,Mobile,/pricing
S00805,1,2026-01-18,Organic Search,Mobile,/blog
S00806,1,2026-02-15,Organic Search,Desktop,/features
S00806,2,2026-02-15,Organic Search,Desktop,/products
S00806,3,2026-02-15,Organic Search,Desktop,/pricing
S00806,4,2026-02-15,Organic Search,Desktop,/signup
S00806,5,2026-02-15,Organic Search,Desktop,/thank-you
S00807,1,2026-03-08,Paid Search,Desktop,/features
S00807,2,2026-03-08,Paid Search,Desktop,/products
S00807,3,2026-03-08,Paid Search,Desktop,/blog
S00807,4,2026-03-08,Paid Search,Desktop,/contact
S00808,1,2026-02-16,Organic Search,Desktop,/
S00808,2,2026-02-16,Organic Search,Desktop,/products
S00808,3,2026-02-16,Organic Search,Desktop,/pricing
S00808,4,2026-02-16,Organic Search,Desktop,/signup
S00808,5,2026-02-16,Organic Search,Desktop,/thank-you
S00809,1,2026-02-02,Direct,Mobile,/
S00810,1,2026-01-13,Referral,Desktop,/products
S00811,1,2026-03-24,Organic Search,Mobile,/blog
S00811,2,2026-03-24,Organic Search,Mobile,/features
S00811,3,2026-03-24,Organic Search,Mobile,/contact
S00811,4,2026-03-24,Organic Search,Mobile,/products
S00811,5,2026-03-24,Organic Search,Mobile,/pricing
S00812,1,2026-03-26,Organic Search,Mobile,/blog
S00812,2,2026-03-26,Organic Search,Mobile,/products
S00812,3,2026-03-26,Organic Search,Mobile,/pricing
S00812,4,2026-03-26,Organic Search,Mobile,/features
S00812,5,2026-03-26,Organic Search,Mobile,/contact
S00813,1,2026-02-10,Referral,Desktop,/products
S00814,1,2026-02-03,Paid Search,Desktop,/contact
S00815,1,2026-02-26,Organic Search,Mobile,/
S00815,2,2026-02-26,Organic Search,Mobile,/features
S00815,3,2026-02-26,Organic Search,Mobile,/blog
S00815,4,2026-02-26,Organic Search,Mobile,/contact
S00815,5,2026-02-26,Organic Search,Mobile,/products
S00815,6,2026-02-26,Organic Search,Mobile,/pricing
S00816,1,2026-02-22,Email,Desktop,/features
S00816,2,2026-02-22,Email,Desktop,/products
S00816,3,2026-02-22,Email,Desktop,/pricing
S00816,4,2026-02-22,Email,Desktop,/signup
S00816,5,2026-02-22,Email,Desktop,/thank-you
S00817,1,2026-01-04,Email,Mobile,/pricing
S00817,2,2026-01-04,Email,Mobile,/products
S00817,3,2026-01-04,Email,Mobile,/pricing
S00818,1,2026-01-08,Direct,Mobile,/products
S00818,2,2026-01-08,Direct,Mobile,/pricing
S00818,3,2026-01-08,Direct,Mobile,/signup
S00818,4,2026-01-08,Direct,Mobile,/thank-you
S00818,5,2026-01-08,Direct,Mobile,/features
S00819,1,2026-01-10,Paid Search,Mobile,/
S00819,2,2026-01-10,Paid Search,Mobile,/products
S00820,1,2026-02-18,Organic Search,Mobile,/blog
S00820,2,2026-02-18,Organic Search,Mobile,/features
S00820,3,2026-02-18,Organic Search,Mobile,/contact
S00821,1,2026-03-12,Organic Search,Desktop,/features
S00821,2,2026-03-12,Organic Search,Desktop,/products
S00821,3,2026-03-12,Organic Search,Desktop,/pricing
S00821,4,2026-03-12,Organic Search,Desktop,/blog
S00821,5,2026-03-12,Organic Search,Desktop,/contact
S00822,1,2026-01-08,Paid Search,Desktop,/products
S00823,1,2026-02-22,Organic Search,Desktop,/pricing
S00823,2,2026-02-22,Organic Search,Desktop,/products
S00823,3,2026-02-22,Organic Search,Desktop,/pricing
S00824,1,2026-02-09,Paid Search,Mobile,/blog
S00824,2,2026-02-09,Paid Search,Mobile,/features
S00824,3,2026-02-09,Paid Search,Mobile,/contact
S00824,4,2026-02-09,Paid Search,Mobile,/products
S00824,5,2026-02-09,Paid Search,Mobile,/pricing
S00825,1,2026-01-16,Social,Mobile,/products
S00826,1,2026-03-20,Organic Search,Mobile,/blog
S00827,1,2026-01-28,Paid Search,Desktop,/pricing
S00827,2,2026-01-28,Paid Search,Desktop,/products
S00827,3,2026-01-28,Paid Search,Desktop,/pricing
S00827,4,2026-01-28,Paid Search,Desktop,/features
S00828,1,2026-01-05,Organic Search,Mobile,/features
S00828,2,2026-01-05,Organic Search,Mobile,/products
S00829,1,2026-02-01,Email,Mobile,/blog
S00830,1,2026-02-05,Organic Search,Desktop,/
S00830,2,2026-02-05,Organic Search,Desktop,/products
S00830,3,2026-02-05,Organic Search,Desktop,/features
S00830,4,2026-02-05,Organic Search,Desktop,/blog
S00830,5,2026-02-05,Organic Search,Desktop,/contact
S00830,6,2026-02-05,Organic Search,Desktop,/pricing
S00831,1,2026-01-06,Paid Search,Desktop,/features
S00832,1,2026-01-23,Direct,Mobile,/products
S00833,1,2026-01-17,Direct,Mobile,/contact
S00834,1,2026-01-18,Paid Search,Desktop,/blog
S00835,1,2026-03-26,Social,Mobile,/
S00836,1,2026-02-05,Paid Search,Mobile,/blog
S00836,2,2026-02-05,Paid Search,Mobile,/features
S00836,3,2026-02-05,Paid Search,Mobile,/contact
S00837,1,2026-02-14,Social,Desktop,/
S00837,2,2026-02-14,Social,Desktop,/features
S00837,3,2026-02-14,Social,Desktop,/blog
S00837,4,2026-02-14,Social,Desktop,/contact
S00837,5,2026-02-14,Social,Desktop,/products
S00837,6,2026-02-14,Social,Desktop,/pricing
S00838,1,2026-03-24,Referral,Mobile,/features
S00838,2,2026-03-24,Referral,Mobile,/products
S00838,3,2026-03-24,Referral,Mobile,/pricing
S00838,4,2026-03-24,Referral,Mobile,/blog
S00838,5,2026-03-24,Referral,Mobile,/contact
S00839,1,2026-01-14,Direct,Mobile,/contact
S00839,2,2026-01-14,Direct,Mobile,/features
S00839,3,2026-01-14,Direct,Mobile,/blog
S00839,4,2026-01-14,Direct,Mobile,/products
S00839,5,2026-01-14,Direct,Mobile,/pricing
S00840,1,2026-02-11,Direct,Mobile,/blog
S00840,2,2026-02-11,Direct,Mobile,/products
S00840,3,2026-02-11,Direct,Mobile,/features
S00840,4,2026-02-11,Direct,Mobile,/contact
S00840,5,2026-02-11,Direct,Mobile,/pricing
S00841,1,2026-01-20,Organic Search,Mobile,/pricing
S00841,2,2026-01-20,Organic Search,Mobile,/products
S00842,1,2026-02-25,Social,Mobile,/blog
S00843,1,2026-01-01,Direct,Mobile,/products
S00844,1,2026-03-17,Direct,Mobile,/
S00844,2,2026-03-17,Direct,Mobile,/features
S00844,3,2026-03-17,Direct,Mobile,/blog
S00844,4,2026-03-17,Direct,Mobile,/contact
S00844,5,2026-03-17,Direct,Mobile,/products
S00844,6,2026-03-17,Direct,Mobile,/pricing
S00845,1,2026-02-24,Organic Search,Mobile,/contact
S00846,1,2026-01-11,Email,Desktop,/products
S00846,2,2026-01-11,Email,Desktop,/pricing
S00846,3,2026-01-11,Email,Desktop,/signup
S00847,1,2026-01-05,Direct,Desktop,/products
S00847,2,2026-01-05,Direct,Desktop,/pricing
S00847,3,2026-01-05,Direct,Desktop,/features
S00848,1,2026-01-31,Paid Search,Mobile,/products
S00848,2,2026-01-31,Paid Search,Mobile,/features
S00849,1,2026-02-19,Organic Search,Mobile,/contact
S00850,1,2026-01-04,Referral,Desktop,/contact
S00851,1,2026-03-13,Organic Search,Tablet,/products
S00851,2,2026-03-13,Organic Search,Tablet,/pricing
S00852,1,2026-01-09,Organic Search,Desktop,/products
S00852,2,2026-01-09,Organic Search,Desktop,/pricing
S00852,3,2026-01-09,Organic Search,Desktop,/signup
S00852,4,2026-01-09,Organic Search,Desktop,/thank-you
S00852,5,2026-01-09,Organic Search,Desktop,/features
S00852,6,2026-01-09,Organic Search,Desktop,/blog
S00853,1,2026-01-10,Email,Mobile,/features
S00853,2,2026-01-10,Email,Mobile,/products
S00853,3,2026-01-10,Email,Mobile,/pricing
S00853,4,2026-01-10,Email,Mobile,/signup
S00854,1,2026-01-25,Email,Mobile,/products
S00854,2,2026-01-25,Email,Mobile,/pricing
S00854,3,2026-01-25,Email,Mobile,/features
S00855,1,2026-02-18,Organic Search,Mobile,/contact
S00855,2,2026-02-18,Organic Search,Mobile,/products
S00855,3,2026-02-18,Organic Search,Mobile,/features
S00855,4,2026-02-18,Organic Search,Mobile,/blog
S00855,5,2026-02-18,Organic Search,Mobile,/pricing
S00856,1,2026-02-24,Direct,Desktop,/features
S00856,2,2026-02-24,Direct,Desktop,/products
S00856,3,2026-02-24,Direct,Desktop,/blog
S00856,4,2026-02-24,Direct,Desktop,/contact
S00857,1,2026-01-02,Social,Desktop,/blog
S00858,1,2026-02-09,Email,Mobile,/
S00859,1,2026-03-25,Direct,Mobile,/blog
S00860,1,2026-01-18,Direct,Mobile,/contact
S00861,1,2026-03-28,Social,Desktop,/products
S00862,1,2026-01-05,Social,Mobile,/features
S00862,2,2026-01-05,Social,Mobile,/products
S00862,3,2026-01-05,Social,Mobile,/pricing
S00862,4,2026-01-05,Social,Mobile,/signup
S00862,5,2026-01-05,Social,Mobile,/thank-you
S00862,6,2026-01-05,Social,Mobile,/blog
S00863,1,2026-02-27,Social,Desktop,/products
S00864,1,2026-02-13,Paid Search,Desktop,/contact
S00865,1,2026-02-16,Organic Search,Desktop,/blog
S00866,1,2026-01-04,Email,Mobile,/
S00867,1,2026-02-13,Email,Desktop,/pricing
S00868,1,2026-01-17,Social,Desktop,/
S00869,1,2026-01-22,Organic Search,Mobile,/products
S00870,1,2026-01-06,Organic Search,Mobile,/features
S00870,2,2026-01-06,Organic Search,Mobile,/products
S00870,3,2026-01-06,Organic Search,Mobile,/pricing
S00871,1,2026-01-18,Social,Desktop,/products
S00872,1,2026-02-21,Organic Search,Mobile,/contact
S00873,1,2026-01-09,Referral,Mobile,/
S00873,2,2026-01-09,Referral,Mobile,/products
S00873,3,2026-01-09,Referral,Mobile,/features
S00873,4,2026-01-09,Referral,Mobile,/blog
S00873,5,2026-01-09,Referral,Mobile,/contact
S00874,1,2026-01-14,Direct,Mobile,/blog
S00875,1,2026-01-08,Paid Search,Mobile,/contact
S00875,2,2026-01-08,Paid Search,Mobile,/features
S00875,3,2026-01-08,Paid Search,Mobile,/blog
S00875,4,2026-01-08,Paid Search,Mobile,/products
S00875,5,2026-01-08,Paid Search,Mobile,/pricing
S00876,1,2026-02-03,Email,Mobile,/blog
S00876,2,2026-02-03,Email,Mobile,/features
S00877,1,2026-02-15,Direct,Desktop,/features
S00877,2,2026-02-15,Direct,Desktop,/products
S00877,3,2026-02-15,Direct,Desktop,/blog
S00877,4,2026-02-15,Direct,Desktop,/contact
S00877,5,2026-02-15,Direct,Desktop,/pricing
S00878,1,2026-01-20,Organic Search,Mobile,/contact
S00878,2,2026-01-20,Organic Search,Mobile,/features
S00878,3,2026-01-20,Organic Search,Mobile,/blog
S00879,1,2026-02-21,Paid Search,Desktop,/blog
S00879,2,2026-02-21,Paid Search,Desktop,/features
S00879,3,2026-02-21,Paid Search,Desktop,/contact
S00880,1,2026-03-22,Paid Search,Mobile,/features
S00881,1,2026-03-01,Direct,Mobile,/
S00881,2,2026-03-01,Direct,Mobile,/features
S00881,3,2026-03-01,Direct,Mobile,/blog
S00881,4,2026-03-01,Direct,Mobile,/contact
S00882,1,2026-02-27,Paid Search,Mobile,/products
S00883,1,2026-01-23,Referral,Desktop,/products
S00883,2,2026-01-23,Referral,Desktop,/pricing
S00883,3,2026-01-23,Referral,Desktop,/signup
S00883,4,2026-01-23,Referral,Desktop,/thank-you
S00884,1,2026-02-07,Direct,Tablet,/features
S00885,1,2026-02-19,Organic Search,Mobile,/blog
S00885,2,2026-02-19,Organic Search,Mobile,/features
S00885,3,2026-02-19,Organic Search,Mobile,/contact
S00885,4,2026-02-19,Organic Search,Mobile,/products
S00885,5,2026-02-19,Organic Search,Mobile,/pricing
S00886,1,2026-03-15,Direct,Mobile,/blog
S00887,1,2026-01-24,Direct,Mobile,/contact
S00887,2,2026-01-24,Direct,Mobile,/features
S00887,3,2026-01-24,Direct,Mobile,/blog
S00887,4,2026-01-24,Direct,Mobile,/products
S00887,5,2026-01-24,Direct,Mobile,/pricing
S00888,1,2026-03-15,Organic Search,Mobile,/
S00889,1,2026-01-12,Organic Search,Desktop,/contact
S00890,1,2026-03-06,Paid Search,Mobile,/
S00890,2,2026-03-06,Paid Search,Mobile,/products
S00890,3,2026-03-06,Paid Search,Mobile,/pricing
S00890,4,2026-03-06,Paid Search,Mobile,/signup
S00890,5,2026-03-06,Paid Search,Mobile,/thank-you
S00891,1,2026-03-15,Direct,Tablet,/products
S00891,2,2026-03-15,Direct,Tablet,/features
S00891,3,2026-03-15,Direct,Tablet,/blog
S00891,4,2026-03-15,Direct,Tablet,/contact
S00891,5,2026-03-15,Direct,Tablet,/pricing
S00892,1,2026-02-15,Referral,Desktop,/blog
S00893,1,2026-02-14,Organic Search,Mobile,/products
S00894,1,2026-02-16,Organic Search,Desktop,/blog
S00894,2,2026-02-16,Organic Search,Desktop,/products
S00894,3,2026-02-16,Organic Search,Desktop,/pricing
S00895,1,2026-02-17,Social,Mobile,/features
S00896,1,2026-03-14,Email,Desktop,/features
S00896,2,2026-03-14,Email,Desktop,/products
S00896,3,2026-03-14,Email,Desktop,/pricing
S00896,4,2026-03-14,Email,Desktop,/blog
S00896,5,2026-03-14,Email,Desktop,/contact
S00897,1,2026-03-13,Organic Search,Mobile,/
S00897,2,2026-03-13,Organic Search,Mobile,/products
S00897,3,2026-03-13,Organic Search,Mobile,/features
S00898,1,2026-01-14,Organic Search,Desktop,/products
S00898,2,2026-01-14,Organic Search,Desktop,/features
S00899,1,2026-01-07,Organic Search,Mobile,/
S00899,2,2026-01-07,Organic Search,Mobile,/products
S00899,3,2026-01-07,Organic Search,Mobile,/pricing
S00899,4,2026-01-07,Organic Search,Mobile,/signup
S00900,1,2026-02-20,Direct,Mobile,/pricing
S00901,1,2026-02-05,Direct,Desktop,/
S00901,2,2026-02-05,Direct,Desktop,/features
S00901,3,2026-02-05,Direct,Desktop,/blog
S00901,4,2026-02-05,Direct,Desktop,/contact
S00902,1,2026-03-25,Organic Search,Mobile,/products
S00902,2,2026-03-25,Organic Search,Mobile,/pricing
S00903,1,2026-01-20,Organic Search,Mobile,/features
S00904,1,2026-03-16,Direct,Desktop,/contact
S00904,2,2026-03-16,Direct,Desktop,/features
S00904,3,2026-03-16,Direct,Desktop,/blog
S00904,4,2026-03-16,Direct,Desktop,/products
S00905,1,2026-03-13,Referral,Mobile,/features
S00906,1,2026-02-09,Paid Search,Desktop,/
S00907,1,2026-03-17,Direct,Desktop,/pricing
S00907,2,2026-03-17,Direct,Desktop,/products
S00907,3,2026-03-17,Direct,Desktop,/pricing
S00907,4,2026-03-17,Direct,Desktop,/signup
S00907,5,2026-03-17,Direct,Desktop,/thank-you
S00908,1,2026-03-11,Organic Search,Desktop,/
S00908,2,2026-03-11,Organic Search,Desktop,/features
S00908,3,2026-03-11,Organic Search,Desktop,/blog
S00908,4,2026-03-11,Organic Search,Desktop,/contact
S00908,5,2026-03-11,Organic Search,Desktop,/products
S00908,6,2026-03-11,Organic Search,Desktop,/pricing
S00909,1,2026-01-11,Organic Search,Mobile,/products
S00910,1,2026-01-14,Organic Search,Mobile,/products
S00910,2,2026-01-14,Organic Search,Mobile,/pricing
S00910,3,2026-01-14,Organic Search,Mobile,/features
S00911,1,2026-02-01,Social,Tablet,/contact
S00912,1,2026-03-23,Email,Mobile,/blog
S00912,2,2026-03-23,Email,Mobile,/features
S00912,3,2026-03-23,Email,Mobile,/contact
S00913,1,2026-02-11,Email,Mobile,/products
S00913,2,2026-02-11,Email,Mobile,/features
S00913,3,2026-02-11,Email,Mobile,/blog
S00914,1,2026-02-16,Referral,Mobile,/blog
S00914,2,2026-02-16,Referral,Mobile,/features
S00914,3,2026-02-16,Referral,Mobile,/contact
S00915,1,2026-02-22,Referral,Mobile,/contact
S00916,1,2026-03-13,Referral,Desktop,/
S00917,1,2026-03-06,Organic Search,Desktop,/features
S00917,2,2026-03-06,Organic Search,Desktop,/products
S00917,3,2026-03-06,Organic Search,Desktop,/pricing
S00917,4,2026-03-06,Organic Search,Desktop,/blog
S00917,5,2026-03-06,Organic Search,Desktop,/contact
S00918,1,2026-02-17,Organic Search,Desktop,/products
S00919,1,2026-02-08,Organic Search,Desktop,/
S00920,1,2026-02-25,Direct,Mobile,/features
S00921,1,2026-02-01,Organic Search,Mobile,/
S00921,2,2026-02-01,Organic Search,Mobile,/products
S00922,1,2026-02-05,Email,Mobile,/blog
S00923,1,2026-02-22,Paid Search,Desktop,/
S00923,2,2026-02-22,Paid Search,Desktop,/features
S00923,3,2026-02-22,Paid Search,Desktop,/blog
S00923,4,2026-02-22,Paid Search,Desktop,/contact
S00924,1,2026-01-15,Direct,Mobile,/blog
S00925,1,2026-02-11,Organic Search,Mobile,/blog
S00925,2,2026-02-11,Organic Search,Mobile,/features
S00925,3,2026-02-11,Organic Search,Mobile,/contact
S00925,4,2026-02-11,Organic Search,Mobile,/products
S00925,5,2026-02-11,Organic Search,Mobile,/pricing
S00926,1,2026-02-16,Organic Search,Mobile,/features
S00926,2,2026-02-16,Organic Search,Mobile,/products
S00926,3,2026-02-16,Organic Search,Mobile,/blog
S00927,1,2026-03-29,Organic Search,Desktop,/features
S00928,1,2026-03-30,Email,Desktop,/blog
S00928,2,2026-03-30,Email,Desktop,/features
S00928,3,2026-03-30,Email,Desktop,/contact
S00928,4,2026-03-30,Email,Desktop,/products
S00929,1,2026-01-12,Paid Search,Desktop,/products
S00930,1,2026-01-03,Social,Mobile,/
S00931,1,2026-03-15,Organic Search,Tablet,/blog
S00931,2,2026-03-15,Organic Search,Tablet,/features
S00931,3,2026-03-15,Organic Search,Tablet,/contact
S00931,4,2026-03-15,Organic Search,Tablet,/products
S00932,1,2026-02-01,Direct,Mobile,/pricing
S00932,2,2026-02-01,Direct,Mobile,/products
S00932,3,2026-02-01,Direct,Mobile,/features
S00933,1,2026-01-22,Direct,Mobile,/
S00933,2,2026-01-22,Direct,Mobile,/features
S00933,3,2026-01-22,Direct,Mobile,/blog
S00933,4,2026-01-22,Direct,Mobile,/contact
S00934,1,2026-01-09,Social,Mobile,/contact
S00934,2,2026-01-09,Social,Mobile,/features
S00934,3,2026-01-09,Social,Mobile,/blog
S00934,4,2026-01-09,Social,Mobile,/products
S00935,1,2026-01-01,Social,Mobile,/products
S00936,1,2026-03-03,Organic Search,Mobile,/
S00936,2,2026-03-03,Organic Search,Mobile,/features
S00936,3,2026-03-03,Organic Search,Mobile,/blog
S00937,1,2026-02-02,Referral,Mobile,/features
S00938,1,2026-01-30,Organic Search,Mobile,/pricing
S00938,2,2026-01-30,Organic Search,Mobile,/products
S00938,3,2026-01-30,Organic Search,Mobile,/features
S00939,1,2026-02-18,Email,Desktop,/blog
S00939,2,2026-02-18,Email,Desktop,/products
S00939,3,2026-02-18,Email,Desktop,/pricing
S00939,4,2026-02-18,Email,Desktop,/signup
S00939,5,2026-02-18,Email,Desktop,/features
S00939,6,2026-02-18,Email,Desktop,/contact
S00940,1,2026-03-30,Organic Search,Desktop,/
S00941,1,2026-01-08,Organic Search,Desktop,/products
S00941,2,2026-01-08,Organic Search,Desktop,/features
S00941,3,2026-01-08,Organic Search,Desktop,/blog
S00941,4,2026-01-08,Organic Search,Desktop,/contact
S00942,1,2026-01-16,Email,Desktop,/blog
S00942,2,2026-01-16,Email,Desktop,/features
S00943,1,2026-01-18,Organic Search,Mobile,/products
S00943,2,2026-01-18,Organic Search,Mobile,/pricing
S00943,3,2026-01-18,Organic Search,Mobile,/signup
S00944,1,2026-02-11,Direct,Desktop,/blog
S00944,2,2026-02-11,Direct,Desktop,/products
S00945,1,2026-03-09,Direct,Mobile,/products
S00945,2,2026-03-09,Direct,Mobile,/pricing
S00945,3,2026-03-09,Direct,Mobile,/features
S00945,4,2026-03-09,Direct,Mobile,/blog
S00946,1,2026-03-30,Organic Search,Mobile,/products
S00946,2,2026-03-30,Organic Search,Mobile,/features
S00946,3,2026-03-30,Organic Search,Mobile,/blog
S00946,4,2026-03-30,Organic Search,Mobile,/contact
S00946,5,2026-03-30,Organic Search,Mobile,/pricing
S00947,1,2026-03-02,Paid Search,Mobile,/
S00948,1,2026-01-18,Email,Desktop,/products
S00948,2,2026-01-18,Email,Desktop,/pricing
S00948,3,2026-01-18,Email,Desktop,/signup
S00948,4,2026-01-18,Email,Desktop,/features
S00949,1,2026-03-07,Email,Mobile,/products
S00950,1,2026-01-11,Direct,Desktop,/blog
S00951,1,2026-02-27,Direct,Mobile,/pricing
S00951,2,2026-02-27,Direct,Mobile,/products
S00951,3,2026-02-27,Direct,Mobile,/pricing
S00952,1,2026-03-01,Organic Search,Mobile,/
S00952,2,2026-03-01,Organic Search,Mobile,/products
S00952,3,2026-03-01,Organic Search,Mobile,/pricing
S00952,4,2026-03-01,Organic Search,Mobile,/signup
S00952,5,2026-03-01,Organic Search,Mobile,/thank-you
S00953,1,2026-01-22,Organic Search,Mobile,/pricing
S00953,2,2026-01-22,Organic Search,Mobile,/products
S00953,3,2026-01-22,Organic Search,Mobile,/pricing
S00953,4,2026-01-22,Organic Search,Mobile,/features
S00954,1,2026-01-07,Organic Search,Mobile,/products
S00955,1,2026-01-22,Referral,Mobile,/products
S00956,1,2026-02-06,Email,Desktop,/features
S00956,2,2026-02-06,Email,Desktop,/products
S00956,3,2026-02-06,Email,Desktop,/pricing
S00956,4,2026-02-06,Email,Desktop,/signup
S00956,5,2026-02-06,Email,Desktop,/thank-you
S00957,1,2026-02-11,Social,Mobile,/blog
S00958,1,2026-01-26,Direct,Mobile,/blog
S00958,2,2026-01-26,Direct,Mobile,/products
S00958,3,2026-01-26,Direct,Mobile,/features
S00958,4,2026-01-26,Direct,Mobile,/contact
S00958,5,2026-01-26,Direct,Mobile,/pricing
S00959,1,2026-03-21,Direct,Desktop,/products
S00959,2,2026-03-21,Direct,Desktop,/pricing
S00960,1,2026-02-13,Direct,Mobile,/
S00960,2,2026-02-13,Direct,Mobile,/features
S00961,1,2026-02-01,Direct,Mobile,/blog
S00961,2,2026-02-01,Direct,Mobile,/features
S00961,3,2026-02-01,Direct,Mobile,/contact
S00961,4,2026-02-01,Direct,Mobile,/products
S00961,5,2026-02-01,Direct,Mobile,/pricing
S00962,1,2026-01-09,Direct,Mobile,/pricing
S00962,2,2026-01-09,Direct,Mobile,/products
S00962,3,2026-01-09,Direct,Mobile,/features
S00962,4,2026-01-09,Direct,Mobile,/blog
S00963,1,2026-02-22,Organic Search,Mobile,/blog
S00963,2,2026-02-22,Organic Search,Mobile,/products
S00964,1,2026-03-21,Organic Search,Mobile,/contact
S00965,1,2026-03-02,Referral,Desktop,/products
S00965,2,2026-03-02,Referral,Desktop,/pricing
S00965,3,2026-03-02,Referral,Desktop,/features
S00965,4,2026-03-02,Referral,Desktop,/blog
S00965,5,2026-03-02,Referral,Desktop,/contact
S00966,1,2026-01-08,Direct,Mobile,/features
S00966,2,2026-01-08,Direct,Mobile,/products
S00966,3,2026-01-08,Direct,Mobile,/blog
S00967,1,2026-01-05,Referral,Desktop,/pricing
S00967,2,2026-01-05,Referral,Desktop,/products
S00967,3,2026-01-05,Referral,Desktop,/pricing
S00967,4,2026-01-05,Referral,Desktop,/features
S00967,5,2026-01-05,Referral,Desktop,/blog
S00967,6,2026-01-05,Referral,Desktop,/contact
S00968,1,2026-03-24,Organic Search,Mobile,/products
S00968,2,2026-03-24,Organic Search,Mobile,/features
S00968,3,2026-03-24,Organic Search,Mobile,/blog
S00969,1,2026-01-18,Direct,Desktop,/
S00970,1,2026-03-13,Organic Search,Desktop,/blog
S00971,1,2026-01-03,Organic Search,Mobile,/products
S00971,2,2026-01-03,Organic Search,Mobile,/features
S00971,3,2026-01-03,Organic Search,Mobile,/blog
S00971,4,2026-01-03,Organic Search,Mobile,/contact
S00972,1,2026-03-17,Organic Search,Mobile,/blog
S00973,1,2026-01-06,Organic Search,Mobile,/blog
S00973,2,2026-01-06,Organic Search,Mobile,/products
S00973,3,2026-01-06,Organic Search,Mobile,/pricing
S00973,4,2026-01-06,Organic Search,Mobile,/features
S00973,5,2026-01-06,Organic Search,Mobile,/contact
S00974,1,2026-03-06,Email,Tablet,/pricing
S00974,2,2026-03-06,Email,Tablet,/products
S00974,3,2026-03-06,Email,Tablet,/pricing
S00974,4,2026-03-06,Email,Tablet,/signup
S00974,5,2026-03-06,Email,Tablet,/thank-you
S00974,6,2026-03-06,Email,Tablet,/features
S00975,1,2026-03-18,Direct,Tablet,/pricing
S00975,2,2026-03-18,Direct,Tablet,/products
S00975,3,2026-03-18,Direct,Tablet,/features
S00976,1,2026-03-29,Paid Search,Mobile,/blog
S00976,2,2026-03-29,Paid Search,Mobile,/products
S00976,3,2026-03-29,Paid Search,Mobile,/features
S00976,4,2026-03-29,Paid Search,Mobile,/contact
S00977,1,2026-01-20,Direct,Desktop,/pricing
S00978,1,2026-03-14,Direct,Mobile,/features
S00978,2,2026-03-14,Direct,Mobile,/products
S00978,3,2026-03-14,Direct,Mobile,/pricing
S00978,4,2026-03-14,Direct,Mobile,/blog
S00979,1,2026-01-12,Direct,Mobile,/
S00979,2,2026-01-12,Direct,Mobile,/features
S00980,1,2026-02-07,Organic Search,Desktop,/contact
S00980,2,2026-02-07,Organic Search,Desktop,/products
S00980,3,2026-02-07,Organic Search,Desktop,/features
S00980,4,2026-02-07,Organic Search,Desktop,/blog
S00980,5,2026-02-07,Organic Search,Desktop,/pricing
S00981,1,2026-02-14,Referral,Mobile,/
S00981,2,2026-02-14,Referral,Mobile,/products
S00981,3,2026-02-14,Referral,Mobile,/pricing
S00982,1,2026-03-16,Social,Mobile,/products
S00982,2,2026-03-16,Social,Mobile,/features
S00982,3,2026-03-16,Social,Mobile,/blog
S00982,4,2026-03-16,Social,Mobile,/contact
S00982,5,2026-03-16,Social,Mobile,/pricing
S00983,1,2026-01-20,Social,Desktop,/blog
S00983,2,2026-01-20,Social,Desktop,/features
S00983,3,2026-01-20,Social,Desktop,/contact
S00983,4,2026-01-20,Social,Desktop,/products
S00983,5,2026-01-20,Social,Desktop,/pricing
S00984,1,2026-03-26,Direct,Mobile,/
S00984,2,2026-03-26,Direct,Mobile,/products
S00984,3,2026-03-26,Direct,Mobile,/pricing
S00985,1,2026-02-02,Organic Search,Desktop,/products
S00985,2,2026-02-02,Organic Search,Desktop,/features
S00985,3,2026-02-02,Organic Search,Desktop,/blog
S00985,4,2026-02-02,Organic Search,Desktop,/contact
S00985,5,2026-02-02,Organic Search,Desktop,/pricing
S00986,1,2026-03-19,Referral,Mobile,/
S00986,2,2026-03-19,Referral,Mobile,/features
S00986,3,2026-03-19,Referral,Mobile,/blog
S00986,4,2026-03-19,Referral,Mobile,/contact
S00986,5,2026-03-19,Referral,Mobile,/products
S00987,1,2026-03-18,Direct,Mobile,/blog
S00987,2,2026-03-18,Direct,Mobile,/products
S00987,3,2026-03-18,Direct,Mobile,/features
S00987,4,2026-03-18,Direct,Mobile,/contact
S00987,5,2026-03-18,Direct,Mobile,/pricing
S00988,1,2026-02-26,Organic Search,Mobile,/pricing
S00989,1,2026-02-07,Direct,Tablet,/
S00989,2,2026-02-07,Direct,Tablet,/features
S00989,3,2026-02-07,Direct,Tablet,/blog
S00990,1,2026-03-24,Social,Mobile,/pricing
S00991,1,2026-03-30,Paid Search,Mobile,/products
S00992,1,2026-02-20,Social,Desktop,/contact
S00992,2,2026-02-20,Social,Desktop,/features
S00992,3,2026-02-20,Social,Desktop,/blog
S00992,4,2026-02-20,Social,Desktop,/products
S00993,1,2026-01-19,Social,Tablet,/
S00994,1,2026-01-20,Organic Search,Desktop,/blog
S00994,2,2026-01-20,Organic Search,Desktop,/products
S00994,3,2026-01-20,Organic Search,Desktop,/features
S00995,1,2026-02-15,Referral,Mobile,/pricing
S00996,1,2026-01-16,Direct,Mobile,/pricing
S00996,2,2026-01-16,Direct,Mobile,/products
S00996,3,2026-01-16,Direct,Mobile,/pricing
S00997,1,2026-02-04,Paid Search,Desktop,/contact
S00997,2,2026-02-04,Paid Search,Desktop,/products
S00998,1,2026-03-04,Organic Search,Desktop,/products
S00998,2,2026-03-04,Organic Search,Desktop,/features
S00998,3,2026-03-04,Organic Search,Desktop,/blog
S00998,4,2026-03-04,Organic Search,Desktop,/contact
S00999,1,2026-03-24,Referral,Desktop,/blog
S00999,2,2026-03-24,Referral,Desktop,/products
S00999,3,2026-03-24,Referral,Desktop,/pricing
S00999,4,2026-03-24,Referral,Desktop,/signup
S01000,1,2026-02-01,Organic Search,Desktop,/pricing
S01001,1,2026-03-11,Organic Search,Mobile,/blog
S01002,1,2026-01-09,Direct,Mobile,/products
S01002,2,2026-01-09,Direct,Mobile,/features
S01002,3,2026-01-09,Direct,Mobile,/blog
S01003,1,2026-01-21,Organic Search,Mobile,/products
S01003,2,2026-01-21,Organic Search,Mobile,/features
S01003,3,2026-01-21,Organic Search,Mobile,/blog
S01003,4,2026-01-21,Organic Search,Mobile,/contact
S01003,5,2026-01-21,Organic Search,Mobile,/pricing
S01004,1,2026-01-07,Organic Search,Mobile,/
S01004,2,2026-01-07,Organic Search,Mobile,/products
S01004,3,2026-01-07,Organic Search,Mobile,/pricing
S01004,4,2026-01-07,Organic Search,Mobile,/signup
S01004,5,2026-01-07,Organic Search,Mobile,/features
S01005,1,2026-02-05,Paid Search,Mobile,/
S01005,2,2026-02-05,Paid Search,Mobile,/products
S01005,3,2026-02-05,Paid Search,Mobile,/features
S01005,4,2026-02-05,Paid Search,Mobile,/blog
S01006,1,2026-01-12,Direct,Mobile,/contact
S01007,1,2026-03-19,Referral,Desktop,/features
S01008,1,2026-03-11,Organic Search,Desktop,/products
S01008,2,2026-03-11,Organic Search,Desktop,/pricing
S01008,3,2026-03-11,Organic Search,Desktop,/signup
S01008,4,2026-03-11,Organic Search,Desktop,/thank-you
S01008,5,2026-03-11,Organic Search,Desktop,/features
S01009,1,2026-03-17,Social,Desktop,/pricing
S01009,2,2026-03-17,Social,Desktop,/products
S01009,3,2026-03-17,Social,Desktop,/pricing
S01009,4,2026-03-17,Social,Desktop,/signup
S01010,1,2026-01-05,Direct,Desktop,/blog
S01010,2,2026-01-05,Direct,Desktop,/features
S01010,3,2026-01-05,Direct,Desktop,/contact
S01011,1,2026-01-09,Paid Search,Desktop,/products
S01011,2,2026-01-09,Paid Search,Desktop,/pricing
S01011,3,2026-01-09,Paid Search,Desktop,/signup
S01011,4,2026-01-09,Paid Search,Desktop,/thank-you
S01012,1,2026-03-11,Paid Search,Desktop,/pricing
S01012,2,2026-03-11,Paid Search,Desktop,/products
S01012,3,2026-03-11,Paid Search,Desktop,/pricing
S01012,4,2026-03-11,Paid Search,Desktop,/signup
S01012,5,2026-03-11,Paid Search,Desktop,/thank-you
S01013,1,2026-03-19,Direct,Mobile,/blog
S01013,2,2026-03-19,Direct,Mobile,/features
S01013,3,2026-03-19,Direct,Mobile,/contact
S01013,4,2026-03-19,Direct,Mobile,/products
S01013,5,2026-03-19,Direct,Mobile,/pricing
S01014,1,2026-01-01,Referral,Desktop,/products
S01014,2,2026-01-01,Referral,Desktop,/features
S01014,3,2026-01-01,Referral,Desktop,/blog
S01015,1,2026-02-24,Direct,Mobile,/pricing
S01015,2,2026-02-24,Direct,Mobile,/products
S01015,3,2026-02-24,Direct,Mobile,/pricing
S01016,1,2026-01-07,Organic Search,Mobile,/products
S01017,1,2026-01-08,Paid Search,Mobile,/
S01018,1,2026-03-20,Email,Desktop,/blog
S01018,2,2026-03-20,Email,Desktop,/products
S01019,1,2026-02-21,Organic Search,Desktop,/blog
S01020,1,2026-03-16,Direct,Desktop,/contact
S01021,1,2026-03-30,Email,Tablet,/products
S01021,2,2026-03-30,Email,Tablet,/pricing
S01022,1,2026-02-22,Social,Desktop,/blog
S01022,2,2026-02-22,Social,Desktop,/products
S01023,1,2026-01-01,Referral,Mobile,/contact
S01024,1,2026-01-21,Direct,Desktop,/blog
S01024,2,2026-01-21,Direct,Desktop,/features
S01025,1,2026-03-15,Paid Search,Desktop,/contact
S01025,2,2026-03-15,Paid Search,Desktop,/features
S01025,3,2026-03-15,Paid Search,Desktop,/blog
S01025,4,2026-03-15,Paid Search,Desktop,/products
S01025,5,2026-03-15,Paid Search,Desktop,/pricing
S01026,1,2026-01-05,Organic Search,Desktop,/contact
S01026,2,2026-01-05,Organic Search,Desktop,/features
S01027,1,2026-02-27,Referral,Mobile,/features
S01027,2,2026-02-27,Referral,Mobile,/products
S01027,3,2026-02-27,Referral,Mobile,/blog
S01027,4,2026-02-27,Referral,Mobile,/contact
S01027,5,2026-02-27,Referral,Mobile,/pricing
S01028,1,2026-02-04,Direct,Mobile,/contact
S01028,2,2026-02-04,Direct,Mobile,/features
S01028,3,2026-02-04,Direct,Mobile,/blog
S01029,1,2026-03-09,Social,Desktop,/blog
S01029,2,2026-03-09,Social,Desktop,/products
S01030,1,2026-03-12,Direct,Mobile,/pricing
S01030,2,2026-03-12,Direct,Mobile,/products
S01030,3,2026-03-12,Direct,Mobile,/features
S01030,4,2026-03-12,Direct,Mobile,/blog
S01030,5,2026-03-12,Direct,Mobile,/contact
S01031,1,2026-02-05,Paid Search,Mobile,/features
S01031,2,2026-02-05,Paid Search,Mobile,/products
S01031,3,2026-02-05,Paid Search,Mobile,/pricing
S01031,4,2026-02-05,Paid Search,Mobile,/blog
S01031,5,2026-02-05,Paid Search,Mobile,/contact
S01032,1,2026-02-18,Paid Search,Mobile,/features
S01032,2,2026-02-18,Paid Search,Mobile,/products
S01032,3,2026-02-18,Paid Search,Mobile,/pricing
S01032,4,2026-02-18,Paid Search,Mobile,/signup
S01032,5,2026-02-18,Paid Search,Mobile,/thank-you
S01033,1,2026-02-10,Direct,Mobile,/
S01034,1,2026-03-15,Email,Mobile,/products
S01034,2,2026-03-15,Email,Mobile,/features
S01034,3,2026-03-15,Email,Mobile,/blog
S01034,4,2026-03-15,Email,Mobile,/contact
S01034,5,2026-03-15,Email,Mobile,/pricing
S01035,1,2026-03-17,Direct,Tablet,/products
S01035,2,2026-03-17,Direct,Tablet,/pricing
S01036,1,2026-03-02,Paid Search,Desktop,/features
S01037,1,2026-01-12,Direct,Desktop,/products
S01037,2,2026-01-12,Direct,Desktop,/features
S01037,3,2026-01-12,Direct,Desktop,/blog
S01038,1,2026-03-22,Direct,Mobile,/products
S01038,2,2026-03-22,Direct,Mobile,/features
S01038,3,2026-03-22,Direct,Mobile,/blog
S01038,4,2026-03-22,Direct,Mobile,/contact
S01038,5,2026-03-22,Direct,Mobile,/pricing
S01039,1,2026-03-03,Direct,Mobile,/pricing
S01040,1,2026-03-10,Organic Search,Mobile,/
S01041,1,2026-01-18,Organic Search,Mobile,/contact
S01041,2,2026-01-18,Organic Search,Mobile,/features
S01041,3,2026-01-18,Organic Search,Mobile,/blog
S01042,1,2026-01-16,Paid Search,Mobile,/pricing
S01043,1,2026-03-10,Paid Search,Desktop,/products
S01043,2,2026-03-10,Paid Search,Desktop,/pricing
S01043,3,2026-03-10,Paid Search,Desktop,/signup
S01043,4,2026-03-10,Paid Search,Desktop,/thank-you
S01044,1,2026-01-20,Paid Search,Tablet,/products
S01045,1,2026-03-15,Organic Search,Mobile,/features
S01045,2,2026-03-15,Organic Search,Mobile,/products
S01045,3,2026-03-15,Organic Search,Mobile,/pricing
S01046,1,2026-01-27,Direct,Mobile,/blog
S01046,2,2026-01-27,Direct,Mobile,/products
S01046,3,2026-01-27,Direct,Mobile,/features
S01046,4,2026-01-27,Direct,Mobile,/contact
S01047,1,2026-03-29,Organic Search,Mobile,/pricing
S01047,2,2026-03-29,Organic Search,Mobile,/products
S01047,3,2026-03-29,Organic Search,Mobile,/pricing
S01047,4,2026-03-29,Organic Search,Mobile,/features
S01048,1,2026-01-24,Social,Mobile,/products
S01049,1,2026-02-11,Email,Mobile,/features
S01050,1,2026-01-13,Organic Search,Mobile,/features
S01051,1,2026-02-03,Paid Search,Mobile,/blog
S01051,2,2026-02-03,Paid Search,Mobile,/products
S01051,3,2026-02-03,Paid Search,Mobile,/pricing
S01051,4,2026-02-03,Paid Search,Mobile,/features
S01052,1,2026-03-13,Organic Search,Mobile,/pricing
S01053,1,2026-03-22,Organic Search,Desktop,/contact
S01053,2,2026-03-22,Organic Search,Desktop,/features
S01053,3,2026-03-22,Organic Search,Desktop,/blog
S01053,4,2026-03-22,Organic Search,Desktop,/products
S01054,1,2026-01-27,Organic Search,Mobile,/blog
S01055,1,2026-03-01,Organic Search,Mobile,/products
S01056,1,2026-02-15,Paid Search,Mobile,/contact
S01057,1,2026-01-13,Email,Mobile,/features
S01057,2,2026-01-13,Email,Mobile,/products
S01057,3,2026-01-13,Email,Mobile,/pricing
S01057,4,2026-01-13,Email,Mobile,/signup
S01057,5,2026-01-13,Email,Mobile,/thank-you
S01058,1,2026-03-27,Organic Search,Mobile,/blog
S01059,1,2026-01-13,Direct,Desktop,/blog
S01059,2,2026-01-13,Direct,Desktop,/products
S01059,3,2026-01-13,Direct,Desktop,/features
S01059,4,2026-01-13,Direct,Desktop,/contact
S01060,1,2026-01-27,Paid Search,Desktop,/products
S01061,1,2026-01-15,Referral,Desktop,/pricing
S01061,2,2026-01-15,Referral,Desktop,/products
S01061,3,2026-01-15,Referral,Desktop,/pricing
S01061,4,2026-01-15,Referral,Desktop,/signup
S01061,5,2026-01-15,Referral,Desktop,/features
S01061,6,2026-01-15,Referral,Desktop,/blog
S01062,1,2026-02-24,Paid Search,Mobile,/products
S01063,1,2026-03-27,Organic Search,Mobile,/blog
S01064,1,2026-02-15,Paid Search,Mobile,/products
S01064,2,2026-02-15,Paid Search,Mobile,/features
S01065,1,2026-01-29,Direct,Mobile,/products
S01065,2,2026-01-29,Direct,Mobile,/pricing
S01065,3,2026-01-29,Direct,Mobile,/features
S01065,4,2026-01-29,Direct,Mobile,/blog
S01065,5,2026-01-29,Direct,Mobile,/contact
S01066,1,2026-03-22,Referral,Desktop,/contact
S01066,2,2026-03-22,Referral,Desktop,/products
S01067,1,2026-03-25,Direct,Mobile,/
S01068,1,2026-03-27,Paid Search,Mobile,/features
S01069,1,2026-02-18,Organic Search,Mobile,/products
S01070,1,2026-03-30,Direct,Mobile,/
S01070,2,2026-03-30,Direct,Mobile,/features
S01070,3,2026-03-30,Direct,Mobile,/blog
S01071,1,2026-01-08,Email,Desktop,/
S01071,2,2026-01-08,Email,Desktop,/features
S01072,1,2026-01-22,Paid Search,Mobile,/products
S01073,1,2026-03-25,Direct,Mobile,/pricing
S01073,2,2026-03-25,Direct,Mobile,/products
S01073,3,2026-03-25,Direct,Mobile,/features
S01073,4,2026-03-25,Direct,Mobile,/blog
S01074,1,2026-03-25,Referral,Mobile,/products
S01074,2,2026-03-25,Referral,Mobile,/features
S01074,3,2026-03-25,Referral,Mobile,/blog
S01074,4,2026-03-25,Referral,Mobile,/contact
S01074,5,2026-03-25,Referral,Mobile,/pricing
S01075,1,2026-03-28,Email,Desktop,/blog
S01076,1,2026-03-18,Direct,Mobile,/pricing
S01077,1,2026-01-26,Direct,Desktop,/
S01077,2,2026-01-26,Direct,Desktop,/products
S01077,3,2026-01-26,Direct,Desktop,/pricing
S01077,4,2026-01-26,Direct,Desktop,/features
S01078,1,2026-02-15,Direct,Mobile,/products
S01079,1,2026-01-04,Paid Search,Mobile,/
S01079,2,2026-01-04,Paid Search,Mobile,/features
S01079,3,2026-01-04,Paid Search,Mobile,/blog
S01079,4,2026-01-04,Paid Search,Mobile,/contact
S01079,5,2026-01-04,Paid Search,Mobile,/products
S01080,1,2026-02-23,Direct,Desktop,/
S01080,2,2026-02-23,Direct,Desktop,/products
S01080,3,2026-02-23,Direct,Desktop,/pricing
S01080,4,2026-02-23,Direct,Desktop,/signup
S01080,5,2026-02-23,Direct,Desktop,/thank-you
S01081,1,2026-03-01,Organic Search,Mobile,/products
S01082,1,2026-01-01,Email,Mobile,/blog
S01082,2,2026-01-01,Email,Mobile,/features
S01082,3,2026-01-01,Email,Mobile,/contact
S01082,4,2026-01-01,Email,Mobile,/products
S01082,5,2026-01-01,Email,Mobile,/pricing
S01083,1,2026-03-09,Referral,Mobile,/blog
S01084,1,2026-03-20,Email,Mobile,/features
S01084,2,2026-03-20,Email,Mobile,/products
S01084,3,2026-03-20,Email,Mobile,/blog
S01084,4,2026-03-20,Email,Mobile,/contact
S01084,5,2026-03-20,Email,Mobile,/pricing
S01085,1,2026-02-06,Referral,Mobile,/blog
S01085,2,2026-02-06,Referral,Mobile,/products
S01086,1,2026-01-22,Social,Desktop,/pricing
S01087,1,2026-02-01,Social,Mobile,/products
S01088,1,2026-02-15,Social,Mobile,/
S01089,1,2026-01-03,Direct,Mobile,/blog
S01089,2,2026-01-03,Direct,Mobile,/products
S01089,3,2026-01-03,Direct,Mobile,/pricing
S01089,4,2026-01-03,Direct,Mobile,/signup
S01090,1,2026-03-02,Direct,Desktop,/products
S01090,2,2026-03-02,Direct,Desktop,/features
S01090,3,2026-03-02,Direct,Desktop,/blog
S01090,4,2026-03-02,Direct,Desktop,/contact
S01090,5,2026-03-02,Direct,Desktop,/pricing
S01091,1,2026-02-25,Organic Search,Mobile,/products
S01091,2,2026-02-25,Organic Search,Mobile,/features
S01091,3,2026-02-25,Organic Search,Mobile,/blog
S01092,1,2026-03-14,Paid Search,Mobile,/contact
S01092,2,2026-03-14,Paid Search,Mobile,/products
S01093,1,2026-03-17,Organic Search,Desktop,/
S01093,2,2026-03-17,Organic Search,Desktop,/features
S01093,3,2026-03-17,Organic Search,Desktop,/blog
S01093,4,2026-03-17,Organic Search,Desktop,/contact
S01093,5,2026-03-17,Organic Search,Desktop,/products
S01093,6,2026-03-17,Organic Search,Desktop,/pricing
S01094,1,2026-03-13,Organic Search,Desktop,/
S01094,2,2026-03-13,Organic Search,Desktop,/products
S01094,3,2026-03-13,Organic Search,Desktop,/features
S01094,4,2026-03-13,Organic Search,Desktop,/blog
S01094,5,2026-03-13,Organic Search,Desktop,/contact
S01094,6,2026-03-13,Organic Search,Desktop,/pricing
S01095,1,2026-02-27,Paid Search,Tablet,/contact
S01095,2,2026-02-27,Paid Search,Tablet,/products
S01095,3,2026-02-27,Paid Search,Tablet,/pricing
S01095,4,2026-02-27,Paid Search,Tablet,/features
S01096,1,2026-02-27,Direct,Mobile,/products
S01097,1,2026-01-28,Organic Search,Mobile,/products
S01097,2,2026-01-28,Organic Search,Mobile,/features
S01097,3,2026-01-28,Organic Search,Mobile,/blog
S01097,4,2026-01-28,Organic Search,Mobile,/contact
S01098,1,2026-01-28,Social,Mobile,/
S01099,1,2026-03-08,Email,Desktop,/products
S01099,2,2026-03-08,Email,Desktop,/pricing
S01099,3,2026-03-08,Email,Desktop,/signup
S01099,4,2026-03-08,Email,Desktop,/thank-you
S01099,5,2026-03-08,Email,Desktop,/features
S01100,1,2026-03-17,Organic Search,Mobile,/contact
S01100,2,2026-03-17,Organic Search,Mobile,/products
S01100,3,2026-03-17,Organic Search,Mobile,/pricing
S01101,1,2026-02-23,Organic Search,Mobile,/blog
S01102,1,2026-01-27,Direct,Mobile,/pricing
S01102,2,2026-01-27,Direct,Mobile,/products
S01102,3,2026-01-27,Direct,Mobile,/features
S01102,4,2026-01-27,Direct,Mobile,/blog
S01102,5,2026-01-27,Direct,Mobile,/contact
S01103,1,2026-02-08,Social,Desktop,/products
S01104,1,2026-03-17,Social,Desktop,/products
S01105,1,2026-03-05,Organic Search,Mobile,/blog
S01105,2,2026-03-05,Organic Search,Mobile,/products
S01106,1,2026-01-25,Social,Tablet,/products
S01107,1,2026-02-09,Organic Search,Tablet,/
S01107,2,2026-02-09,Organic Search,Tablet,/features
S01107,3,2026-02-09,Organic Search,Tablet,/blog
S01107,4,2026-02-09,Organic Search,Tablet,/contact
S01107,5,2026-02-09,Organic Search,Tablet,/products
S01107,6,2026-02-09,Organic Search,Tablet,/pricing
S01108,1,2026-02-06,Direct,Mobile,/blog
S01109,1,2026-01-01,Referral,Mobile,/features
S01109,2,2026-01-01,Referral,Mobile,/products
S01109,3,2026-01-01,Referral,Mobile,/blog
S01110,1,2026-02-04,Organic Search,Desktop,/features
S01111,1,2026-02-22,Organic Search,Mobile,/features
S01112,1,2026-03-04,Direct,Mobile,/pricing
S01112,2,2026-03-04,Direct,Mobile,/products
S01112,3,2026-03-04,Direct,Mobile,/features
S01112,4,2026-03-04,Direct,Mobile,/blog
S01113,1,2026-03-06,Paid Search,Mobile,/features
S01114,1,2026-02-28,Referral,Tablet,/contact
S01114,2,2026-02-28,Referral,Tablet,/products
S01114,3,2026-02-28,Referral,Tablet,/pricing
S01114,4,2026-02-28,Referral,Tablet,/signup
S01114,5,2026-02-28,Referral,Tablet,/thank-you
S01115,1,2026-03-13,Referral,Mobile,/
S01115,2,2026-03-13,Referral,Mobile,/features
S01116,1,2026-01-22,Organic Search,Desktop,/products
S01117,1,2026-01-02,Organic Search,Mobile,/products
S01117,2,2026-01-02,Organic Search,Mobile,/features
S01117,3,2026-01-02,Organic Search,Mobile,/blog
S01117,4,2026-01-02,Organic Search,Mobile,/contact
S01117,5,2026-01-02,Organic Search,Mobile,/pricing
S01118,1,2026-01-28,Social,Mobile,/contact
S01119,1,2026-02-23,Organic Search,Desktop,/contact
S01120,1,2026-03-08,Email,Mobile,/features
S01120,2,2026-03-08,Email,Mobile,/products
S01120,3,2026-03-08,Email,Mobile,/pricing
S01121,1,2026-01-26,Paid Search,Mobile,/products
S01122,1,2026-01-07,Organic Search,Mobile,/contact
S01123,1,2026-01-07,Social,Desktop,/
S01124,1,2026-03-23,Organic Search,Mobile,/products
S01124,2,2026-03-23,Organic Search,Mobile,/pricing
S01124,3,2026-03-23,Organic Search,Mobile,/features
S01124,4,2026-03-23,Organic Search,Mobile,/blog
S01125,1,2026-02-16,Direct,Mobile,/blog
S01125,2,2026-02-16,Direct,Mobile,/features
S01125,3,2026-02-16,Direct,Mobile,/contact
S01126,1,2026-03-21,Direct,Mobile,/features
S01126,2,2026-03-21,Direct,Mobile,/products
S01127,1,2026-01-19,Direct,Mobile,/features
S01127,2,2026-01-19,Direct,Mobile,/products
S01127,3,2026-01-19,Direct,Mobile,/pricing
S01127,4,2026-01-19,Direct,Mobile,/blog
S01128,1,2026-01-02,Paid Search,Mobile,/products
S01128,2,2026-01-02,Paid Search,Mobile,/features
S01128,3,2026-01-02,Paid Search,Mobile,/blog
S01128,4,2026-01-02,Paid Search,Mobile,/contact
S01128,5,2026-01-02,Paid Search,Mobile,/pricing
S01129,1,2026-02-28,Paid Search,Mobile,/products
S01130,1,2026-03-11,Referral,Mobile,/pricing
S01131,1,2026-02-12,Referral,Mobile,/
S01131,2,2026-02-12,Referral,Mobile,/features
S01131,3,2026-02-12,Referral,Mobile,/blog
S01131,4,2026-02-12,Referral,Mobile,/contact
S01131,5,2026-02-12,Referral,Mobile,/products
S01131,6,2026-02-12,Referral,Mobile,/pricing
S01132,1,2026-01-01,Direct,Desktop,/features
S01132,2,2026-01-01,Direct,Desktop,/products
S01132,3,2026-01-01,Direct,Desktop,/blog
S01132,4,2026-01-01,Direct,Desktop,/contact
S01132,5,2026-01-01,Direct,Desktop,/pricing
S01133,1,2026-03-06,Organic Search,Desktop,/products
S01133,2,2026-03-06,Organic Search,Desktop,/pricing
S01133,3,2026-03-06,Organic Search,Desktop,/features
S01134,1,2026-01-28,Social,Mobile,/products
S01135,1,2026-01-15,Referral,Mobile,/products
S01135,2,2026-01-15,Referral,Mobile,/features
S01135,3,2026-01-15,Referral,Mobile,/blog
S01135,4,2026-01-15,Referral,Mobile,/contact
S01136,1,2026-01-24,Organic Search,Mobile,/blog
S01136,2,2026-01-24,Organic Search,Mobile,/products
S01136,3,2026-01-24,Organic Search,Mobile,/features
S01136,4,2026-01-24,Organic Search,Mobile,/contact
S01137,1,2026-01-01,Direct,Tablet,/features
S01138,1,2026-03-12,Direct,Mobile,/products
S01138,2,2026-03-12,Direct,Mobile,/features
S01138,3,2026-03-12,Direct,Mobile,/blog
S01139,1,2026-02-11,Organic Search,Mobile,/
S01140,1,2026-01-13,Paid Search,Mobile,/contact
S01140,2,2026-01-13,Paid Search,Mobile,/features
S01140,3,2026-01-13,Paid Search,Mobile,/blog
S01140,4,2026-01-13,Paid Search,Mobile,/products
S01140,5,2026-01-13,Paid Search,Mobile,/pricing
S01141,1,2026-03-18,Direct,Mobile,/pricing
S01141,2,2026-03-18,Direct,Mobile,/products
S01141,3,2026-03-18,Direct,Mobile,/pricing
S01142,1,2026-01-27,Social,Mobile,/products
S01142,2,2026-01-27,Social,Mobile,/pricing
S01142,3,2026-01-27,Social,Mobile,/signup
S01143,1,2026-02-13,Social,Mobile,/products
S01143,2,2026-02-13,Social,Mobile,/features
S01144,1,2026-03-07,Social,Desktop,/contact
S01145,1,2026-02-23,Direct,Desktop,/blog
S01145,2,2026-02-23,Direct,Desktop,/products
S01146,1,2026-01-03,Direct,Desktop,/products
S01147,1,2026-02-14,Social,Desktop,/
S01148,1,2026-01-25,Social,Mobile,/products
S01149,1,2026-03-21,Direct,Desktop,/products
S01149,2,2026-03-21,Direct,Desktop,/features
S01149,3,2026-03-21,Direct,Desktop,/blog
S01149,4,2026-03-21,Direct,Desktop,/contact
S01150,1,2026-03-31,Email,Desktop,/
S01151,1,2026-02-23,Organic Search,Desktop,/products
S01151,2,2026-02-23,Organic Search,Desktop,/features
S01151,3,2026-02-23,Organic Search,Desktop,/blog
S01152,1,2026-03-19,Email,Desktop,/
S01152,2,2026-03-19,Email,Desktop,/features
S01152,3,2026-03-19,Email,Desktop,/blog
S01152,4,2026-03-19,Email,Desktop,/contact
S01152,5,2026-03-19,Email,Desktop,/products
S01153,1,2026-02-22,Organic Search,Mobile,/products
S01153,2,2026-02-22,Organic Search,Mobile,/features
S01154,1,2026-02-28,Organic Search,Mobile,/pricing
S01155,1,2026-01-26,Direct,Mobile,/pricing
S01155,2,2026-01-26,Direct,Mobile,/products
S01155,3,2026-01-26,Direct,Mobile,/features
S01155,4,2026-01-26,Direct,Mobile,/blog
S01155,5,2026-01-26,Direct,Mobile,/contact
S01156,1,2026-02-08,Organic Search,Mobile,/features
S01157,1,2026-01-21,Organic Search,Mobile,/products
S01158,1,2026-03-08,Organic Search,Mobile,/features
S01158,2,2026-03-08,Organic Search,Mobile,/products
S01158,3,2026-03-08,Organic Search,Mobile,/blog
S01159,1,2026-03-11,Direct,Mobile,/features
S01159,2,2026-03-11,Direct,Mobile,/products
S01159,3,2026-03-11,Direct,Mobile,/pricing
S01159,4,2026-03-11,Direct,Mobile,/signup
S01159,5,2026-03-11,Direct,Mobile,/thank-you
S01159,6,2026-03-11,Direct,Mobile,/blog
S01160,1,2026-02-07,Social,Desktop,/contact
S01161,1,2026-01-29,Organic Search,Desktop,/products
S01162,1,2026-01-07,Paid Search,Mobile,/products
S01163,1,2026-01-24,Social,Mobile,/blog
S01164,1,2026-02-15,Organic Search,Mobile,/
S01165,1,2026-03-21,Organic Search,Desktop,/
S01166,1,2026-02-28,Email,Desktop,/
S01166,2,2026-02-28,Email,Desktop,/features
S01166,3,2026-02-28,Email,Desktop,/blog
S01166,4,2026-02-28,Email,Desktop,/contact
S01167,1,2026-02-16,Social,Desktop,/blog
S01168,1,2026-02-22,Direct,Mobile,/features
S01168,2,2026-02-22,Direct,Mobile,/products
S01168,3,2026-02-22,Direct,Mobile,/pricing
S01168,4,2026-02-22,Direct,Mobile,/blog
S01169,1,2026-02-03,Social,Mobile,/products
S01169,2,2026-02-03,Social,Mobile,/features
S01169,3,2026-02-03,Social,Mobile,/blog
S01169,4,2026-02-03,Social,Mobile,/contact
S01169,5,2026-02-03,Social,Mobile,/pricing
S01170,1,2026-02-16,Organic Search,Desktop,/contact
S01170,2,2026-02-16,Organic Search,Desktop,/features
S01170,3,2026-02-16,Organic Search,Desktop,/blog
S01171,1,2026-03-22,Direct,Tablet,/features
S01171,2,2026-03-22,Direct,Tablet,/products
S01171,3,2026-03-22,Direct,Tablet,/pricing
S01171,4,2026-03-22,Direct,Tablet,/blog
S01172,1,2026-03-30,Social,Mobile,/
S01172,2,2026-03-30,Social,Mobile,/features
S01172,3,2026-03-30,Social,Mobile,/blog
S01172,4,2026-03-30,Social,Mobile,/contact
S01172,5,2026-03-30,Social,Mobile,/products
S01172,6,2026-03-30,Social,Mobile,/pricing
S01173,1,2026-01-26,Organic Search,Mobile,/products
S01174,1,2026-01-01,Social,Mobile,/
S01174,2,2026-01-01,Social,Mobile,/features
S01174,3,2026-01-01,Social,Mobile,/blog
S01175,1,2026-01-25,Direct,Mobile,/features
S01176,1,2026-02-05,Social,Tablet,/blog
S01176,2,2026-02-05,Social,Tablet,/features
S01176,3,2026-02-05,Social,Tablet,/contact
S01177,1,2026-03-31,Direct,Desktop,/blog
S01178,1,2026-01-14,Direct,Mobile,/blog
S01178,2,2026-01-14,Direct,Mobile,/features
S01178,3,2026-01-14,Direct,Mobile,/contact
S01178,4,2026-01-14,Direct,Mobile,/products
S01178,5,2026-01-14,Direct,Mobile,/pricing
S01179,1,2026-03-21,Organic Search,Mobile,/products
S01180,1,2026-02-04,Organic Search,Mobile,/contact
S01180,2,2026-02-04,Organic Search,Mobile,/products
S01180,3,2026-02-04,Organic Search,Mobile,/features
S01180,4,2026-02-04,Organic Search,Mobile,/blog
S01180,5,2026-02-04,Organic Search,Mobile,/pricing
S01181,1,2026-03-11,Social,Mobile,/contact
S01182,1,2026-02-01,Organic Search,Mobile,/blog
S01183,1,2026-03-09,Organic Search,Desktop,/pricing
S01183,2,2026-03-09,Organic Search,Desktop,/products
S01183,3,2026-03-09,Organic Search,Desktop,/pricing
S01183,4,2026-03-09,Organic Search,Desktop,/signup
S01184,1,2026-01-05,Organic Search,Desktop,/
S01185,1,2026-01-21,Organic Search,Mobile,/
S01185,2,2026-01-21,Organic Search,Mobile,/features
S01185,3,2026-01-21,Organic Search,Mobile,/blog
S01185,4,2026-01-21,Organic Search,Mobile,/contact
S01186,1,2026-01-13,Social,Desktop,/
S01187,1,2026-03-12,Direct,Desktop,/blog
S01187,2,2026-03-12,Direct,Desktop,/products
S01187,3,2026-03-12,Direct,Desktop,/pricing
S01188,1,2026-03-11,Referral,Mobile,/features
S01188,2,2026-03-11,Referral,Mobile,/products
S01188,3,2026-03-11,Referral,Mobile,/pricing
S01188,4,2026-03-11,Referral,Mobile,/blog
S01188,5,2026-03-11,Referral,Mobile,/contact
S01189,1,2026-01-09,Organic Search,Desktop,/contact
S01189,2,2026-01-09,Organic Search,Desktop,/products
S01189,3,2026-01-09,Organic Search,Desktop,/features
S01190,1,2026-02-06,Paid Search,Desktop,/
S01190,2,2026-02-06,Paid Search,Desktop,/products
S01190,3,2026-02-06,Paid Search,Desktop,/features
S01190,4,2026-02-06,Paid Search,Desktop,/blog
S01190,5,2026-02-06,Paid Search,Desktop,/contact
S01190,6,2026-02-06,Paid Search,Desktop,/pricing
S01191,1,2026-02-25,Direct,Desktop,/products
S01191,2,2026-02-25,Direct,Desktop,/pricing
S01191,3,2026-02-25,Direct,Desktop,/features
S01191,4,2026-02-25,Direct,Desktop,/blog
S01192,1,2026-03-23,Direct,Mobile,/
S01192,2,2026-03-23,Direct,Mobile,/features
S01193,1,2026-02-16,Email,Mobile,/contact
S01193,2,2026-02-16,Email,Mobile,/products
S01193,3,2026-02-16,Email,Mobile,/features
S01193,4,2026-02-16,Email,Mobile,/blog
S01193,5,2026-02-16,Email,Mobile,/pricing
S01194,1,2026-03-31,Referral,Mobile,/features
S01194,2,2026-03-31,Referral,Mobile,/products
S01195,1,2026-03-10,Email,Mobile,/pricing
S01196,1,2026-03-21,Organic Search,Mobile,/pricing
S01196,2,2026-03-21,Organic Search,Mobile,/products
S01197,1,2026-03-29,Organic Search,Desktop,/pricing
S01198,1,2026-02-28,Paid Search,Mobile,/products
S01198,2,2026-02-28,Paid Search,Mobile,/features
S01199,1,2026-03-04,Organic Search,Mobile,/products
S01199,2,2026-03-04,Organic Search,Mobile,/features
S01199,3,2026-03-04,Organic Search,Mobile,/blog
S01199,4,2026-03-04,Organic Search,Mobile,/contact
S01199,5,2026-03-04,Organic Search,Mobile,/pricing
S01200,1,2026-02-20,Social,Tablet,/products
S01200,2,2026-02-20,Social,Tablet,/pricing
S01200,3,2026-02-20,Social,Tablet,/signup
S01201,1,2026-03-18,Paid Search,Mobile,/products
S01202,1,2026-03-08,Direct,Mobile,/pricing
S01203,1,2026-02-06,Social,Mobile,/products
S01203,2,2026-02-06,Social,Mobile,/pricing
S01203,3,2026-02-06,Social,Mobile,/signup
S01203,4,2026-02-06,Social,Mobile,/features
S01204,1,2026-01-01,Paid Search,Mobile,/blog
S01205,1,2026-03-23,Organic Search,Mobile,/pricing
S01205,2,2026-03-23,Organic Search,Mobile,/products
S01205,3,2026-03-23,Organic Search,Mobile,/features
S01206,1,2026-01-11,Organic Search,Desktop,/pricing
S01206,2,2026-01-11,Organic Search,Desktop,/products
S01206,3,2026-01-11,Organic Search,Desktop,/pricing
S01206,4,2026-01-11,Organic Search,Desktop,/signup
S01206,5,2026-01-11,Organic Search,Desktop,/thank-you
S01206,6,2026-01-11,Organic Search,Desktop,/features
S01207,1,2026-03-15,Paid Search,Mobile,/contact
S01208,1,2026-01-04,Direct,Mobile,/products
S01208,2,2026-01-04,Direct,Mobile,/pricing
S01208,3,2026-01-04,Direct,Mobile,/features
S01208,4,2026-01-04,Direct,Mobile,/blog
S01208,5,2026-01-04,Direct,Mobile,/contact
S01209,1,2026-03-04,Organic Search,Mobile,/blog
S01209,2,2026-03-04,Organic Search,Mobile,/features
S01209,3,2026-03-04,Organic Search,Mobile,/contact
S01210,1,2026-03-15,Direct,Desktop,/
S01211,1,2026-01-22,Social,Mobile,/blog
S01212,1,2026-01-14,Social,Desktop,/pricing
S01213,1,2026-03-04,Paid Search,Mobile,/products
S01214,1,2026-03-24,Direct,Desktop,/
S01215,1,2026-01-22,Organic Search,Mobile,/blog
S01215,2,2026-01-22,Organic Search,Mobile,/products
S01215,3,2026-01-22,Organic Search,Mobile,/features
S01215,4,2026-01-22,Organic Search,Mobile,/contact
S01215,5,2026-01-22,Organic Search,Mobile,/pricing
S01216,1,2026-02-24,Direct,Mobile,/blog
S01216,2,2026-02-24,Direct,Mobile,/features
S01216,3,2026-02-24,Direct,Mobile,/contact
S01216,4,2026-02-24,Direct,Mobile,/products
S01216,5,2026-02-24,Direct,Mobile,/pricing
S01217,1,2026-03-31,Organic Search,Mobile,/blog
S01218,1,2026-03-31,Paid Search,Desktop,/pricing
S01218,2,2026-03-31,Paid Search,Desktop,/products
S01218,3,2026-03-31,Paid Search,Desktop,/features
S01218,4,2026-03-31,Paid Search,Desktop,/blog
S01218,5,2026-03-31,Paid Search,Desktop,/contact
S01219,1,2026-02-27,Paid Search,Mobile,/blog
S01219,2,2026-02-27,Paid Search,Mobile,/features
S01219,3,2026-02-27,Paid Search,Mobile,/contact
S01220,1,2026-03-07,Organic Search,Mobile,/pricing
S01221,1,2026-02-12,Organic Search,Mobile,/products
S01222,1,2026-01-08,Organic Search,Mobile,/pricing
S01223,1,2026-02-25,Email,Mobile,/pricing
S01224,1,2026-02-13,Paid Search,Mobile,/features
S01224,2,2026-02-13,Paid Search,Mobile,/products
S01224,3,2026-02-13,Paid Search,Mobile,/pricing
S01224,4,2026-02-13,Paid Search,Mobile,/signup
S01224,5,2026-02-13,Paid Search,Mobile,/thank-you
S01225,1,2026-01-22,Organic Search,Mobile,/pricing
S01225,2,2026-01-22,Organic Search,Mobile,/products
S01225,3,2026-01-22,Organic Search,Mobile,/pricing
S01226,1,2026-01-16,Email,Mobile,/pricing
S01227,1,2026-03-17,Direct,Mobile,/contact
S01227,2,2026-03-17,Direct,Mobile,/products
S01227,3,2026-03-17,Direct,Mobile,/pricing
S01227,4,2026-03-17,Direct,Mobile,/features
S01228,1,2026-01-08,Direct,Mobile,/features
S01229,1,2026-03-09,Referral,Mobile,/products
S01230,1,2026-02-23,Organic Search,Mobile,/features
S01231,1,2026-01-18,Organic Search,Desktop,/
S01232,1,2026-02-02,Paid Search,Mobile,/features
S01233,1,2026-01-09,Organic Search,Desktop,/products
S01234,1,2026-02-10,Paid Search,Mobile,/products
S01235,1,2026-02-23,Organic Search,Mobile,/contact
S01235,2,2026-02-23,Organic Search,Mobile,/products
S01235,3,2026-02-23,Organic Search,Mobile,/features
S01236,1,2026-02-10,Organic Search,Mobile,/
S01236,2,2026-02-10,Organic Search,Mobile,/features
S01237,1,2026-02-19,Organic Search,Mobile,/features
S01238,1,2026-01-10,Direct,Desktop,/pricing
S01238,2,2026-01-10,Direct,Desktop,/products
S01238,3,2026-01-10,Direct,Desktop,/pricing
S01238,4,2026-01-10,Direct,Desktop,/signup
S01238,5,2026-01-10,Direct,Desktop,/features
S01239,1,2026-02-08,Organic Search,Desktop,/
S01239,2,2026-02-08,Organic Search,Desktop,/features
S01239,3,2026-02-08,Organic Search,Desktop,/blog
S01239,4,2026-02-08,Organic Search,Desktop,/contact
S01239,5,2026-02-08,Organic Search,Desktop,/products
S01239,6,2026-02-08,Organic Search,Desktop,/pricing
S01240,1,2026-01-01,Organic Search,Mobile,/contact
S01240,2,2026-01-01,Organic Search,Mobile,/features
S01241,1,2026-03-10,Email,Desktop,/pricing
S01242,1,2026-03-24,Direct,Mobile,/features
S01242,2,2026-03-24,Direct,Mobile,/products
S01242,3,2026-03-24,Direct,Mobile,/blog
S01242,4,2026-03-24,Direct,Mobile,/contact
S01243,1,2026-01-03,Direct,Mobile,/features
S01244,1,2026-02-01,Organic Search,Desktop,/
S01245,1,2026-02-12,Direct,Mobile,/products
S01245,2,2026-02-12,Direct,Mobile,/pricing
S01245,3,2026-02-12,Direct,Mobile,/features
S01246,1,2026-01-06,Organic Search,Mobile,/products
S01246,2,2026-01-06,Organic Search,Mobile,/pricing
S01246,3,2026-01-06,Organic Search,Mobile,/signup
S01247,1,2026-03-13,Paid Search,Desktop,/pricing
S01247,2,2026-03-13,Paid Search,Desktop,/products
S01247,3,2026-03-13,Paid Search,Desktop,/pricing
S01247,4,2026-03-13,Paid Search,Desktop,/features
S01247,5,2026-03-13,Paid Search,Desktop,/blog
S01248,1,2026-02-03,Organic Search,Tablet,/
S01248,2,2026-02-03,Organic Search,Tablet,/products
S01248,3,2026-02-03,Organic Search,Tablet,/features
S01249,1,2026-02-26,Email,Desktop,/products
S01250,1,2026-03-03,Referral,Mobile,/features
S01250,2,2026-03-03,Referral,Mobile,/products
S01250,3,2026-03-03,Referral,Mobile,/blog
S01250,4,2026-03-03,Referral,Mobile,/contact
S01250,5,2026-03-03,Referral,Mobile,/pricing
S01251,1,2026-02-12,Organic Search,Desktop,/
S01252,1,2026-02-19,Organic Search,Mobile,/blog
S01252,2,2026-02-19,Organic Search,Mobile,/features
S01252,3,2026-02-19,Organic Search,Mobile,/contact
S01252,4,2026-02-19,Organic Search,Mobile,/products
S01252,5,2026-02-19,Organic Search,Mobile,/pricing
S01253,1,2026-01-05,Organic Search,Mobile,/pricing
S01253,2,2026-01-05,Organic Search,Mobile,/products
S01253,3,2026-01-05,Organic Search,Mobile,/pricing
S01253,4,2026-01-05,Organic Search,Mobile,/features
S01254,1,2026-01-26,Paid Search,Mobile,/
S01255,1,2026-01-30,Organic Search,Desktop,/
S01255,2,2026-01-30,Organic Search,Desktop,/features
S01255,3,2026-01-30,Organic Search,Desktop,/blog
S01255,4,2026-01-30,Organic Search,Desktop,/contact
S01255,5,2026-01-30,Organic Search,Desktop,/products
S01256,1,2026-01-25,Email,Desktop,/
S01257,1,2026-02-20,Social,Desktop,/blog
S01258,1,2026-02-26,Social,Mobile,/
S01258,2,2026-02-26,Social,Mobile,/features
S01259,1,2026-02-24,Direct,Mobile,/features
S01260,1,2026-02-04,Referral,Mobile,/features
S01261,1,2026-01-29,Organic Search,Desktop,/
S01261,2,2026-01-29,Organic Search,Desktop,/products
S01261,3,2026-01-29,Organic Search,Desktop,/pricing
S01262,1,2026-02-24,Direct,Mobile,/features
S01263,1,2026-03-20,Direct,Mobile,/contact
S01264,1,2026-01-22,Referral,Desktop,/
S01265,1,2026-01-10,Paid Search,Mobile,/contact
S01266,1,2026-02-01,Social,Desktop,/products
S01267,1,2026-01-22,Organic Search,Mobile,/blog
S01267,2,2026-01-22,Organic Search,Mobile,/features
S01267,3,2026-01-22,Organic Search,Mobile,/contact
S01267,4,2026-01-22,Organic Search,Mobile,/products
S01268,1,2026-03-16,Referral,Desktop,/
S01269,1,2026-03-18,Direct,Mobile,/features
S01269,2,2026-03-18,Direct,Mobile,/products
S01269,3,2026-03-18,Direct,Mobile,/blog
S01269,4,2026-03-18,Direct,Mobile,/contact
S01269,5,2026-03-18,Direct,Mobile,/pricing
S01270,1,2026-02-19,Direct,Mobile,/features
S01271,1,2026-02-05,Referral,Mobile,/contact
S01272,1,2026-02-05,Direct,Mobile,/contact
S01272,2,2026-02-05,Direct,Mobile,/products
S01273,1,2026-01-24,Direct,Desktop,/
S01273,2,2026-01-24,Direct,Desktop,/features
S01273,3,2026-01-24,Direct,Desktop,/blog
S01274,1,2026-01-19,Paid Search,Mobile,/blog
S01275,1,2026-02-18,Organic Search,Mobile,/products
S01276,1,2026-02-24,Direct,Desktop,/
S01276,2,2026-02-24,Direct,Desktop,/products
S01276,3,2026-02-24,Direct,Desktop,/pricing
S01277,1,2026-02-21,Organic Search,Mobile,/
S01278,1,2026-02-06,Organic Search,Desktop,/contact
S01279,1,2026-03-13,Email,Desktop,/blog
S01279,2,2026-03-13,Email,Desktop,/products
S01279,3,2026-03-13,Email,Desktop,/pricing
S01279,4,2026-03-13,Email,Desktop,/signup
S01280,1,2026-01-29,Paid Search,Mobile,/
S01280,2,2026-01-29,Paid Search,Mobile,/features
S01280,3,2026-01-29,Paid Search,Mobile,/blog
S01280,4,2026-01-29,Paid Search,Mobile,/contact
S01280,5,2026-01-29,Paid Search,Mobile,/products
S01280,6,2026-01-29,Paid Search,Mobile,/pricing
S01281,1,2026-03-06,Direct,Desktop,/contact
S01281,2,2026-03-06,Direct,Desktop,/products
S01281,3,2026-03-06,Direct,Desktop,/pricing
S01281,4,2026-03-06,Direct,Desktop,/signup
S01281,5,2026-03-06,Direct,Desktop,/thank-you
S01282,1,2026-02-27,Direct,Mobile,/features
S01283,1,2026-02-02,Direct,Mobile,/products
S01283,2,2026-02-02,Direct,Mobile,/pricing
S01284,1,2026-02-22,Paid Search,Mobile,/pricing
S01285,1,2026-01-20,Referral,Desktop,/blog
S01285,2,2026-01-20,Referral,Desktop,/products
S01285,3,2026-01-20,Referral,Desktop,/features
S01285,4,2026-01-20,Referral,Desktop,/contact
S01285,5,2026-01-20,Referral,Desktop,/pricing
S01286,1,2026-01-20,Referral,Mobile,/blog
S01287,1,2026-02-03,Direct,Mobile,/pricing
S01287,2,2026-02-03,Direct,Mobile,/products
S01287,3,2026-02-03,Direct,Mobile,/pricing
S01288,1,2026-03-11,Direct,Tablet,/pricing
S01288,2,2026-03-11,Direct,Tablet,/products
S01288,3,2026-03-11,Direct,Tablet,/features
S01288,4,2026-03-11,Direct,Tablet,/blog
S01288,5,2026-03-11,Direct,Tablet,/contact
S01289,1,2026-03-12,Direct,Mobile,/
S01290,1,2026-03-11,Paid Search,Desktop,/pricing
S01290,2,2026-03-11,Paid Search,Desktop,/products
S01290,3,2026-03-11,Paid Search,Desktop,/pricing
S01290,4,2026-03-11,Paid Search,Desktop,/signup
S01291,1,2026-02-04,Direct,Desktop,/products
S01291,2,2026-02-04,Direct,Desktop,/features
S01291,3,2026-02-04,Direct,Desktop,/blog
S01291,4,2026-02-04,Direct,Desktop,/contact
S01291,5,2026-02-04,Direct,Desktop,/pricing
S01292,1,2026-02-24,Paid Search,Desktop,/products
S01292,2,2026-02-24,Paid Search,Desktop,/features
S01292,3,2026-02-24,Paid Search,Desktop,/blog
S01292,4,2026-02-24,Paid Search,Desktop,/contact
S01293,1,2026-03-30,Direct,Desktop,/products
S01294,1,2026-02-24,Direct,Tablet,/blog
S01295,1,2026-03-11,Direct,Mobile,/products
S01295,2,2026-03-11,Direct,Mobile,/pricing
S01295,3,2026-03-11,Direct,Mobile,/signup
S01295,4,2026-03-11,Direct,Mobile,/thank-you
S01296,1,2026-01-27,Direct,Desktop,/products
S01296,2,2026-01-27,Direct,Desktop,/pricing
S01296,3,2026-01-27,Direct,Desktop,/signup
S01297,1,2026-02-26,Organic Search,Desktop,/
S01298,1,2026-02-05,Organic Search,Desktop,/contact
S01299,1,2026-03-21,Social,Mobile,/products
S01299,2,2026-03-21,Social,Mobile,/pricing
S01300,1,2026-03-19,Direct,Tablet,/products
S01301,1,2026-03-14,Organic Search,Mobile,/products
S01302,1,2026-03-17,Paid Search,Mobile,/blog
S01303,1,2026-02-18,Social,Mobile,/pricing
S01303,2,2026-02-18,Social,Mobile,/products
S01303,3,2026-02-18,Social,Mobile,/features
S01303,4,2026-02-18,Social,Mobile,/blog
S01303,5,2026-02-18,Social,Mobile,/contact
S01304,1,2026-03-19,Organic Search,Mobile,/products
S01304,2,2026-03-19,Organic Search,Mobile,/pricing
S01304,3,2026-03-19,Organic Search,Mobile,/signup
S01304,4,2026-03-19,Organic Search,Mobile,/thank-you
S01305,1,2026-01-04,Social,Desktop,/features
S01305,2,2026-01-04,Social,Desktop,/products
S01305,3,2026-01-04,Social,Desktop,/pricing
S01305,4,2026-01-04,Social,Desktop,/signup
S01305,5,2026-01-04,Social,Desktop,/thank-you
S01306,1,2026-03-18,Referral,Mobile,/blog
S01307,1,2026-02-23,Paid Search,Desktop,/pricing
S01307,2,2026-02-23,Paid Search,Desktop,/products
S01307,3,2026-02-23,Paid Search,Desktop,/pricing
S01308,1,2026-03-17,Paid Search,Desktop,/pricing
S01309,1,2026-03-07,Organic Search,Mobile,/contact
S01309,2,2026-03-07,Organic Search,Mobile,/products
S01309,3,2026-03-07,Organic Search,Mobile,/pricing
S01310,1,2026-02-12,Referral,Desktop,/contact
S01311,1,2026-03-14,Direct,Mobile,/blog
S01311,2,2026-03-14,Direct,Mobile,/products
S01311,3,2026-03-14,Direct,Mobile,/features
S01311,4,2026-03-14,Direct,Mobile,/contact
S01312,1,2026-02-01,Referral,Desktop,/blog
S01312,2,2026-02-01,Referral,Desktop,/products
S01313,1,2026-02-11,Paid Search,Tablet,/features
S01313,2,2026-02-11,Paid Search,Tablet,/products
S01313,3,2026-02-11,Paid Search,Tablet,/blog
S01314,1,2026-03-28,Organic Search,Mobile,/contact
S01315,1,2026-02-19,Organic Search,Desktop,/
S01315,2,2026-02-19,Organic Search,Desktop,/products
S01315,3,2026-02-19,Organic Search,Desktop,/features
S01315,4,2026-02-19,Organic Search,Desktop,/blog
S01316,1,2026-03-10,Paid Search,Mobile,/contact
S01316,2,2026-03-10,Paid Search,Mobile,/features
S01316,3,2026-03-10,Paid Search,Mobile,/blog
S01317,1,2026-02-07,Paid Search,Mobile,/blog
S01318,1,2026-01-02,Organic Search,Desktop,/blog
S01318,2,2026-01-02,Organic Search,Desktop,/products
S01318,3,2026-01-02,Organic Search,Desktop,/pricing
S01318,4,2026-01-02,Organic Search,Desktop,/features
S01319,1,2026-03-31,Social,Mobile,/products
S01319,2,2026-03-31,Social,Mobile,/pricing
S01319,3,2026-03-31,Social,Mobile,/features
S01320,1,2026-01-15,Email,Desktop,/products
S01320,2,2026-01-15,Email,Desktop,/features
S01321,1,2026-02-21,Direct,Mobile,/features
S01321,2,2026-02-21,Direct,Mobile,/products
S01321,3,2026-02-21,Direct,Mobile,/blog
S01322,1,2026-03-03,Direct,Mobile,/blog
S01323,1,2026-03-18,Organic Search,Desktop,/products
S01323,2,2026-03-18,Organic Search,Desktop,/pricing
S01323,3,2026-03-18,Organic Search,Desktop,/signup
S01323,4,2026-03-18,Organic Search,Desktop,/features
S01323,5,2026-03-18,Organic Search,Desktop,/blog
S01323,6,2026-03-18,Organic Search,Desktop,/contact
S01324,1,2026-03-10,Social,Mobile,/blog
S01325,1,2026-03-15,Direct,Desktop,/
S01325,2,2026-03-15,Direct,Desktop,/products
S01325,3,2026-03-15,Direct,Desktop,/features
S01326,1,2026-01-10,Email,Mobile,/pricing
S01326,2,2026-01-10,Email,Mobile,/products
S01326,3,2026-01-10,Email,Mobile,/pricing
S01326,4,2026-01-10,Email,Mobile,/features
S01327,1,2026-02-01,Direct,Desktop,/pricing
S01327,2,2026-02-01,Direct,Desktop,/products
S01327,3,2026-02-01,Direct,Desktop,/pricing
S01328,1,2026-02-20,Paid Search,Mobile,/blog
S01328,2,2026-02-20,Paid Search,Mobile,/products
S01328,3,2026-02-20,Paid Search,Mobile,/pricing
S01328,4,2026-02-20,Paid Search,Mobile,/signup
S01328,5,2026-02-20,Paid Search,Mobile,/features
S01329,1,2026-03-17,Organic Search,Mobile,/
S01329,2,2026-03-17,Organic Search,Mobile,/features
S01329,3,2026-03-17,Organic Search,Mobile,/blog
S01329,4,2026-03-17,Organic Search,Mobile,/contact
S01329,5,2026-03-17,Organic Search,Mobile,/products
S01330,1,2026-02-20,Organic Search,Mobile,/
S01331,1,2026-03-25,Social,Mobile,/products
S01331,2,2026-03-25,Social,Mobile,/pricing
S01331,3,2026-03-25,Social,Mobile,/features
S01331,4,2026-03-25,Social,Mobile,/blog
S01332,1,2026-02-06,Direct,Tablet,/blog
S01333,1,2026-02-03,Direct,Mobile,/contact
S01333,2,2026-02-03,Direct,Mobile,/products
S01333,3,2026-02-03,Direct,Mobile,/features
S01334,1,2026-02-19,Referral,Mobile,/features
S01334,2,2026-02-19,Referral,Mobile,/products
S01334,3,2026-02-19,Referral,Mobile,/blog
S01334,4,2026-02-19,Referral,Mobile,/contact
S01334,5,2026-02-19,Referral,Mobile,/pricing
S01335,1,2026-01-11,Referral,Desktop,/blog
S01335,2,2026-01-11,Referral,Desktop,/products
S01335,3,2026-01-11,Referral,Desktop,/pricing
S01336,1,2026-01-05,Email,Mobile,/products
S01336,2,2026-01-05,Email,Mobile,/features
S01336,3,2026-01-05,Email,Mobile,/blog
S01336,4,2026-01-05,Email,Mobile,/contact
S01336,5,2026-01-05,Email,Mobile,/pricing
S01337,1,2026-01-27,Organic Search,Mobile,/
S01337,2,2026-01-27,Organic Search,Mobile,/products
S01337,3,2026-01-27,Organic Search,Mobile,/pricing
S01337,4,2026-01-27,Organic Search,Mobile,/signup
S01337,5,2026-01-27,Organic Search,Mobile,/thank-you
S01338,1,2026-02-07,Paid Search,Mobile,/features
S01338,2,2026-02-07,Paid Search,Mobile,/products
S01338,3,2026-02-07,Paid Search,Mobile,/blog
S01338,4,2026-02-07,Paid Search,Mobile,/contact
S01338,5,2026-02-07,Paid Search,Mobile,/pricing
S01339,1,2026-02-04,Email,Mobile,/pricing
S01339,2,2026-02-04,Email,Mobile,/products
S01340,1,2026-01-16,Direct,Desktop,/
S01341,1,2026-03-17,Organic Search,Desktop,/pricing
S01341,2,2026-03-17,Organic Search,Desktop,/products
S01341,3,2026-03-17,Organic Search,Desktop,/pricing
S01342,1,2026-02-25,Social,Desktop,/blog
S01343,1,2026-02-09,Direct,Desktop,/products
S01343,2,2026-02-09,Direct,Desktop,/pricing
S01343,3,2026-02-09,Direct,Desktop,/signup
S01343,4,2026-02-09,Direct,Desktop,/thank-you
S01344,1,2026-02-19,Paid Search,Mobile,/
S01345,1,2026-03-02,Referral,Mobile,/blog
S01345,2,2026-03-02,Referral,Mobile,/features
S01345,3,2026-03-02,Referral,Mobile,/contact
S01346,1,2026-01-01,Paid Search,Desktop,/
S01346,2,2026-01-01,Paid Search,Desktop,/products
S01346,3,2026-01-01,Paid Search,Desktop,/features
S01347,1,2026-03-24,Direct,Tablet,/pricing
S01347,2,2026-03-24,Direct,Tablet,/products
S01347,3,2026-03-24,Direct,Tablet,/features
S01347,4,2026-03-24,Direct,Tablet,/blog
S01347,5,2026-03-24,Direct,Tablet,/contact
S01348,1,2026-03-28,Direct,Desktop,/features
S01348,2,2026-03-28,Direct,Desktop,/products
S01348,3,2026-03-28,Direct,Desktop,/blog
S01348,4,2026-03-28,Direct,Desktop,/contact
S01348,5,2026-03-28,Direct,Desktop,/pricing
S01349,1,2026-01-12,Direct,Mobile,/contact
S01349,2,2026-01-12,Direct,Mobile,/products
S01349,3,2026-01-12,Direct,Mobile,/features
S01350,1,2026-02-06,Organic Search,Desktop,/products
S01351,1,2026-03-17,Social,Desktop,/
S01352,1,2026-01-20,Social,Desktop,/pricing
S01352,2,2026-01-20,Social,Desktop,/products
S01352,3,2026-01-20,Social,Desktop,/pricing
S01352,4,2026-01-20,Social,Desktop,/signup
S01353,1,2026-02-16,Organic Search,Desktop,/products
S01353,2,2026-02-16,Organic Search,Desktop,/features
S01353,3,2026-02-16,Organic Search,Desktop,/blog
S01353,4,2026-02-16,Organic Search,Desktop,/contact
S01353,5,2026-02-16,Organic Search,Desktop,/pricing
S01354,1,2026-02-14,Organic Search,Mobile,/features
S01354,2,2026-02-14,Organic Search,Mobile,/products
S01354,3,2026-02-14,Organic Search,Mobile,/pricing
S01354,4,2026-02-14,Organic Search,Mobile,/signup
S01354,5,2026-02-14,Organic Search,Mobile,/thank-you
S01355,1,2026-03-06,Email,Mobile,/blog
S01356,1,2026-02-25,Organic Search,Mobile,/products
S01357,1,2026-01-06,Direct,Mobile,/blog
S01357,2,2026-01-06,Direct,Mobile,/products
S01357,3,2026-01-06,Direct,Mobile,/pricing
S01357,4,2026-01-06,Direct,Mobile,/signup
S01357,5,2026-01-06,Direct,Mobile,/thank-you
S01358,1,2026-03-27,Direct,Desktop,/products
S01358,2,2026-03-27,Direct,Desktop,/features
S01358,3,2026-03-27,Direct,Desktop,/blog
S01358,4,2026-03-27,Direct,Desktop,/contact
S01358,5,2026-03-27,Direct,Desktop,/pricing
S01359,1,2026-03-17,Paid Search,Mobile,/pricing
S01360,1,2026-03-27,Organic Search,Mobile,/contact
S01361,1,2026-01-06,Paid Search,Mobile,/products
S01362,1,2026-03-06,Direct,Desktop,/products
S01362,2,2026-03-06,Direct,Desktop,/features
S01362,3,2026-03-06,Direct,Desktop,/blog
S01362,4,2026-03-06,Direct,Desktop,/contact
S01363,1,2026-02-12,Paid Search,Mobile,/features
S01363,2,2026-02-12,Paid Search,Mobile,/products
S01364,1,2026-03-09,Organic Search,Mobile,/pricing
S01364,2,2026-03-09,Organic Search,Mobile,/products
S01364,3,2026-03-09,Organic Search,Mobile,/features
S01365,1,2026-02-03,Direct,Desktop,/products
S01365,2,2026-02-03,Direct,Desktop,/features
S01365,3,2026-02-03,Direct,Desktop,/blog
S01366,1,2026-02-01,Direct,Mobile,/
S01366,2,2026-02-01,Direct,Mobile,/features
S01366,3,2026-02-01,Direct,Mobile,/blog
S01366,4,2026-02-01,Direct,Mobile,/contact
S01367,1,2026-02-10,Organic Search,Mobile,/products
S01368,1,2026-01-30,Organic Search,Mobile,/pricing
S01369,1,2026-03-24,Organic Search,Mobile,/products
S01370,1,2026-02-02,Direct,Desktop,/products
S01370,2,2026-02-02,Direct,Desktop,/pricing
S01370,3,2026-02-02,Direct,Desktop,/features
S01371,1,2026-01-27,Organic Search,Desktop,/products
S01371,2,2026-01-27,Organic Search,Desktop,/features
S01371,3,2026-01-27,Organic Search,Desktop,/blog
S01371,4,2026-01-27,Organic Search,Desktop,/contact
S01372,1,2026-02-04,Referral,Mobile,/blog
S01372,2,2026-02-04,Referral,Mobile,/features
S01372,3,2026-02-04,Referral,Mobile,/contact
S01373,1,2026-01-26,Direct,Tablet,/features
S01373,2,2026-01-26,Direct,Tablet,/products
S01373,3,2026-01-26,Direct,Tablet,/blog
S01373,4,2026-01-26,Direct,Tablet,/contact
S01373,5,2026-01-26,Direct,Tablet,/pricing
S01374,1,2026-02-23,Social,Desktop,/blog
S01375,1,2026-01-03,Referral,Mobile,/blog
S01376,1,2026-02-16,Organic Search,Mobile,/features
S01376,2,2026-02-16,Organic Search,Mobile,/products
S01377,1,2026-03-09,Paid Search,Mobile,/
S01377,2,2026-03-09,Paid Search,Mobile,/products
S01377,3,2026-03-09,Paid Search,Mobile,/pricing
S01377,4,2026-03-09,Paid Search,Mobile,/features
S01378,1,2026-02-01,Email,Desktop,/products
S01379,1,2026-01-27,Paid Search,Mobile,/
S01380,1,2026-03-11,Direct,Mobile,/products
S01380,2,2026-03-11,Direct,Mobile,/pricing
S01380,3,2026-03-11,Direct,Mobile,/features
S01380,4,2026-03-11,Direct,Mobile,/blog
S01381,1,2026-01-18,Direct,Desktop,/contact
S01381,2,2026-01-18,Direct,Desktop,/features
S01381,3,2026-01-18,Direct,Desktop,/blog
S01381,4,2026-01-18,Direct,Desktop,/products
S01382,1,2026-03-30,Organic Search,Desktop,/products
S01382,2,2026-03-30,Organic Search,Desktop,/features
S01382,3,2026-03-30,Organic Search,Desktop,/blog
S01382,4,2026-03-30,Organic Search,Desktop,/contact
S01382,5,2026-03-30,Organic Search,Desktop,/pricing
S01383,1,2026-03-23,Direct,Desktop,/features
S01384,1,2026-02-18,Referral,Desktop,/
S01385,1,2026-01-03,Referral,Mobile,/pricing
S01385,2,2026-01-03,Referral,Mobile,/products
S01385,3,2026-01-03,Referral,Mobile,/pricing
S01386,1,2026-02-01,Organic Search,Desktop,/products
S01387,1,2026-03-09,Paid Search,Mobile,/products
S01387,2,2026-03-09,Paid Search,Mobile,/features
S01387,3,2026-03-09,Paid Search,Mobile,/blog
S01387,4,2026-03-09,Paid Search,Mobile,/contact
S01387,5,2026-03-09,Paid Search,Mobile,/pricing
S01388,1,2026-03-09,Organic Search,Mobile,/products
S01388,2,2026-03-09,Organic Search,Mobile,/features
S01389,1,2026-01-03,Email,Tablet,/blog
S01389,2,2026-01-03,Email,Tablet,/features
S01389,3,2026-01-03,Email,Tablet,/contact
S01389,4,2026-01-03,Email,Tablet,/products
S01389,5,2026-01-03,Email,Tablet,/pricing
S01390,1,2026-01-17,Organic Search,Mobile,/pricing
S01391,1,2026-02-26,Referral,Mobile,/features
S01392,1,2026-02-23,Social,Desktop,/features
S01392,2,2026-02-23,Social,Desktop,/products
S01392,3,2026-02-23,Social,Desktop,/blog
S01392,4,2026-02-23,Social,Desktop,/contact
S01392,5,2026-02-23,Social,Desktop,/pricing
S01393,1,2026-01-08,Organic Search,Mobile,/pricing
S01394,1,2026-01-26,Organic Search,Mobile,/contact
S01395,1,2026-02-06,Social,Desktop,/
S01396,1,2026-01-18,Organic Search,Desktop,/products
S01397,1,2026-02-22,Direct,Desktop,/products
S01398,1,2026-02-17,Email,Mobile,/pricing
S01398,2,2026-02-17,Email,Mobile,/products
S01398,3,2026-02-17,Email,Mobile,/pricing
S01399,1,2026-02-28,Paid Search,Mobile,/pricing
S01399,2,2026-02-28,Paid Search,Mobile,/products
S01399,3,2026-02-28,Paid Search,Mobile,/features
S01399,4,2026-02-28,Paid Search,Mobile,/blog
S01400,1,2026-01-11,Direct,Desktop,/pricing
S01401,1,2026-02-23,Direct,Mobile,/features
S01401,2,2026-02-23,Direct,Mobile,/products
S01401,3,2026-02-23,Direct,Mobile,/blog
S01402,1,2026-02-18,Organic Search,Mobile,/products
S01402,2,2026-02-18,Organic Search,Mobile,/pricing
S01402,3,2026-02-18,Organic Search,Mobile,/features
S01402,4,2026-02-18,Organic Search,Mobile,/blog
S01402,5,2026-02-18,Organic Search,Mobile,/contact
S01403,1,2026-02-28,Referral,Mobile,/features
S01404,1,2026-03-19,Organic Search,Mobile,/pricing
S01404,2,2026-03-19,Organic Search,Mobile,/products
S01404,3,2026-03-19,Organic Search,Mobile,/pricing
S01404,4,2026-03-19,Organic Search,Mobile,/features
S01404,5,2026-03-19,Organic Search,Mobile,/blog
S01405,1,2026-03-18,Organic Search,Mobile,/pricing
S01406,1,2026-03-08,Organic Search,Desktop,/products
S01407,1,2026-01-25,Referral,Tablet,/products
S01407,2,2026-01-25,Referral,Tablet,/pricing
S01407,3,2026-01-25,Referral,Tablet,/signup
S01407,4,2026-01-25,Referral,Tablet,/features
S01407,5,2026-01-25,Referral,Tablet,/blog
S01408,1,2026-02-27,Organic Search,Mobile,/products
S01408,2,2026-02-27,Organic Search,Mobile,/pricing
S01408,3,2026-02-27,Organic Search,Mobile,/features
S01408,4,2026-02-27,Organic Search,Mobile,/blog
S01408,5,2026-02-27,Organic Search,Mobile,/contact
S01409,1,2026-01-12,Email,Desktop,/blog
S01409,2,2026-01-12,Email,Desktop,/products
S01409,3,2026-01-12,Email,Desktop,/pricing
S01410,1,2026-01-07,Paid Search,Mobile,/pricing
S01411,1,2026-02-11,Social,Mobile,/
S01411,2,2026-02-11,Social,Mobile,/features
S01411,3,2026-02-11,Social,Mobile,/blog
S01411,4,2026-02-11,Social,Mobile,/contact
S01411,5,2026-02-11,Social,Mobile,/products
S01412,1,2026-01-08,Referral,Desktop,/blog
S01412,2,2026-01-08,Referral,Desktop,/products
S01412,3,2026-01-08,Referral,Desktop,/pricing
S01412,4,2026-01-08,Referral,Desktop,/signup
S01413,1,2026-02-24,Email,Mobile,/blog
S01413,2,2026-02-24,Email,Mobile,/products
S01413,3,2026-02-24,Email,Mobile,/features
S01413,4,2026-02-24,Email,Mobile,/contact
S01413,5,2026-02-24,Email,Mobile,/pricing
S01414,1,2026-03-15,Referral,Desktop,/contact
S01414,2,2026-03-15,Referral,Desktop,/products
S01414,3,2026-03-15,Referral,Desktop,/pricing
S01414,4,2026-03-15,Referral,Desktop,/signup
S01414,5,2026-03-15,Referral,Desktop,/thank-you
S01415,1,2026-01-21,Organic Search,Mobile,/pricing
S01415,2,2026-01-21,Organic Search,Mobile,/products
S01416,1,2026-03-12,Social,Mobile,/blog
S01417,1,2026-01-13,Direct,Mobile,/pricing
S01417,2,2026-01-13,Direct,Mobile,/products
S01417,3,2026-01-13,Direct,Mobile,/features
S01418,1,2026-01-13,Direct,Mobile,/blog
S01418,2,2026-01-13,Direct,Mobile,/products
S01418,3,2026-01-13,Direct,Mobile,/features
S01418,4,2026-01-13,Direct,Mobile,/contact
S01419,1,2026-01-14,Email,Desktop,/pricing
S01419,2,2026-01-14,Email,Desktop,/products
S01419,3,2026-01-14,Email,Desktop,/pricing
S01420,1,2026-02-13,Referral,Desktop,/
S01420,2,2026-02-13,Referral,Desktop,/products
S01420,3,2026-02-13,Referral,Desktop,/features
S01420,4,2026-02-13,Referral,Desktop,/blog
S01420,5,2026-02-13,Referral,Desktop,/contact
S01420,6,2026-02-13,Referral,Desktop,/pricing
S01421,1,2026-02-06,Paid Search,Mobile,/contact
S01421,2,2026-02-06,Paid Search,Mobile,/features
S01422,1,2026-03-28,Direct,Mobile,/blog
S01422,2,2026-03-28,Direct,Mobile,/products
S01422,3,2026-03-28,Direct,Mobile,/pricing
S01423,1,2026-02-23,Direct,Desktop,/blog
S01424,1,2026-03-14,Direct,Desktop,/pricing
S01424,2,2026-03-14,Direct,Desktop,/products
S01424,3,2026-03-14,Direct,Desktop,/features
S01425,1,2026-01-15,Direct,Mobile,/blog
S01426,1,2026-02-10,Direct,Mobile,/
S01426,2,2026-02-10,Direct,Mobile,/features
S01427,1,2026-01-05,Organic Search,Mobile,/products
S01428,1,2026-02-08,Organic Search,Mobile,/
S01428,2,2026-02-08,Organic Search,Mobile,/features
S01428,3,2026-02-08,Organic Search,Mobile,/blog
S01428,4,2026-02-08,Organic Search,Mobile,/contact
S01428,5,2026-02-08,Organic Search,Mobile,/products
S01428,6,2026-02-08,Organic Search,Mobile,/pricing
S01429,1,2026-02-11,Social,Mobile,/
S01429,2,2026-02-11,Social,Mobile,/features
S01429,3,2026-02-11,Social,Mobile,/blog
S01430,1,2026-02-13,Direct,Mobile,/
S01431,1,2026-03-30,Referral,Mobile,/blog
S01431,2,2026-03-30,Referral,Mobile,/features
S01431,3,2026-03-30,Referral,Mobile,/contact
S01431,4,2026-03-30,Referral,Mobile,/products
S01431,5,2026-03-30,Referral,Mobile,/pricing
S01432,1,2026-01-03,Paid Search,Mobile,/products
S01432,2,2026-01-03,Paid Search,Mobile,/features
S01433,1,2026-02-28,Organic Search,Mobile,/features
S01434,1,2026-02-27,Organic Search,Desktop,/features
S01435,1,2026-03-22,Organic Search,Desktop,/
S01435,2,2026-03-22,Organic Search,Desktop,/features
S01435,3,2026-03-22,Organic Search,Desktop,/blog
S01435,4,2026-03-22,Organic Search,Desktop,/contact
S01435,5,2026-03-22,Organic Search,Desktop,/products
S01436,1,2026-02-08,Referral,Mobile,/blog
S01436,2,2026-02-08,Referral,Mobile,/products
S01437,1,2026-03-24,Organic Search,Mobile,/pricing
S01437,2,2026-03-24,Organic Search,Mobile,/products
S01437,3,2026-03-24,Organic Search,Mobile,/pricing
S01438,1,2026-01-10,Direct,Mobile,/features
S01439,1,2026-03-21,Referral,Desktop,/pricing
S01440,1,2026-01-02,Referral,Mobile,/products
S01440,2,2026-01-02,Referral,Mobile,/pricing
S01440,3,2026-01-02,Referral,Mobile,/signup
S01440,4,2026-01-02,Referral,Mobile,/features
S01440,5,2026-01-02,Referral,Mobile,/blog
S01440,6,2026-01-02,Referral,Mobile,/contact
S01441,1,2026-01-11,Organic Search,Mobile,/products
S01442,1,2026-02-25,Organic Search,Desktop,/features
S01442,2,2026-02-25,Organic Search,Desktop,/products
S01442,3,2026-02-25,Organic Search,Desktop,/blog
S01442,4,2026-02-25,Organic Search,Desktop,/contact
S01442,5,2026-02-25,Organic Search,Desktop,/pricing
S01443,1,2026-02-12,Organic Search,Desktop,/products
S01444,1,2026-02-23,Organic Search,Desktop,/features
S01444,2,2026-02-23,Organic Search,Desktop,/products
S01444,3,2026-02-23,Organic Search,Desktop,/blog
S01444,4,2026-02-23,Organic Search,Desktop,/contact
S01444,5,2026-02-23,Organic Search,Desktop,/pricing
S01445,1,2026-02-05,Organic Search,Mobile,/products
S01445,2,2026-02-05,Organic Search,Mobile,/pricing
S01445,3,2026-02-05,Organic Search,Mobile,/features
S01446,1,2026-03-11,Paid Search,Mobile,/blog
S01446,2,2026-03-11,Paid Search,Mobile,/features
S01446,3,2026-03-11,Paid Search,Mobile,/contact
S01447,1,2026-03-06,Email,Desktop,/pricing
S01448,1,2026-01-11,Direct,Mobile,/
S01448,2,2026-01-11,Direct,Mobile,/products
S01448,3,2026-01-11,Direct,Mobile,/features
S01448,4,2026-01-11,Direct,Mobile,/blog
S01449,1,2026-03-01,Paid Search,Desktop,/
S01449,2,2026-03-01,Paid Search,Desktop,/features
S01449,3,2026-03-01,Paid Search,Desktop,/blog
S01449,4,2026-03-01,Paid Search,Desktop,/contact
S01449,5,2026-03-01,Paid Search,Desktop,/products
S01449,6,2026-03-01,Paid Search,Desktop,/pricing
S01450,1,2026-01-06,Organic Search,Desktop,/products
S01450,2,2026-01-06,Organic Search,Desktop,/features
S01450,3,2026-01-06,Organic Search,Desktop,/blog
S01450,4,2026-01-06,Organic Search,Desktop,/contact
S01450,5,2026-01-06,Organic Search,Desktop,/pricing
S01451,1,2026-03-22,Social,Mobile,/blog
S01452,1,2026-03-17,Paid Search,Mobile,/blog
S01453,1,2026-01-18,Email,Mobile,/products
S01453,2,2026-01-18,Email,Mobile,/pricing
S01453,3,2026-01-18,Email,Mobile,/features
S01453,4,2026-01-18,Email,Mobile,/blog
S01454,1,2026-01-11,Referral,Mobile,/pricing
S01454,2,2026-01-11,Referral,Mobile,/products
S01454,3,2026-01-11,Referral,Mobile,/features
S01454,4,2026-01-11,Referral,Mobile,/blog
S01454,5,2026-01-11,Referral,Mobile,/contact
S01455,1,2026-01-02,Direct,Desktop,/
S01455,2,2026-01-02,Direct,Desktop,/features
S01455,3,2026-01-02,Direct,Desktop,/blog
S01455,4,2026-01-02,Direct,Desktop,/contact
S01456,1,2026-01-11,Organic Search,Desktop,/blog
S01456,2,2026-01-11,Organic Search,Desktop,/features
S01456,3,2026-01-11,Organic Search,Desktop,/contact
S01456,4,2026-01-11,Organic Search,Desktop,/products
S01456,5,2026-01-11,Organic Search,Desktop,/pricing
S01457,1,2026-03-14,Organic Search,Mobile,/features
S01457,2,2026-03-14,Organic Search,Mobile,/products
S01457,3,2026-03-14,Organic Search,Mobile,/pricing
S01458,1,2026-03-26,Direct,Desktop,/features
S01458,2,2026-03-26,Direct,Desktop,/products
S01458,3,2026-03-26,Direct,Desktop,/blog
S01458,4,2026-03-26,Direct,Desktop,/contact
S01458,5,2026-03-26,Direct,Desktop,/pricing
S01459,1,2026-02-22,Referral,Mobile,/features
S01459,2,2026-02-22,Referral,Mobile,/products
S01459,3,2026-02-22,Referral,Mobile,/blog
S01459,4,2026-02-22,Referral,Mobile,/contact
S01459,5,2026-02-22,Referral,Mobile,/pricing
S01460,1,2026-01-12,Direct,Desktop,/products
S01461,1,2026-02-15,Social,Mobile,/products
S01462,1,2026-02-11,Direct,Desktop,/features
S01462,2,2026-02-11,Direct,Desktop,/products
S01462,3,2026-02-11,Direct,Desktop,/pricing
S01462,4,2026-02-11,Direct,Desktop,/signup
S01462,5,2026-02-11,Direct,Desktop,/blog
S01463,1,2026-03-16,Organic Search,Desktop,/
S01464,1,2026-03-21,Direct,Mobile,/
S01464,2,2026-03-21,Direct,Mobile,/features
S01465,1,2026-03-01,Paid Search,Mobile,/products
S01466,1,2026-01-24,Paid Search,Desktop,/blog
S01467,1,2026-03-21,Direct,Mobile,/blog
S01467,2,2026-03-21,Direct,Mobile,/products
S01467,3,2026-03-21,Direct,Mobile,/pricing
S01467,4,2026-03-21,Direct,Mobile,/signup
S01468,1,2026-02-10,Organic Search,Desktop,/contact
S01468,2,2026-02-10,Organic Search,Desktop,/products
S01468,3,2026-02-10,Organic Search,Desktop,/pricing
S01468,4,2026-02-10,Organic Search,Desktop,/features
S01469,1,2026-02-18,Social,Tablet,/products
S01469,2,2026-02-18,Social,Tablet,/pricing
S01469,3,2026-02-18,Social,Tablet,/features
S01469,4,2026-02-18,Social,Tablet,/blog
S01469,5,2026-02-18,Social,Tablet,/contact
S01470,1,2026-03-30,Organic Search,Desktop,/products
S01471,1,2026-03-02,Referral,Mobile,/products
S01471,2,2026-03-02,Referral,Mobile,/features
S01471,3,2026-03-02,Referral,Mobile,/blog
S01472,1,2026-01-27,Organic Search,Desktop,/features
S01472,2,2026-01-27,Organic Search,Desktop,/products
S01472,3,2026-01-27,Organic Search,Desktop,/pricing
S01473,1,2026-02-27,Organic Search,Tablet,/products
S01473,2,2026-02-27,Organic Search,Tablet,/pricing
S01473,3,2026-02-27,Organic Search,Tablet,/features
S01474,1,2026-03-10,Direct,Mobile,/contact
S01475,1,2026-01-27,Direct,Mobile,/pricing
S01475,2,2026-01-27,Direct,Mobile,/products
S01475,3,2026-01-27,Direct,Mobile,/pricing
S01476,1,2026-02-27,Direct,Mobile,/features
S01477,1,2026-03-31,Direct,Desktop,/features
S01477,2,2026-03-31,Direct,Desktop,/products
S01477,3,2026-03-31,Direct,Desktop,/blog
S01477,4,2026-03-31,Direct,Desktop,/contact
S01477,5,2026-03-31,Direct,Desktop,/pricing
S01478,1,2026-03-06,Referral,Mobile,/pricing
S01479,1,2026-02-02,Direct,Mobile,/blog
S01479,2,2026-02-02,Direct,Mobile,/products
S01480,1,2026-02-03,Direct,Mobile,/products
S01481,1,2026-01-23,Direct,Desktop,/features
S01481,2,2026-01-23,Direct,Desktop,/products
S01481,3,2026-01-23,Direct,Desktop,/blog
S01481,4,2026-01-23,Direct,Desktop,/contact
S01481,5,2026-01-23,Direct,Desktop,/pricing
S01482,1,2026-03-06,Organic Search,Mobile,/features
S01482,2,2026-03-06,Organic Search,Mobile,/products
S01482,3,2026-03-06,Organic Search,Mobile,/pricing
S01482,4,2026-03-06,Organic Search,Mobile,/signup
S01482,5,2026-03-06,Organic Search,Mobile,/thank-you
S01483,1,2026-03-27,Paid Search,Desktop,/pricing
S01484,1,2026-02-21,Organic Search,Desktop,/products
S01485,1,2026-01-19,Paid Search,Tablet,/contact
S01485,2,2026-01-19,Paid Search,Tablet,/features
S01485,3,2026-01-19,Paid Search,Tablet,/blog
S01485,4,2026-01-19,Paid Search,Tablet,/products
S01486,1,2026-03-20,Organic Search,Desktop,/contact
S01486,2,2026-03-20,Organic Search,Desktop,/features
S01486,3,2026-03-20,Organic Search,Desktop,/blog
S01486,4,2026-03-20,Organic Search,Desktop,/products
S01486,5,2026-03-20,Organic Search,Desktop,/pricing
S01487,1,2026-01-03,Referral,Mobile,/blog
S01487,2,2026-01-03,Referral,Mobile,/products
S01487,3,2026-01-03,Referral,Mobile,/features
S01487,4,2026-01-03,Referral,Mobile,/contact
S01488,1,2026-01-26,Direct,Desktop,/contact
S01488,2,2026-01-26,Direct,Desktop,/features
S01488,3,2026-01-26,Direct,Desktop,/blog
S01488,4,2026-01-26,Direct,Desktop,/products
S01488,5,2026-01-26,Direct,Desktop,/pricing
S01489,1,2026-02-14,Email,Mobile,/pricing
S01490,1,2026-01-08,Direct,Tablet,/products
S01490,2,2026-01-08,Direct,Tablet,/features
S01490,3,2026-01-08,Direct,Tablet,/blog
S01491,1,2026-03-21,Organic Search,Mobile,/pricing
S01492,1,2026-01-30,Social,Desktop,/
S01492,2,2026-01-30,Social,Desktop,/products
S01493,1,2026-01-25,Paid Search,Desktop,/pricing
S01493,2,2026-01-25,Paid Search,Desktop,/products
S01493,3,2026-01-25,Paid Search,Desktop,/pricing
S01493,4,2026-01-25,Paid Search,Desktop,/signup
S01493,5,2026-01-25,Paid Search,Desktop,/thank-you
S01494,1,2026-03-09,Social,Mobile,/blog
S01494,2,2026-03-09,Social,Mobile,/features
S01494,3,2026-03-09,Social,Mobile,/contact
S01494,4,2026-03-09,Social,Mobile,/products
S01494,5,2026-03-09,Social,Mobile,/pricing
S01495,1,2026-03-10,Direct,Desktop,/
S01496,1,2026-02-16,Paid Search,Mobile,/products
S01497,1,2026-02-13,Email,Mobile,/blog
S01497,2,2026-02-13,Email,Mobile,/features
S01497,3,2026-02-13,Email,Mobile,/contact
S01497,4,2026-02-13,Email,Mobile,/products
S01498,1,2026-02-18,Paid Search,Mobile,/features
S01499,1,2026-02-19,Direct,Mobile,/contact
S01499,2,2026-02-19,Direct,Mobile,/features
S01499,3,2026-02-19,Direct,Mobile,/blog
S01499,4,2026-02-19,Direct,Mobile,/products
S01500,1,2026-01-14,Paid Search,Desktop,/products
S01500,2,2026-01-14,Paid Search,Desktop,/features
S01501,1,2026-01-10,Paid Search,Desktop,/features
S01502,1,2026-01-14,Referral,Mobile,/
S01503,1,2026-02-01,Direct,Mobile,/
S01503,2,2026-02-01,Direct,Mobile,/features
S01503,3,2026-02-01,Direct,Mobile,/blog
S01504,1,2026-01-14,Direct,Desktop,/blog
S01504,2,2026-01-14,Direct,Desktop,/features
S01504,3,2026-01-14,Direct,Desktop,/contact
S01504,4,2026-01-14,Direct,Desktop,/products
S01504,5,2026-01-14,Direct,Desktop,/pricing
S01505,1,2026-03-20,Social,Desktop,/pricing
S01506,1,2026-02-10,Direct,Mobile,/features
S01507,1,2026-03-27,Social,Desktop,/products
S01508,1,2026-02-18,Direct,Mobile,/products
S01508,2,2026-02-18,Direct,Mobile,/features
S01508,3,2026-02-18,Direct,Mobile,/blog
S01508,4,2026-02-18,Direct,Mobile,/contact
S01509,1,2026-03-07,Organic Search,Desktop,/pricing
S01509,2,2026-03-07,Organic Search,Desktop,/products
S01509,3,2026-03-07,Organic Search,Desktop,/pricing
S01509,4,2026-03-07,Organic Search,Desktop,/signup
S01510,1,2026-03-26,Social,Mobile,/
S01510,2,2026-03-26,Social,Mobile,/features
S01510,3,2026-03-26,Social,Mobile,/blog
S01510,4,2026-03-26,Social,Mobile,/contact
S01510,5,2026-03-26,Social,Mobile,/products
S01510,6,2026-03-26,Social,Mobile,/pricing
S01511,1,2026-01-03,Organic Search,Desktop,/products
S01511,2,2026-01-03,Organic Search,Desktop,/features
S01512,1,2026-01-29,Organic Search,Mobile,/
S01512,2,2026-01-29,Organic Search,Mobile,/products
S01512,3,2026-01-29,Organic Search,Mobile,/features
S01512,4,2026-01-29,Organic Search,Mobile,/blog
S01512,5,2026-01-29,Organic Search,Mobile,/contact
S01512,6,2026-01-29,Organic Search,Mobile,/pricing
S01513,1,2026-02-23,Paid Search,Mobile,/products
S01513,2,2026-02-23,Paid Search,Mobile,/pricing
S01513,3,2026-02-23,Paid Search,Mobile,/signup
S01513,4,2026-02-23,Paid Search,Mobile,/thank-you
S01513,5,2026-02-23,Paid Search,Mobile,/features
S01514,1,2026-01-10,Social,Desktop,/blog
S01515,1,2026-01-01,Email,Mobile,/
S01515,2,2026-01-01,Email,Mobile,/features
S01515,3,2026-01-01,Email,Mobile,/blog
S01516,1,2026-02-11,Organic Search,Mobile,/blog
S01516,2,2026-02-11,Organic Search,Mobile,/features
S01516,3,2026-02-11,Organic Search,Mobile,/contact
S01517,1,2026-01-16,Organic Search,Desktop,/pricing
S01517,2,2026-01-16,Organic Search,Desktop,/products
S01517,3,2026-01-16,Organic Search,Desktop,/features
S01518,1,2026-02-17,Referral,Desktop,/pricing
S01518,2,2026-02-17,Referral,Desktop,/products
S01518,3,2026-02-17,Referral,Desktop,/pricing
S01518,4,2026-02-17,Referral,Desktop,/features
S01518,5,2026-02-17,Referral,Desktop,/blog
S01519,1,2026-02-10,Organic Search,Mobile,/pricing
S01520,1,2026-02-23,Organic Search,Mobile,/blog
S01520,2,2026-02-23,Organic Search,Mobile,/features
S01520,3,2026-02-23,Organic Search,Mobile,/contact
S01520,4,2026-02-23,Organic Search,Mobile,/products
S01521,1,2026-02-21,Organic Search,Tablet,/features
S01521,2,2026-02-21,Organic Search,Tablet,/products
S01521,3,2026-02-21,Organic Search,Tablet,/blog
S01521,4,2026-02-21,Organic Search,Tablet,/contact
S01521,5,2026-02-21,Organic Search,Tablet,/pricing
S01522,1,2026-03-20,Direct,Mobile,/
S01522,2,2026-03-20,Direct,Mobile,/products
S01522,3,2026-03-20,Direct,Mobile,/features
S01522,4,2026-03-20,Direct,Mobile,/blog
S01522,5,2026-03-20,Direct,Mobile,/contact
S01523,1,2026-01-21,Email,Mobile,/features
S01523,2,2026-01-21,Email,Mobile,/products
S01523,3,2026-01-21,Email,Mobile,/pricing
S01523,4,2026-01-21,Email,Mobile,/signup
S01523,5,2026-01-21,Email,Mobile,/thank-you
S01523,6,2026-01-21,Email,Mobile,/blog
S01524,1,2026-02-08,Social,Mobile,/
S01524,2,2026-02-08,Social,Mobile,/products
S01524,3,2026-02-08,Social,Mobile,/pricing
S01524,4,2026-02-08,Social,Mobile,/signup
S01524,5,2026-02-08,Social,Mobile,/thank-you
S01525,1,2026-03-16,Paid Search,Mobile,/pricing
S01525,2,2026-03-16,Paid Search,Mobile,/products
S01525,3,2026-03-16,Paid Search,Mobile,/pricing
S01525,4,2026-03-16,Paid Search,Mobile,/signup
S01526,1,2026-01-05,Organic Search,Tablet,/pricing
S01526,2,2026-01-05,Organic Search,Tablet,/products
S01526,3,2026-01-05,Organic Search,Tablet,/pricing
S01526,4,2026-01-05,Organic Search,Tablet,/signup
S01526,5,2026-01-05,Organic Search,Tablet,/thank-you
S01527,1,2026-02-13,Direct,Mobile,/products
S01527,2,2026-02-13,Direct,Mobile,/pricing
S01527,3,2026-02-13,Direct,Mobile,/signup
S01527,4,2026-02-13,Direct,Mobile,/thank-you
S01528,1,2026-03-22,Direct,Mobile,/
S01528,2,2026-03-22,Direct,Mobile,/products
S01528,3,2026-03-22,Direct,Mobile,/pricing
S01528,4,2026-03-22,Direct,Mobile,/features
S01528,5,2026-03-22,Direct,Mobile,/blog
S01529,1,2026-03-27,Organic Search,Mobile,/
S01529,2,2026-03-27,Organic Search,Mobile,/features
S01529,3,2026-03-27,Organic Search,Mobile,/blog
S01529,4,2026-03-27,Organic Search,Mobile,/contact
S01529,5,2026-03-27,Organic Search,Mobile,/products
S01530,1,2026-02-06,Organic Search,Mobile,/
S01530,2,2026-02-06,Organic Search,Mobile,/features
S01530,3,2026-02-06,Organic Search,Mobile,/blog
S01530,4,2026-02-06,Organic Search,Mobile,/contact
S01531,1,2026-03-10,Organic Search,Mobile,/pricing
S01531,2,2026-03-10,Organic Search,Mobile,/products
S01531,3,2026-03-10,Organic Search,Mobile,/features
S01532,1,2026-01-03,Organic Search,Tablet,/
S01533,1,2026-01-02,Direct,Desktop,/features
S01533,2,2026-01-02,Direct,Desktop,/products
S01533,3,2026-01-02,Direct,Desktop,/blog
S01534,1,2026-01-26,Paid Search,Mobile,/features
S01535,1,2026-01-17,Organic Search,Mobile,/products
S01535,2,2026-01-17,Organic Search,Mobile,/features
S01535,3,2026-01-17,Organic Search,Mobile,/blog
S01535,4,2026-01-17,Organic Search,Mobile,/contact
S01536,1,2026-02-10,Direct,Mobile,/
S01537,1,2026-02-18,Social,Mobile,/products
S01538,1,2026-03-26,Social,Desktop,/features
S01539,1,2026-01-01,Social,Mobile,/products
S01540,1,2026-01-04,Direct,Desktop,/
S01541,1,2026-01-04,Social,Desktop,/contact
S01541,2,2026-01-04,Social,Desktop,/products
S01541,3,2026-01-04,Social,Desktop,/pricing
S01541,4,2026-01-04,Social,Desktop,/features
S01542,1,2026-03-20,Organic Search,Mobile,/pricing
S01543,1,2026-01-22,Direct,Desktop,/products
S01544,1,2026-01-09,Organic Search,Mobile,/features
S01545,1,2026-01-27,Direct,Mobile,/contact
S01546,1,2026-02-28,Direct,Desktop,/pricing
S01547,1,2026-01-29,Organic Search,Mobile,/products
S01547,2,2026-01-29,Organic Search,Mobile,/features
S01547,3,2026-01-29,Organic Search,Mobile,/blog
S01547,4,2026-01-29,Organic Search,Mobile,/contact
S01548,1,2026-01-14,Social,Mobile,/pricing
S01548,2,2026-01-14,Social,Mobile,/products
S01549,1,2026-02-08,Organic Search,Desktop,/products
S01550,1,2026-01-31,Organic Search,Mobile,/pricing
S01550,2,2026-01-31,Organic Search,Mobile,/products
S01550,3,2026-01-31,Organic Search,Mobile,/pricing
S01551,1,2026-01-22,Organic Search,Desktop,/products
S01552,1,2026-03-19,Direct,Mobile,/blog
S01552,2,2026-03-19,Direct,Mobile,/features
S01552,3,2026-03-19,Direct,Mobile,/contact
S01552,4,2026-03-19,Direct,Mobile,/products
S01553,1,2026-02-14,Organic Search,Desktop,/blog
S01553,2,2026-02-14,Organic Search,Desktop,/features
S01553,3,2026-02-14,Organic Search,Desktop,/contact
S01553,4,2026-02-14,Organic Search,Desktop,/products
S01553,5,2026-02-14,Organic Search,Desktop,/pricing
S01554,1,2026-02-23,Direct,Mobile,/contact
S01555,1,2026-01-23,Organic Search,Mobile,/features
S01556,1,2026-03-17,Social,Mobile,/
S01557,1,2026-03-22,Referral,Desktop,/products
S01558,1,2026-01-23,Direct,Mobile,/pricing
S01559,1,2026-03-04,Paid Search,Desktop,/products
S01559,2,2026-03-04,Paid Search,Desktop,/pricing
S01559,3,2026-03-04,Paid Search,Desktop,/features
S01559,4,2026-03-04,Paid Search,Desktop,/blog
S01559,5,2026-03-04,Paid Search,Desktop,/contact
S01560,1,2026-02-13,Email,Mobile,/
S01560,2,2026-02-13,Email,Mobile,/features
S01560,3,2026-02-13,Email,Mobile,/blog
S01560,4,2026-02-13,Email,Mobile,/contact
S01560,5,2026-02-13,Email,Mobile,/products
S01560,6,2026-02-13,Email,Mobile,/pricing
S01561,1,2026-02-27,Referral,Mobile,/blog
S01562,1,2026-01-19,Paid Search,Mobile,/products
S01562,2,2026-01-19,Paid Search,Mobile,/features
S01563,1,2026-03-28,Email,Mobile,/
S01564,1,2026-03-18,Email,Desktop,/pricing
S01564,2,2026-03-18,Email,Desktop,/products
S01564,3,2026-03-18,Email,Desktop,/features
S01564,4,2026-03-18,Email,Desktop,/blog
S01565,1,2026-02-10,Social,Mobile,/contact
S01565,2,2026-02-10,Social,Mobile,/features
S01565,3,2026-02-10,Social,Mobile,/blog
S01565,4,2026-02-10,Social,Mobile,/products
S01566,1,2026-02-19,Direct,Desktop,/blog
S01566,2,2026-02-19,Direct,Desktop,/features
S01566,3,2026-02-19,Direct,Desktop,/contact
S01566,4,2026-02-19,Direct,Desktop,/products
S01566,5,2026-02-19,Direct,Desktop,/pricing
S01567,1,2026-02-12,Organic Search,Mobile,/
S01567,2,2026-02-12,Organic Search,Mobile,/features
S01568,1,2026-02-17,Organic Search,Mobile,/pricing
S01568,2,2026-02-17,Organic Search,Mobile,/products
S01568,3,2026-02-17,Organic Search,Mobile,/pricing
S01568,4,2026-02-17,Organic Search,Mobile,/signup
S01569,1,2026-01-29,Direct,Desktop,/features
S01569,2,2026-01-29,Direct,Desktop,/products
S01569,3,2026-01-29,Direct,Desktop,/pricing
S01569,4,2026-01-29,Direct,Desktop,/blog
S01569,5,2026-01-29,Direct,Desktop,/contact
S01570,1,2026-01-26,Direct,Desktop,/
S01570,2,2026-01-26,Direct,Desktop,/products
S01570,3,2026-01-26,Direct,Desktop,/features
S01570,4,2026-01-26,Direct,Desktop,/blog
S01571,1,2026-01-14,Direct,Desktop,/blog
S01571,2,2026-01-14,Direct,Desktop,/products
S01571,3,2026-01-14,Direct,Desktop,/pricing
S01572,1,2026-01-10,Paid Search,Mobile,/blog
S01573,1,2026-03-28,Direct,Desktop,/blog
S01573,2,2026-03-28,Direct,Desktop,/products
S01574,1,2026-02-17,Social,Desktop,/
S01575,1,2026-02-19,Organic Search,Mobile,/features
S01575,2,2026-02-19,Organic Search,Mobile,/products
S01575,3,2026-02-19,Organic Search,Mobile,/blog
S01576,1,2026-01-14,Organic Search,Desktop,/products
S01577,1,2026-02-20,Social,Mobile,/
S01578,1,2026-01-07,Email,Desktop,/
S01578,2,2026-01-07,Email,Desktop,/products
S01578,3,2026-01-07,Email,Desktop,/pricing
S01578,4,2026-01-07,Email,Desktop,/signup
S01578,5,2026-01-07,Email,Desktop,/thank-you
S01579,1,2026-02-23,Referral,Tablet,/pricing
S01579,2,2026-02-23,Referral,Tablet,/products
S01579,3,2026-02-23,Referral,Tablet,/pricing
S01579,4,2026-02-23,Referral,Tablet,/signup
S01579,5,2026-02-23,Referral,Tablet,/features
S01579,6,2026-02-23,Referral,Tablet,/blog
S01580,1,2026-03-06,Email,Tablet,/
S01581,1,2026-02-27,Email,Desktop,/features
S01581,2,2026-02-27,Email,Desktop,/products
S01581,3,2026-02-27,Email,Desktop,/pricing
S01581,4,2026-02-27,Email,Desktop,/signup
S01581,5,2026-02-27,Email,Desktop,/thank-you
S01581,6,2026-02-27,Email,Desktop,/blog
S01582,1,2026-03-06,Organic Search,Desktop,/features
S01582,2,2026-03-06,Organic Search,Desktop,/products
S01582,3,2026-03-06,Organic Search,Desktop,/blog
S01582,4,2026-03-06,Organic Search,Desktop,/contact
S01582,5,2026-03-06,Organic Search,Desktop,/pricing
S01583,1,2026-01-17,Direct,Desktop,/
S01583,2,2026-01-17,Direct,Desktop,/features
S01583,3,2026-01-17,Direct,Desktop,/blog
S01583,4,2026-01-17,Direct,Desktop,/contact
S01583,5,2026-01-17,Direct,Desktop,/products
S01583,6,2026-01-17,Direct,Desktop,/pricing
S01584,1,2026-01-04,Organic Search,Mobile,/features
S01584,2,2026-01-04,Organic Search,Mobile,/products
S01584,3,2026-01-04,Organic Search,Mobile,/pricing
S01585,1,2026-03-02,Paid Search,Mobile,/contact
S01586,1,2026-03-15,Referral,Mobile,/
S01587,1,2026-01-06,Direct,Mobile,/blog
S01587,2,2026-01-06,Direct,Mobile,/products
S01587,3,2026-01-06,Direct,Mobile,/pricing
S01587,4,2026-01-06,Direct,Mobile,/signup
S01587,5,2026-01-06,Direct,Mobile,/thank-you
S01588,1,2026-03-24,Direct,Tablet,/contact
S01589,1,2026-02-28,Organic Search,Desktop,/features
S01589,2,2026-02-28,Organic Search,Desktop,/products
S01590,1,2026-03-20,Organic Search,Mobile,/pricing
S01590,2,2026-03-20,Organic Search,Mobile,/products
S01590,3,2026-03-20,Organic Search,Mobile,/features
S01591,1,2026-02-15,Organic Search,Mobile,/features
S01592,1,2026-01-20,Organic Search,Desktop,/blog
S01593,1,2026-02-16,Referral,Mobile,/products
S01594,1,2026-03-10,Direct,Desktop,/products
S01594,2,2026-03-10,Direct,Desktop,/pricing
S01594,3,2026-03-10,Direct,Desktop,/features
S01594,4,2026-03-10,Direct,Desktop,/blog
S01594,5,2026-03-10,Direct,Desktop,/contact
S01595,1,2026-03-24,Social,Tablet,/pricing
S01596,1,2026-03-03,Paid Search,Mobile,/products
S01597,1,2026-02-08,Organic Search,Mobile,/products
S01597,2,2026-02-08,Organic Search,Mobile,/pricing
S01597,3,2026-02-08,Organic Search,Mobile,/features
S01598,1,2026-03-02,Organic Search,Mobile,/
S01599,1,2026-02-05,Social,Mobile,/features
S01599,2,2026-02-05,Social,Mobile,/products
S01600,1,2026-01-09,Organic Search,Mobile,/blog
S01600,2,2026-01-09,Organic Search,Mobile,/products
S01600,3,2026-01-09,Organic Search,Mobile,/pricing
S01601,1,2026-01-31,Email,Mobile,/products
S01601,2,2026-01-31,Email,Mobile,/pricing
S01601,3,2026-01-31,Email,Mobile,/features
S01601,4,2026-01-31,Email,Mobile,/blog
S01601,5,2026-01-31,Email,Mobile,/contact
S01602,1,2026-02-08,Organic Search,Mobile,/products
S01603,1,2026-02-07,Paid Search,Mobile,/
S01603,2,2026-02-07,Paid Search,Mobile,/features
S01603,3,2026-02-07,Paid Search,Mobile,/blog
S01603,4,2026-02-07,Paid Search,Mobile,/contact
S01603,5,2026-02-07,Paid Search,Mobile,/products
S01604,1,2026-01-01,Social,Mobile,/
S01605,1,2026-01-24,Organic Search,Desktop,/blog
S01606,1,2026-03-30,Organic Search,Mobile,/
S01606,2,2026-03-30,Organic Search,Mobile,/products
S01607,1,2026-03-31,Referral,Desktop,/contact
S01607,2,2026-03-31,Referral,Desktop,/features
S01607,3,2026-03-31,Referral,Desktop,/blog
S01607,4,2026-03-31,Referral,Desktop,/products
S01608,1,2026-01-22,Organic Search,Mobile,/products
S01608,2,2026-01-22,Organic Search,Mobile,/features
S01608,3,2026-01-22,Organic Search,Mobile,/blog
S01609,1,2026-02-01,Direct,Mobile,/
S01609,2,2026-02-01,Direct,Mobile,/features
S01609,3,2026-02-01,Direct,Mobile,/blog
S01609,4,2026-02-01,Direct,Mobile,/contact
S01610,1,2026-03-28,Direct,Mobile,/features
S01610,2,2026-03-28,Direct,Mobile,/products
S01610,3,2026-03-28,Direct,Mobile,/pricing
S01611,1,2026-01-18,Organic Search,Desktop,/products
S01612,1,2026-03-11,Social,Mobile,/products
S01613,1,2026-02-18,Social,Mobile,/
S01614,1,2026-01-20,Direct,Mobile,/blog
S01615,1,2026-03-18,Social,Tablet,/products
S01616,1,2026-02-08,Organic Search,Mobile,/features
S01617,1,2026-01-28,Organic Search,Mobile,/blog
S01618,1,2026-02-23,Paid Search,Desktop,/features
S01618,2,2026-02-23,Paid Search,Desktop,/products
S01618,3,2026-02-23,Paid Search,Desktop,/pricing
S01618,4,2026-02-23,Paid Search,Desktop,/blog
S01618,5,2026-02-23,Paid Search,Desktop,/contact
S01619,1,2026-02-16,Referral,Mobile,/blog
S01619,2,2026-02-16,Referral,Mobile,/products
S01619,3,2026-02-16,Referral,Mobile,/pricing
S01619,4,2026-02-16,Referral,Mobile,/features
S01619,5,2026-02-16,Referral,Mobile,/contact
S01620,1,2026-01-04,Organic Search,Mobile,/features
S01621,1,2026-01-16,Organic Search,Desktop,/blog
S01621,2,2026-01-16,Organic Search,Desktop,/products
S01621,3,2026-01-16,Organic Search,Desktop,/features
S01621,4,2026-01-16,Organic Search,Desktop,/contact
S01621,5,2026-01-16,Organic Search,Desktop,/pricing
S01622,1,2026-02-19,Direct,Mobile,/pricing
S01623,1,2026-03-09,Social,Mobile,/blog
S01624,1,2026-02-01,Organic Search,Mobile,/blog
S01624,2,2026-02-01,Organic Search,Mobile,/products
S01624,3,2026-02-01,Organic Search,Mobile,/pricing
S01624,4,2026-02-01,Organic Search,Mobile,/features
S01625,1,2026-03-24,Direct,Mobile,/
S01625,2,2026-03-24,Direct,Mobile,/features
S01625,3,2026-03-24,Direct,Mobile,/blog
S01625,4,2026-03-24,Direct,Mobile,/contact
S01626,1,2026-01-08,Social,Desktop,/blog
S01627,1,2026-02-07,Direct,Desktop,/products
S01627,2,2026-02-07,Direct,Desktop,/features
S01627,3,2026-02-07,Direct,Desktop,/blog
S01627,4,2026-02-07,Direct,Desktop,/contact
S01627,5,2026-02-07,Direct,Desktop,/pricing
S01628,1,2026-03-04,Organic Search,Desktop,/pricing
S01628,2,2026-03-04,Organic Search,Desktop,/products
S01628,3,2026-03-04,Organic Search,Desktop,/features
S01628,4,2026-03-04,Organic Search,Desktop,/blog
S01628,5,2026-03-04,Organic Search,Desktop,/contact
S01629,1,2026-01-14,Organic Search,Mobile,/
S01629,2,2026-01-14,Organic Search,Mobile,/products
S01629,3,2026-01-14,Organic Search,Mobile,/pricing
S01630,1,2026-02-20,Direct,Desktop,/
S01631,1,2026-03-31,Direct,Desktop,/
S01632,1,2026-03-15,Email,Mobile,/
S01633,1,2026-02-03,Paid Search,Desktop,/
S01633,2,2026-02-03,Paid Search,Desktop,/products
S01633,3,2026-02-03,Paid Search,Desktop,/features
S01633,4,2026-02-03,Paid Search,Desktop,/blog
S01634,1,2026-03-23,Paid Search,Mobile,/
S01634,2,2026-03-23,Paid Search,Mobile,/products
S01634,3,2026-03-23,Paid Search,Mobile,/pricing
S01634,4,2026-03-23,Paid Search,Mobile,/features
S01634,5,2026-03-23,Paid Search,Mobile,/blog
S01635,1,2026-03-13,Referral,Desktop,/pricing
S01636,1,2026-01-18,Direct,Mobile,/products
S01637,1,2026-03-01,Direct,Mobile,/contact
S01638,1,2026-03-01,Referral,Desktop,/features
S01638,2,2026-03-01,Referral,Desktop,/products
S01638,3,2026-03-01,Referral,Desktop,/blog
S01638,4,2026-03-01,Referral,Desktop,/contact
S01639,1,2026-01-30,Organic Search,Desktop,/
S01639,2,2026-01-30,Organic Search,Desktop,/products
S01639,3,2026-01-30,Organic Search,Desktop,/pricing
S01639,4,2026-01-30,Organic Search,Desktop,/signup
S01639,5,2026-01-30,Organic Search,Desktop,/thank-you
S01640,1,2026-01-29,Social,Mobile,/products
S01641,1,2026-01-21,Social,Mobile,/pricing
S01641,2,2026-01-21,Social,Mobile,/products
S01641,3,2026-01-21,Social,Mobile,/features
S01641,4,2026-01-21,Social,Mobile,/blog
S01641,5,2026-01-21,Social,Mobile,/contact
S01642,1,2026-02-20,Organic Search,Desktop,/products
S01643,1,2026-01-11,Direct,Mobile,/pricing
S01643,2,2026-01-11,Direct,Mobile,/products
S01643,3,2026-01-11,Direct,Mobile,/features
S01644,1,2026-01-14,Organic Search,Mobile,/blog
S01645,1,2026-03-15,Organic Search,Desktop,/blog
S01646,1,2026-01-23,Direct,Mobile,/products
S01646,2,2026-01-23,Direct,Mobile,/features
S01646,3,2026-01-23,Direct,Mobile,/blog
S01646,4,2026-01-23,Direct,Mobile,/contact
S01646,5,2026-01-23,Direct,Mobile,/pricing
S01647,1,2026-02-25,Organic Search,Mobile,/blog
S01647,2,2026-02-25,Organic Search,Mobile,/products
S01648,1,2026-03-15,Social,Mobile,/products
S01649,1,2026-01-02,Email,Desktop,/features
S01649,2,2026-01-02,Email,Desktop,/products
S01649,3,2026-01-02,Email,Desktop,/blog
S01649,4,2026-01-02,Email,Desktop,/contact
S01649,5,2026-01-02,Email,Desktop,/pricing
S01650,1,2026-01-19,Social,Mobile,/contact
S01650,2,2026-01-19,Social,Mobile,/features
S01651,1,2026-01-04,Organic Search,Desktop,/products
S01651,2,2026-01-04,Organic Search,Desktop,/features
S01651,3,2026-01-04,Organic Search,Desktop,/blog
S01651,4,2026-01-04,Organic Search,Desktop,/contact
S01651,5,2026-01-04,Organic Search,Desktop,/pricing
S01652,1,2026-02-04,Organic Search,Tablet,/features
S01652,2,2026-02-04,Organic Search,Tablet,/products
S01653,1,2026-01-27,Organic Search,Desktop,/features
S01654,1,2026-03-18,Organic Search,Mobile,/pricing
S01654,2,2026-03-18,Organic Search,Mobile,/products
S01654,3,2026-03-18,Organic Search,Mobile,/pricing
S01654,4,2026-03-18,Organic Search,Mobile,/signup
S01655,1,2026-03-16,Referral,Mobile,/
S01656,1,2026-01-24,Direct,Mobile,/features
S01657,1,2026-01-29,Organic Search,Desktop,/products
S01658,1,2026-02-17,Email,Tablet,/products
S01658,2,2026-02-17,Email,Tablet,/pricing
S01658,3,2026-02-17,Email,Tablet,/signup
S01658,4,2026-02-17,Email,Tablet,/thank-you
S01658,5,2026-02-17,Email,Tablet,/features
S01658,6,2026-02-17,Email,Tablet,/blog
S01659,1,2026-02-19,Direct,Desktop,/blog
S01659,2,2026-02-19,Direct,Desktop,/products
S01659,3,2026-02-19,Direct,Desktop,/pricing
S01659,4,2026-02-19,Direct,Desktop,/signup
S01659,5,2026-02-19,Direct,Desktop,/thank-you
S01660,1,2026-01-16,Organic Search,Mobile,/pricing
S01660,2,2026-01-16,Organic Search,Mobile,/products
S01660,3,2026-01-16,Organic Search,Mobile,/pricing
S01660,4,2026-01-16,Organic Search,Mobile,/features
S01660,5,2026-01-16,Organic Search,Mobile,/blog
S01660,6,2026-01-16,Organic Search,Mobile,/contact
S01661,1,2026-03-03,Organic Search,Mobile,/
S01661,2,2026-03-03,Organic Search,Mobile,/features
S01661,3,2026-03-03,Organic Search,Mobile,/blog
S01662,1,2026-01-19,Paid Search,Desktop,/contact
S01662,2,2026-01-19,Paid Search,Desktop,/features
S01662,3,2026-01-19,Paid Search,Desktop,/blog
S01662,4,2026-01-19,Paid Search,Desktop,/products
S01662,5,2026-01-19,Paid Search,Desktop,/pricing
S01663,1,2026-03-23,Social,Mobile,/products
S01663,2,2026-03-23,Social,Mobile,/pricing
S01663,3,2026-03-23,Social,Mobile,/signup
S01663,4,2026-03-23,Social,Mobile,/thank-you
S01663,5,2026-03-23,Social,Mobile,/features
S01663,6,2026-03-23,Social,Mobile,/blog
S01664,1,2026-01-22,Organic Search,Desktop,/pricing
S01664,2,2026-01-22,Organic Search,Desktop,/products
S01664,3,2026-01-22,Organic Search,Desktop,/pricing
S01664,4,2026-01-22,Organic Search,Desktop,/signup
S01664,5,2026-01-22,Organic Search,Desktop,/thank-you
S01665,1,2026-03-29,Email,Mobile,/blog
S01666,1,2026-01-26,Email,Desktop,/
S01667,1,2026-01-29,Email,Desktop,/blog
S01667,2,2026-01-29,Email,Desktop,/features
S01667,3,2026-01-29,Email,Desktop,/contact
S01667,4,2026-01-29,Email,Desktop,/products
S01667,5,2026-01-29,Email,Desktop,/pricing
S01668,1,2026-01-10,Organic Search,Mobile,/blog
S01668,2,2026-01-10,Organic Search,Mobile,/features
S01668,3,2026-01-10,Organic Search,Mobile,/contact
S01668,4,2026-01-10,Organic Search,Mobile,/products
S01668,5,2026-01-10,Organic Search,Mobile,/pricing
S01669,1,2026-01-02,Organic Search,Mobile,/pricing
S01670,1,2026-02-22,Email,Desktop,/pricing
S01670,2,2026-02-22,Email,Desktop,/products
S01670,3,2026-02-22,Email,Desktop,/pricing
S01670,4,2026-02-22,Email,Desktop,/features
S01671,1,2026-03-16,Organic Search,Mobile,/contact
S01672,1,2026-02-09,Paid Search,Mobile,/features
S01673,1,2026-01-08,Social,Mobile,/
S01674,1,2026-01-02,Organic Search,Mobile,/products
S01675,1,2026-03-02,Social,Desktop,/pricing
S01676,1,2026-01-04,Referral,Mobile,/features
S01676,2,2026-01-04,Referral,Mobile,/products
S01676,3,2026-01-04,Referral,Mobile,/pricing
S01677,1,2026-01-03,Social,Mobile,/features
S01677,2,2026-01-03,Social,Mobile,/products
S01678,1,2026-03-09,Direct,Desktop,/products
S01679,1,2026-03-03,Email,Mobile,/features
S01680,1,2026-03-16,Direct,Mobile,/products
S01680,2,2026-03-16,Direct,Mobile,/pricing
S01680,3,2026-03-16,Direct,Mobile,/features
S01680,4,2026-03-16,Direct,Mobile,/blog
S01681,1,2026-02-14,Social,Desktop,/products
S01682,1,2026-03-30,Social,Desktop,/blog
S01682,2,2026-03-30,Social,Desktop,/products
S01682,3,2026-03-30,Social,Desktop,/pricing
S01683,1,2026-01-05,Social,Desktop,/products
S01684,1,2026-01-05,Organic Search,Desktop,/blog
S01684,2,2026-01-05,Organic Search,Desktop,/products
S01684,3,2026-01-05,Organic Search,Desktop,/pricing
S01684,4,2026-01-05,Organic Search,Desktop,/signup
S01684,5,2026-01-05,Organic Search,Desktop,/thank-you
S01685,1,2026-02-10,Organic Search,Mobile,/products
S01686,1,2026-02-14,Organic Search,Mobile,/features
S01686,2,2026-02-14,Organic Search,Mobile,/products
S01686,3,2026-02-14,Organic Search,Mobile,/blog
S01686,4,2026-02-14,Organic Search,Mobile,/contact
S01686,5,2026-02-14,Organic Search,Mobile,/pricing
S01687,1,2026-03-25,Direct,Desktop,/contact
S01687,2,2026-03-25,Direct,Desktop,/features
S01687,3,2026-03-25,Direct,Desktop,/blog
S01687,4,2026-03-25,Direct,Desktop,/products
S01687,5,2026-03-25,Direct,Desktop,/pricing
S01688,1,2026-01-08,Direct,Desktop,/products
S01688,2,2026-01-08,Direct,Desktop,/features
S01688,3,2026-01-08,Direct,Desktop,/blog
S01688,4,2026-01-08,Direct,Desktop,/contact
S01689,1,2026-03-22,Paid Search,Mobile,/pricing
S01689,2,2026-03-22,Paid Search,Mobile,/products
S01689,3,2026-03-22,Paid Search,Mobile,/pricing
S01689,4,2026-03-22,Paid Search,Mobile,/features
S01689,5,2026-03-22,Paid Search,Mobile,/blog
S01689,6,2026-03-22,Paid Search,Mobile,/contact
S01690,1,2026-02-20,Direct,Mobile,/blog
S01690,2,2026-02-20,Direct,Mobile,/features
S01690,3,2026-02-20,Direct,Mobile,/contact
S01691,1,2026-03-06,Social,Mobile,/
S01692,1,2026-02-27,Email,Mobile,/features
S01692,2,2026-02-27,Email,Mobile,/products
S01692,3,2026-02-27,Email,Mobile,/pricing
S01692,4,2026-02-27,Email,Mobile,/signup
S01692,5,2026-02-27,Email,Mobile,/thank-you
S01693,1,2026-03-02,Organic Search,Desktop,/pricing
S01693,2,2026-03-02,Organic Search,Desktop,/products
S01693,3,2026-03-02,Organic Search,Desktop,/pricing
S01693,4,2026-03-02,Organic Search,Desktop,/features
S01694,1,2026-02-18,Social,Desktop,/
S01694,2,2026-02-18,Social,Desktop,/features
S01694,3,2026-02-18,Social,Desktop,/blog
S01694,4,2026-02-18,Social,Desktop,/contact
S01694,5,2026-02-18,Social,Desktop,/products
S01695,1,2026-02-23,Paid Search,Mobile,/features
S01696,1,2026-01-21,Direct,Mobile,/products
S01696,2,2026-01-21,Direct,Mobile,/features
S01696,3,2026-01-21,Direct,Mobile,/blog
S01697,1,2026-02-25,Organic Search,Mobile,/
S01698,1,2026-02-10,Social,Mobile,/products
S01699,1,2026-03-16,Referral,Desktop,/features
S01699,2,2026-03-16,Referral,Desktop,/products
S01699,3,2026-03-16,Referral,Desktop,/pricing
S01700,1,2026-02-11,Social,Mobile,/contact
S01701,1,2026-01-24,Email,Mobile,/products
S01702,1,2026-03-24,Referral,Desktop,/
S01702,2,2026-03-24,Referral,Desktop,/products
S01702,3,2026-03-24,Referral,Desktop,/pricing
S01703,1,2026-02-11,Direct,Tablet,/
S01703,2,2026-02-11,Direct,Tablet,/features
S01703,3,2026-02-11,Direct,Tablet,/blog
S01703,4,2026-02-11,Direct,Tablet,/contact
S01704,1,2026-01-23,Paid Search,Mobile,/blog
S01705,1,2026-02-01,Direct,Mobile,/products
S01706,1,2026-02-15,Referral,Mobile,/products
S01707,1,2026-02-05,Organic Search,Mobile,/products
S01707,2,2026-02-05,Organic Search,Mobile,/features
S01707,3,2026-02-05,Organic Search,Mobile,/blog
S01708,1,2026-03-20,Direct,Mobile,/pricing
S01708,2,2026-03-20,Direct,Mobile,/products
S01708,3,2026-03-20,Direct,Mobile,/pricing
S01709,1,2026-01-20,Email,Desktop,/blog
S01710,1,2026-02-04,Organic Search,Mobile,/pricing
S01710,2,2026-02-04,Organic Search,Mobile,/products
S01710,3,2026-02-04,Organic Search,Mobile,/features
S01710,4,2026-02-04,Organic Search,Mobile,/blog
S01710,5,2026-02-04,Organic Search,Mobile,/contact
S01711,1,2026-01-09,Social,Mobile,/
S01711,2,2026-01-09,Social,Mobile,/products
S01711,3,2026-01-09,Social,Mobile,/pricing
S01712,1,2026-02-07,Direct,Desktop,/pricing
S01712,2,2026-02-07,Direct,Desktop,/products
S01712,3,2026-02-07,Direct,Desktop,/features
S01712,4,2026-02-07,Direct,Desktop,/blog
S01713,1,2026-02-20,Referral,Mobile,/pricing
S01713,2,2026-02-20,Referral,Mobile,/products
S01713,3,2026-02-20,Referral,Mobile,/features
S01713,4,2026-02-20,Referral,Mobile,/blog
S01713,5,2026-02-20,Referral,Mobile,/contact
S01714,1,2026-01-22,Email,Desktop,/pricing
S01714,2,2026-01-22,Email,Desktop,/products
S01714,3,2026-01-22,Email,Desktop,/pricing
S01715,1,2026-02-21,Organic Search,Desktop,/
S01715,2,2026-02-21,Organic Search,Desktop,/products
S01715,3,2026-02-21,Organic Search,Desktop,/features
S01716,1,2026-02-26,Social,Desktop,/
S01717,1,2026-03-12,Direct,Desktop,/pricing
S01718,1,2026-02-05,Paid Search,Desktop,/products
S01718,2,2026-02-05,Paid Search,Desktop,/features
S01718,3,2026-02-05,Paid Search,Desktop,/blog
S01718,4,2026-02-05,Paid Search,Desktop,/contact
S01718,5,2026-02-05,Paid Search,Desktop,/pricing
S01719,1,2026-02-03,Paid Search,Desktop,/blog
S01720,1,2026-03-12,Social,Mobile,/products
S01721,1,2026-02-10,Organic Search,Mobile,/products
S01721,2,2026-02-10,Organic Search,Mobile,/pricing
S01721,3,2026-02-10,Organic Search,Mobile,/signup
S01721,4,2026-02-10,Organic Search,Mobile,/thank-you
S01721,5,2026-02-10,Organic Search,Mobile,/features
S01722,1,2026-02-25,Organic Search,Mobile,/blog
S01723,1,2026-03-25,Paid Search,Mobile,/products
S01724,1,2026-02-22,Paid Search,Mobile,/
S01724,2,2026-02-22,Paid Search,Mobile,/products
S01725,1,2026-03-22,Direct,Mobile,/features
S01726,1,2026-03-04,Organic Search,Mobile,/pricing
S01727,1,2026-01-26,Direct,Mobile,/features
S01727,2,2026-01-26,Direct,Mobile,/products
S01727,3,2026-01-26,Direct,Mobile,/blog
S01728,1,2026-01-05,Email,Mobile,/products
S01728,2,2026-01-05,Email,Mobile,/pricing
S01728,3,2026-01-05,Email,Mobile,/features
S01728,4,2026-01-05,Email,Mobile,/blog
S01728,5,2026-01-05,Email,Mobile,/contact
S01729,1,2026-03-30,Organic Search,Desktop,/features
S01729,2,2026-03-30,Organic Search,Desktop,/products
S01729,3,2026-03-30,Organic Search,Desktop,/blog
S01729,4,2026-03-30,Organic Search,Desktop,/contact
S01729,5,2026-03-30,Organic Search,Desktop,/pricing
S01730,1,2026-01-22,Direct,Mobile,/features
S01730,2,2026-01-22,Direct,Mobile,/products
S01730,3,2026-01-22,Direct,Mobile,/pricing
S01730,4,2026-01-22,Direct,Mobile,/signup
S01730,5,2026-01-22,Direct,Mobile,/blog
S01730,6,2026-01-22,Direct,Mobile,/contact
S01731,1,2026-03-23,Referral,Desktop,/
S01731,2,2026-03-23,Referral,Desktop,/features
S01732,1,2026-02-02,Organic Search,Mobile,/pricing
S01732,2,2026-02-02,Organic Search,Mobile,/products
S01732,3,2026-02-02,Organic Search,Mobile,/pricing
S01732,4,2026-02-02,Organic Search,Mobile,/signup
S01733,1,2026-01-10,Social,Desktop,/blog
S01733,2,2026-01-10,Social,Desktop,/features
S01733,3,2026-01-10,Social,Desktop,/contact
S01734,1,2026-03-14,Organic Search,Desktop,/pricing
S01735,1,2026-02-27,Email,Mobile,/products
S01735,2,2026-02-27,Email,Mobile,/features
S01735,3,2026-02-27,Email,Mobile,/blog
S01735,4,2026-02-27,Email,Mobile,/contact
S01736,1,2026-01-07,Social,Tablet,/contact
S01736,2,2026-01-07,Social,Tablet,/features
S01736,3,2026-01-07,Social,Tablet,/blog
S01737,1,2026-01-24,Email,Mobile,/blog
S01738,1,2026-01-30,Organic Search,Desktop,/contact
S01739,1,2026-02-28,Direct,Desktop,/features
S01740,1,2026-03-04,Social,Mobile,/features
S01740,2,2026-03-04,Social,Mobile,/products
S01740,3,2026-03-04,Social,Mobile,/blog
S01740,4,2026-03-04,Social,Mobile,/contact
S01741,1,2026-02-27,Organic Search,Desktop,/blog
S01742,1,2026-02-25,Organic Search,Mobile,/blog
S01742,2,2026-02-25,Organic Search,Mobile,/products
S01742,3,2026-02-25,Organic Search,Mobile,/pricing
S01743,1,2026-03-26,Organic Search,Mobile,/features
S01744,1,2026-03-13,Referral,Mobile,/blog
S01744,2,2026-03-13,Referral,Mobile,/products
S01744,3,2026-03-13,Referral,Mobile,/pricing
S01744,4,2026-03-13,Referral,Mobile,/signup
S01744,5,2026-03-13,Referral,Mobile,/features
S01744,6,2026-03-13,Referral,Mobile,/contact
S01745,1,2026-03-10,Paid Search,Mobile,/
S01746,1,2026-02-06,Paid Search,Mobile,/pricing
S01746,2,2026-02-06,Paid Search,Mobile,/products
S01746,3,2026-02-06,Paid Search,Mobile,/pricing
S01746,4,2026-02-06,Paid Search,Mobile,/signup
S01746,5,2026-02-06,Paid Search,Mobile,/thank-you
S01747,1,2026-02-15,Social,Desktop,/
S01748,1,2026-01-22,Direct,Mobile,/contact
S01748,2,2026-01-22,Direct,Mobile,/features
S01748,3,2026-01-22,Direct,Mobile,/blog
S01748,4,2026-01-22,Direct,Mobile,/products
S01749,1,2026-02-22,Direct,Mobile,/blog
S01749,2,2026-02-22,Direct,Mobile,/features
S01750,1,2026-02-11,Direct,Desktop,/pricing
S01750,2,2026-02-11,Direct,Desktop,/products
S01750,3,2026-02-11,Direct,Desktop,/features
S01750,4,2026-02-11,Direct,Desktop,/blog
S01750,5,2026-02-11,Direct,Desktop,/contact
S01751,1,2026-03-23,Paid Search,Mobile,/products
S01751,2,2026-03-23,Paid Search,Mobile,/features
S01752,1,2026-02-01,Organic Search,Mobile,/pricing
S01752,2,2026-02-01,Organic Search,Mobile,/products
S01752,3,2026-02-01,Organic Search,Mobile,/features
S01752,4,2026-02-01,Organic Search,Mobile,/blog
S01752,5,2026-02-01,Organic Search,Mobile,/contact
S01753,1,2026-01-31,Email,Desktop,/products
S01753,2,2026-01-31,Email,Desktop,/features
S01753,3,2026-01-31,Email,Desktop,/blog
S01753,4,2026-01-31,Email,Desktop,/contact
S01753,5,2026-01-31,Email,Desktop,/pricing
S01754,1,2026-02-01,Social,Desktop,/blog
S01755,1,2026-02-01,Direct,Mobile,/blog
S01755,2,2026-02-01,Direct,Mobile,/features
S01756,1,2026-02-17,Paid Search,Mobile,/pricing
S01756,2,2026-02-17,Paid Search,Mobile,/products
S01756,3,2026-02-17,Paid Search,Mobile,/pricing
S01756,4,2026-02-17,Paid Search,Mobile,/signup
S01756,5,2026-02-17,Paid Search,Mobile,/features
S01756,6,2026-02-17,Paid Search,Mobile,/blog
S01757,1,2026-01-07,Organic Search,Desktop,/products
S01757,2,2026-01-07,Organic Search,Desktop,/pricing
S01758,1,2026-02-01,Referral,Desktop,/pricing
S01758,2,2026-02-01,Referral,Desktop,/products
S01758,3,2026-02-01,Referral,Desktop,/pricing
S01758,4,2026-02-01,Referral,Desktop,/signup
S01759,1,2026-03-18,Email,Mobile,/pricing
S01759,2,2026-03-18,Email,Mobile,/products
S01759,3,2026-03-18,Email,Mobile,/pricing
S01760,1,2026-01-12,Referral,Mobile,/features
S01760,2,2026-01-12,Referral,Mobile,/products
S01761,1,2026-03-19,Direct,Mobile,/features
S01762,1,2026-01-04,Organic Search,Desktop,/blog
S01762,2,2026-01-04,Organic Search,Desktop,/features
S01762,3,2026-01-04,Organic Search,Desktop,/contact
S01762,4,2026-01-04,Organic Search,Desktop,/products
S01762,5,2026-01-04,Organic Search,Desktop,/pricing
S01763,1,2026-03-09,Organic Search,Desktop,/products
S01764,1,2026-02-17,Organic Search,Desktop,/
S01765,1,2026-03-29,Organic Search,Mobile,/contact
S01765,2,2026-03-29,Organic Search,Mobile,/products
S01765,3,2026-03-29,Organic Search,Mobile,/features
S01766,1,2026-01-27,Organic Search,Desktop,/contact
S01766,2,2026-01-27,Organic Search,Desktop,/products
S01766,3,2026-01-27,Organic Search,Desktop,/features
S01766,4,2026-01-27,Organic Search,Desktop,/blog
S01767,1,2026-03-19,Referral,Desktop,/
S01767,2,2026-03-19,Referral,Desktop,/products
S01767,3,2026-03-19,Referral,Desktop,/features
S01767,4,2026-03-19,Referral,Desktop,/blog
S01767,5,2026-03-19,Referral,Desktop,/contact
S01767,6,2026-03-19,Referral,Desktop,/pricing
S01768,1,2026-03-11,Organic Search,Mobile,/blog
S01769,1,2026-01-03,Organic Search,Desktop,/products
S01769,2,2026-01-03,Organic Search,Desktop,/pricing
S01769,3,2026-01-03,Organic Search,Desktop,/features
S01770,1,2026-02-25,Social,Mobile,/
S01771,1,2026-01-08,Paid Search,Mobile,/contact
S01771,2,2026-01-08,Paid Search,Mobile,/products
S01772,1,2026-03-14,Social,Desktop,/contact
S01773,1,2026-02-11,Paid Search,Mobile,/contact
S01774,1,2026-01-29,Email,Tablet,/
S01775,1,2026-02-06,Paid Search,Mobile,/pricing
S01776,1,2026-02-23,Direct,Mobile,/features
S01777,1,2026-01-02,Paid Search,Mobile,/blog
S01778,1,2026-03-28,Direct,Mobile,/pricing
S01778,2,2026-03-28,Direct,Mobile,/products
S01778,3,2026-03-28,Direct,Mobile,/pricing
S01779,1,2026-02-10,Direct,Mobile,/pricing
S01779,2,2026-02-10,Direct,Mobile,/products
S01779,3,2026-02-10,Direct,Mobile,/features
S01779,4,2026-02-10,Direct,Mobile,/blog
S01779,5,2026-02-10,Direct,Mobile,/contact
S01780,1,2026-01-22,Direct,Desktop,/
S01780,2,2026-01-22,Direct,Desktop,/features
S01780,3,2026-01-22,Direct,Desktop,/blog
S01781,1,2026-03-26,Organic Search,Mobile,/blog
S01782,1,2026-03-27,Social,Mobile,/features
S01783,1,2026-01-19,Organic Search,Desktop,/
S01783,2,2026-01-19,Organic Search,Desktop,/products
S01783,3,2026-01-19,Organic Search,Desktop,/features
S01783,4,2026-01-19,Organic Search,Desktop,/blog
S01783,5,2026-01-19,Organic Search,Desktop,/contact
S01783,6,2026-01-19,Organic Search,Desktop,/pricing
S01784,1,2026-01-17,Organic Search,Mobile,/
S01784,2,2026-01-17,Organic Search,Mobile,/products
S01784,3,2026-01-17,Organic Search,Mobile,/features
S01785,1,2026-01-19,Organic Search,Desktop,/pricing
S01785,2,2026-01-19,Organic Search,Desktop,/products
S01785,3,2026-01-19,Organic Search,Desktop,/features
S01785,4,2026-01-19,Organic Search,Desktop,/blog
S01785,5,2026-01-19,Organic Search,Desktop,/contact
S01786,1,2026-01-14,Email,Mobile,/pricing
S01786,2,2026-01-14,Email,Mobile,/products
S01786,3,2026-01-14,Email,Mobile,/pricing
S01787,1,2026-01-27,Direct,Mobile,/products
S01788,1,2026-03-08,Paid Search,Desktop,/
S01789,1,2026-03-16,Email,Desktop,/blog
S01789,2,2026-03-16,Email,Desktop,/products
S01789,3,2026-03-16,Email,Desktop,/features
S01789,4,2026-03-16,Email,Desktop,/contact
S01790,1,2026-03-30,Organic Search,Desktop,/products
S01790,2,2026-03-30,Organic Search,Desktop,/features
S01790,3,2026-03-30,Organic Search,Desktop,/blog
S01790,4,2026-03-30,Organic Search,Desktop,/contact
S01790,5,2026-03-30,Organic Search,Desktop,/pricing
S01791,1,2026-03-30,Social,Mobile,/blog
S01792,1,2026-03-15,Organic Search,Mobile,/pricing
S01792,2,2026-03-15,Organic Search,Mobile,/products
S01792,3,2026-03-15,Organic Search,Mobile,/pricing
S01792,4,2026-03-15,Organic Search,Mobile,/signup
S01792,5,2026-03-15,Organic Search,Mobile,/features
S01792,6,2026-03-15,Organic Search,Mobile,/blog
S01793,1,2026-01-07,Organic Search,Desktop,/pricing
S01793,2,2026-01-07,Organic Search,Desktop,/products
S01793,3,2026-01-07,Organic Search,Desktop,/pricing
S01793,4,2026-01-07,Organic Search,Desktop,/signup
S01794,1,2026-01-06,Paid Search,Desktop,/blog
S01794,2,2026-01-06,Paid Search,Desktop,/products
S01794,3,2026-01-06,Paid Search,Desktop,/features
S01795,1,2026-02-11,Email,Desktop,/blog
S01795,2,2026-02-11,Email,Desktop,/features
S01795,3,2026-02-11,Email,Desktop,/contact
S01795,4,2026-02-11,Email,Desktop,/products
S01796,1,2026-01-17,Organic Search,Mobile,/pricing
S01797,1,2026-01-27,Paid Search,Desktop,/pricing
S01797,2,2026-01-27,Paid Search,Desktop,/products
S01798,1,2026-03-04,Organic Search,Mobile,/pricing
S01798,2,2026-03-04,Organic Search,Mobile,/products
S01798,3,2026-03-04,Organic Search,Mobile,/pricing
S01798,4,2026-03-04,Organic Search,Mobile,/signup
S01798,5,2026-03-04,Organic Search,Mobile,/thank-you
S01799,1,2026-03-09,Direct,Mobile,/pricing
S01800,1,2026-03-19,Paid Search,Mobile,/pricing
S01801,1,2026-01-18,Paid Search,Mobile,/pricing
S01801,2,2026-01-18,Paid Search,Mobile,/products
S01801,3,2026-01-18,Paid Search,Mobile,/pricing
S01801,4,2026-01-18,Paid Search,Mobile,/signup
S01801,5,2026-01-18,Paid Search,Mobile,/thank-you
S01802,1,2026-02-10,Paid Search,Desktop,/pricing
S01802,2,2026-02-10,Paid Search,Desktop,/products
S01802,3,2026-02-10,Paid Search,Desktop,/features
S01803,1,2026-03-30,Organic Search,Mobile,/products
S01803,2,2026-03-30,Organic Search,Mobile,/features
S01803,3,2026-03-30,Organic Search,Mobile,/blog
S01804,1,2026-03-01,Paid Search,Mobile,/blog
S01805,1,2026-03-24,Paid Search,Desktop,/
S01806,1,2026-02-08,Paid Search,Desktop,/features
S01806,2,2026-02-08,Paid Search,Desktop,/products
S01806,3,2026-02-08,Paid Search,Desktop,/blog
S01807,1,2026-02-07,Organic Search,Mobile,/blog
S01808,1,2026-02-12,Direct,Tablet,/
S01808,2,2026-02-12,Direct,Tablet,/features
S01808,3,2026-02-12,Direct,Tablet,/blog
S01808,4,2026-02-12,Direct,Tablet,/contact
S01808,5,2026-02-12,Direct,Tablet,/products
S01808,6,2026-02-12,Direct,Tablet,/pricing
S01809,1,2026-03-19,Direct,Mobile,/blog
S01809,2,2026-03-19,Direct,Mobile,/features
S01809,3,2026-03-19,Direct,Mobile,/contact
S01809,4,2026-03-19,Direct,Mobile,/products
S01809,5,2026-03-19,Direct,Mobile,/pricing
S01810,1,2026-03-18,Organic Search,Desktop,/products
S01811,1,2026-01-16,Organic Search,Mobile,/contact
S01811,2,2026-01-16,Organic Search,Mobile,/features
S01811,3,2026-01-16,Organic Search,Mobile,/blog
S01811,4,2026-01-16,Organic Search,Mobile,/products
S01812,1,2026-03-14,Direct,Mobile,/contact
S01813,1,2026-03-18,Social,Mobile,/features
S01813,2,2026-03-18,Social,Mobile,/products
S01813,3,2026-03-18,Social,Mobile,/blog
S01813,4,2026-03-18,Social,Mobile,/contact
S01813,5,2026-03-18,Social,Mobile,/pricing
S01814,1,2026-02-22,Organic Search,Mobile,/pricing
S01814,2,2026-02-22,Organic Search,Mobile,/products
S01814,3,2026-02-22,Organic Search,Mobile,/features
S01814,4,2026-02-22,Organic Search,Mobile,/blog
S01814,5,2026-02-22,Organic Search,Mobile,/contact
S01815,1,2026-02-11,Social,Mobile,/features
S01816,1,2026-01-19,Direct,Mobile,/blog
S01816,2,2026-01-19,Direct,Mobile,/products
S01817,1,2026-01-31,Social,Desktop,/features
S01818,1,2026-02-10,Direct,Mobile,/
S01818,2,2026-02-10,Direct,Mobile,/features
S01819,1,2026-03-12,Direct,Mobile,/features
S01820,1,2026-03-04,Paid Search,Tablet,/blog
S01820,2,2026-03-04,Paid Search,Tablet,/features
S01820,3,2026-03-04,Paid Search,Tablet,/contact
S01820,4,2026-03-04,Paid Search,Tablet,/products
S01820,5,2026-03-04,Paid Search,Tablet,/pricing
S01821,1,2026-01-18,Referral,Desktop,/products
S01822,1,2026-01-04,Direct,Desktop,/contact
S01822,2,2026-01-04,Direct,Desktop,/features
S01822,3,2026-01-04,Direct,Desktop,/blog
S01823,1,2026-03-03,Direct,Mobile,/blog
S01824,1,2026-02-24,Paid Search,Mobile,/features
S01825,1,2026-02-08,Social,Mobile,/
S01826,1,2026-02-25,Organic Search,Mobile,/pricing
S01827,1,2026-02-24,Direct,Mobile,/blog
S01828,1,2026-02-23,Direct,Desktop,/
S01829,1,2026-02-06,Referral,Desktop,/blog
S01829,2,2026-02-06,Referral,Desktop,/products
S01830,1,2026-02-14,Direct,Desktop,/blog
S01830,2,2026-02-14,Direct,Desktop,/products
S01830,3,2026-02-14,Direct,Desktop,/pricing
S01830,4,2026-02-14,Direct,Desktop,/features
S01830,5,2026-02-14,Direct,Desktop,/contact
S01831,1,2026-01-04,Direct,Mobile,/products
S01832,1,2026-02-09,Referral,Desktop,/blog
S01832,2,2026-02-09,Referral,Desktop,/products
S01833,1,2026-01-10,Direct,Mobile,/
S01833,2,2026-01-10,Direct,Mobile,/products
S01833,3,2026-01-10,Direct,Mobile,/features
S01833,4,2026-01-10,Direct,Mobile,/blog
S01834,1,2026-03-01,Organic Search,Tablet,/features
S01835,1,2026-01-01,Organic Search,Mobile,/features
S01836,1,2026-02-02,Organic Search,Mobile,/pricing
S01836,2,2026-02-02,Organic Search,Mobile,/products
S01836,3,2026-02-02,Organic Search,Mobile,/pricing
S01836,4,2026-02-02,Organic Search,Mobile,/signup
S01836,5,2026-02-02,Organic Search,Mobile,/features
S01836,6,2026-02-02,Organic Search,Mobile,/blog
S01837,1,2026-02-10,Organic Search,Mobile,/pricing
S01837,2,2026-02-10,Organic Search,Mobile,/products
S01837,3,2026-02-10,Organic Search,Mobile,/features
S01837,4,2026-02-10,Organic Search,Mobile,/blog
S01837,5,2026-02-10,Organic Search,Mobile,/contact
S01838,1,2026-03-23,Direct,Desktop,/products
S01838,2,2026-03-23,Direct,Desktop,/pricing
S01839,1,2026-02-04,Social,Tablet,/products
S01839,2,2026-02-04,Social,Tablet,/pricing
S01839,3,2026-02-04,Social,Tablet,/features
S01839,4,2026-02-04,Social,Tablet,/blog
S01839,5,2026-02-04,Social,Tablet,/contact
S01840,1,2026-01-04,Social,Desktop,/features
S01840,2,2026-01-04,Social,Desktop,/products
S01841,1,2026-02-23,Organic Search,Desktop,/products
S01841,2,2026-02-23,Organic Search,Desktop,/pricing
S01841,3,2026-02-23,Organic Search,Desktop,/features
S01842,1,2026-03-23,Paid Search,Tablet,/products
S01842,2,2026-03-23,Paid Search,Tablet,/features
S01843,1,2026-02-09,Organic Search,Desktop,/products
S01843,2,2026-02-09,Organic Search,Desktop,/features
S01843,3,2026-02-09,Organic Search,Desktop,/blog
S01843,4,2026-02-09,Organic Search,Desktop,/contact
S01844,1,2026-03-22,Referral,Mobile,/blog
S01844,2,2026-03-22,Referral,Mobile,/products
S01844,3,2026-03-22,Referral,Mobile,/pricing
S01845,1,2026-02-12,Organic Search,Desktop,/features
S01845,2,2026-02-12,Organic Search,Desktop,/products
S01845,3,2026-02-12,Organic Search,Desktop,/blog
S01845,4,2026-02-12,Organic Search,Desktop,/contact
S01845,5,2026-02-12,Organic Search,Desktop,/pricing
S01846,1,2026-03-03,Paid Search,Mobile,/
S01846,2,2026-03-03,Paid Search,Mobile,/features
S01846,3,2026-03-03,Paid Search,Mobile,/blog
S01846,4,2026-03-03,Paid Search,Mobile,/contact
S01846,5,2026-03-03,Paid Search,Mobile,/products
S01846,6,2026-03-03,Paid Search,Mobile,/pricing
S01847,1,2026-02-20,Direct,Mobile,/products
S01848,1,2026-03-15,Paid Search,Mobile,/
S01849,1,2026-01-29,Direct,Mobile,/
S01850,1,2026-02-11,Social,Tablet,/products
S01851,1,2026-03-01,Organic Search,Tablet,/features
S01851,2,2026-03-01,Organic Search,Tablet,/products
S01851,3,2026-03-01,Organic Search,Tablet,/blog
S01852,1,2026-01-22,Email,Mobile,/pricing
S01852,2,2026-01-22,Email,Mobile,/products
S01852,3,2026-01-22,Email,Mobile,/features
S01852,4,2026-01-22,Email,Mobile,/blog
S01853,1,2026-03-31,Direct,Desktop,/
S01854,1,2026-02-09,Social,Mobile,/blog
S01855,1,2026-03-26,Email,Mobile,/features
S01856,1,2026-03-17,Referral,Mobile,/products
S01856,2,2026-03-17,Referral,Mobile,/pricing
S01856,3,2026-03-17,Referral,Mobile,/features
S01856,4,2026-03-17,Referral,Mobile,/blog
S01857,1,2026-02-14,Organic Search,Mobile,/products
S01857,2,2026-02-14,Organic Search,Mobile,/features
S01857,3,2026-02-14,Organic Search,Mobile,/blog
S01858,1,2026-02-22,Organic Search,Mobile,/blog
S01859,1,2026-02-19,Organic Search,Mobile,/
S01860,1,2026-03-19,Organic Search,Mobile,/features
S01860,2,2026-03-19,Organic Search,Mobile,/products
S01860,3,2026-03-19,Organic Search,Mobile,/blog
S01860,4,2026-03-19,Organic Search,Mobile,/contact
S01860,5,2026-03-19,Organic Search,Mobile,/pricing
S01861,1,2026-03-04,Paid Search,Mobile,/features
S01861,2,2026-03-04,Paid Search,Mobile,/products
S01861,3,2026-03-04,Paid Search,Mobile,/pricing
S01861,4,2026-03-04,Paid Search,Mobile,/blog
S01861,5,2026-03-04,Paid Search,Mobile,/contact
S01862,1,2026-03-12,Referral,Desktop,/features
S01862,2,2026-03-12,Referral,Desktop,/products
S01862,3,2026-03-12,Referral,Desktop,/blog
S01863,1,2026-02-05,Referral,Mobile,/
S01864,1,2026-01-18,Direct,Mobile,/
S01865,1,2026-03-29,Paid Search,Mobile,/features
S01865,2,2026-03-29,Paid Search,Mobile,/products
S01865,3,2026-03-29,Paid Search,Mobile,/pricing
S01866,1,2026-03-15,Email,Mobile,/pricing
S01867,1,2026-03-06,Referral,Mobile,/products
S01867,2,2026-03-06,Referral,Mobile,/pricing
S01867,3,2026-03-06,Referral,Mobile,/signup
S01867,4,2026-03-06,Referral,Mobile,/thank-you
S01868,1,2026-01-01,Organic Search,Mobile,/pricing
S01868,2,2026-01-01,Organic Search,Mobile,/products
S01868,3,2026-01-01,Organic Search,Mobile,/pricing
S01868,4,2026-01-01,Organic Search,Mobile,/features
S01869,1,2026-01-17,Direct,Desktop,/
S01870,1,2026-03-29,Social,Mobile,/blog
S01871,1,2026-01-08,Organic Search,Desktop,/contact
S01871,2,2026-01-08,Organic Search,Desktop,/features
S01871,3,2026-01-08,Organic Search,Desktop,/blog
S01871,4,2026-01-08,Organic Search,Desktop,/products
S01871,5,2026-01-08,Organic Search,Desktop,/pricing
S01872,1,2026-01-24,Direct,Mobile,/blog
S01872,2,2026-01-24,Direct,Mobile,/features
S01872,3,2026-01-24,Direct,Mobile,/contact
S01873,1,2026-01-31,Referral,Mobile,/pricing
S01874,1,2026-01-27,Referral,Mobile,/contact
S01874,2,2026-01-27,Referral,Mobile,/features
S01874,3,2026-01-27,Referral,Mobile,/blog
S01874,4,2026-01-27,Referral,Mobile,/products
S01874,5,2026-01-27,Referral,Mobile,/pricing
S01875,1,2026-03-25,Email,Mobile,/blog
S01876,1,2026-01-30,Social,Mobile,/
S01876,2,2026-01-30,Social,Mobile,/products
S01876,3,2026-01-30,Social,Mobile,/features
S01877,1,2026-03-29,Organic Search,Mobile,/blog
S01877,2,2026-03-29,Organic Search,Mobile,/products
S01877,3,2026-03-29,Organic Search,Mobile,/features
S01877,4,2026-03-29,Organic Search,Mobile,/contact
S01877,5,2026-03-29,Organic Search,Mobile,/pricing
S01878,1,2026-03-26,Direct,Mobile,/
S01879,1,2026-01-04,Direct,Desktop,/products
S01879,2,2026-01-04,Direct,Desktop,/features
S01879,3,2026-01-04,Direct,Desktop,/blog
S01880,1,2026-03-01,Paid Search,Mobile,/blog
S01880,2,2026-03-01,Paid Search,Mobile,/features
S01880,3,2026-03-01,Paid Search,Mobile,/contact
S01880,4,2026-03-01,Paid Search,Mobile,/products
S01880,5,2026-03-01,Paid Search,Mobile,/pricing
S01881,1,2026-03-12,Direct,Mobile,/products
S01881,2,2026-03-12,Direct,Mobile,/features
S01881,3,2026-03-12,Direct,Mobile,/blog
S01882,1,2026-01-26,Paid Search,Desktop,/
S01883,1,2026-03-28,Direct,Mobile,/blog
S01883,2,2026-03-28,Direct,Mobile,/products
S01883,3,2026-03-28,Direct,Mobile,/features
S01884,1,2026-01-29,Social,Desktop,/products
S01884,2,2026-01-29,Social,Desktop,/pricing
S01885,1,2026-03-27,Direct,Desktop,/pricing
S01885,2,2026-03-27,Direct,Desktop,/products
S01885,3,2026-03-27,Direct,Desktop,/pricing
S01886,1,2026-03-16,Direct,Tablet,/products
S01887,1,2026-02-23,Organic Search,Mobile,/blog
S01887,2,2026-02-23,Organic Search,Mobile,/features
S01887,3,2026-02-23,Organic Search,Mobile,/contact
S01888,1,2026-01-08,Organic Search,Mobile,/features
S01888,2,2026-01-08,Organic Search,Mobile,/products
S01888,3,2026-01-08,Organic Search,Mobile,/pricing
S01889,1,2026-01-30,Email,Desktop,/
S01889,2,2026-01-30,Email,Desktop,/products
S01889,3,2026-01-30,Email,Desktop,/pricing
S01890,1,2026-03-13,Direct,Desktop,/features
S01890,2,2026-03-13,Direct,Desktop,/products
S01890,3,2026-03-13,Direct,Desktop,/pricing
S01890,4,2026-03-13,Direct,Desktop,/signup
S01890,5,2026-03-13,Direct,Desktop,/thank-you
S01891,1,2026-03-01,Organic Search,Desktop,/
S01892,1,2026-03-09,Social,Mobile,/products
S01892,2,2026-03-09,Social,Mobile,/pricing
S01892,3,2026-03-09,Social,Mobile,/signup
S01892,4,2026-03-09,Social,Mobile,/thank-you
S01893,1,2026-01-30,Direct,Mobile,/products
S01893,2,2026-01-30,Direct,Mobile,/features
S01893,3,2026-01-30,Direct,Mobile,/blog
S01893,4,2026-01-30,Direct,Mobile,/contact
S01893,5,2026-01-30,Direct,Mobile,/pricing
S01894,1,2026-02-01,Organic Search,Mobile,/products
S01895,1,2026-01-08,Organic Search,Mobile,/
S01895,2,2026-01-08,Organic Search,Mobile,/products
S01895,3,2026-01-08,Organic Search,Mobile,/pricing
S01895,4,2026-01-08,Organic Search,Mobile,/features
S01895,5,2026-01-08,Organic Search,Mobile,/blog
S01895,6,2026-01-08,Organic Search,Mobile,/contact
S01896,1,2026-02-25,Organic Search,Mobile,/blog
S01896,2,2026-02-25,Organic Search,Mobile,/features
S01896,3,2026-02-25,Organic Search,Mobile,/contact
S01896,4,2026-02-25,Organic Search,Mobile,/products
S01896,5,2026-02-25,Organic Search,Mobile,/pricing
S01897,1,2026-01-23,Paid Search,Desktop,/features
S01898,1,2026-03-14,Organic Search,Mobile,/contact
S01898,2,2026-03-14,Organic Search,Mobile,/products
S01898,3,2026-03-14,Organic Search,Mobile,/pricing
S01898,4,2026-03-14,Organic Search,Mobile,/signup
S01898,5,2026-03-14,Organic Search,Mobile,/thank-you
S01899,1,2026-02-11,Organic Search,Desktop,/contact
S01899,2,2026-02-11,Organic Search,Desktop,/products
S01899,3,2026-02-11,Organic Search,Desktop,/pricing
S01900,1,2026-01-13,Organic Search,Desktop,/pricing
S01900,2,2026-01-13,Organic Search,Desktop,/products
S01900,3,2026-01-13,Organic Search,Desktop,/pricing
S01900,4,2026-01-13,Organic Search,Desktop,/signup
S01900,5,2026-01-13,Organic Search,Desktop,/thank-you
S01901,1,2026-02-27,Paid Search,Mobile,/
S01902,1,2026-03-27,Organic Search,Mobile,/
S01903,1,2026-03-19,Email,Desktop,/pricing
S01903,2,2026-03-19,Email,Desktop,/products
S01903,3,2026-03-19,Email,Desktop,/pricing
S01903,4,2026-03-19,Email,Desktop,/signup
S01903,5,2026-03-19,Email,Desktop,/thank-you
S01904,1,2026-01-21,Organic Search,Mobile,/features
S01904,2,2026-01-21,Organic Search,Mobile,/products
S01904,3,2026-01-21,Organic Search,Mobile,/blog
S01904,4,2026-01-21,Organic Search,Mobile,/contact
S01904,5,2026-01-21,Organic Search,Mobile,/pricing
S01905,1,2026-03-27,Paid Search,Mobile,/products
S01906,1,2026-02-28,Direct,Desktop,/products
S01906,2,2026-02-28,Direct,Desktop,/pricing
S01906,3,2026-02-28,Direct,Desktop,/signup
S01906,4,2026-02-28,Direct,Desktop,/thank-you
S01906,5,2026-02-28,Direct,Desktop,/features
S01907,1,2026-02-25,Direct,Desktop,/pricing
S01908,1,2026-03-02,Organic Search,Desktop,/features
S01908,2,2026-03-02,Organic Search,Desktop,/products
S01908,3,2026-03-02,Organic Search,Desktop,/blog
S01908,4,2026-03-02,Organic Search,Desktop,/contact
S01909,1,2026-01-01,Social,Tablet,/pricing
S01909,2,2026-01-01,Social,Tablet,/products
S01909,3,2026-01-01,Social,Tablet,/features
S01909,4,2026-01-01,Social,Tablet,/blog
S01909,5,2026-01-01,Social,Tablet,/contact
S01910,1,2026-01-19,Email,Mobile,/blog
S01911,1,2026-02-12,Organic Search,Desktop,/pricing
S01911,2,2026-02-12,Organic Search,Desktop,/products
S01911,3,2026-02-12,Organic Search,Desktop,/pricing
S01911,4,2026-02-12,Organic Search,Desktop,/signup
S01911,5,2026-02-12,Organic Search,Desktop,/features
S01911,6,2026-02-12,Organic Search,Desktop,/blog
S01912,1,2026-01-11,Organic Search,Desktop,/products
S01912,2,2026-01-11,Organic Search,Desktop,/pricing
S01912,3,2026-01-11,Organic Search,Desktop,/signup
S01912,4,2026-01-11,Organic Search,Desktop,/features
S01912,5,2026-01-11,Organic Search,Desktop,/blog
S01912,6,2026-01-11,Organic Search,Desktop,/contact
S01913,1,2026-01-12,Email,Desktop,/pricing
S01913,2,2026-01-12,Email,Desktop,/products
S01914,1,2026-03-10,Direct,Desktop,/blog
S01914,2,2026-03-10,Direct,Desktop,/features
S01915,1,2026-01-09,Organic Search,Desktop,/blog
S01916,1,2026-02-06,Organic Search,Desktop,/pricing
S01917,1,2026-02-28,Paid Search,Mobile,/products
S01917,2,2026-02-28,Paid Search,Mobile,/features
S01917,3,2026-02-28,Paid Search,Mobile,/blog
S01917,4,2026-02-28,Paid Search,Mobile,/contact
S01917,5,2026-02-28,Paid Search,Mobile,/pricing
S01918,1,2026-03-02,Social,Desktop,/
S01919,1,2026-03-18,Paid Search,Mobile,/
S01920,1,2026-01-05,Referral,Desktop,/
S01920,2,2026-01-05,Referral,Desktop,/products
S01920,3,2026-01-05,Referral,Desktop,/pricing
S01920,4,2026-01-05,Referral,Desktop,/features
S01920,5,2026-01-05,Referral,Desktop,/blog
S01921,1,2026-01-18,Direct,Desktop,/
S01922,1,2026-03-11,Organic Search,Desktop,/blog
S01923,1,2026-01-06,Direct,Mobile,/features
S01923,2,2026-01-06,Direct,Mobile,/products
S01923,3,2026-01-06,Direct,Mobile,/pricing
S01924,1,2026-03-12,Direct,Mobile,/blog
S01924,2,2026-03-12,Direct,Mobile,/features
S01924,3,2026-03-12,Direct,Mobile,/contact
S01924,4,2026-03-12,Direct,Mobile,/products
S01925,1,2026-03-23,Organic Search,Mobile,/blog
S01925,2,2026-03-23,Organic Search,Mobile,/features
S01925,3,2026-03-23,Organic Search,Mobile,/contact
S01925,4,2026-03-23,Organic Search,Mobile,/products
S01925,5,2026-03-23,Organic Search,Mobile,/pricing
S01926,1,2026-02-09,Organic Search,Mobile,/contact
S01927,1,2026-03-09,Direct,Mobile,/contact
S01928,1,2026-01-25,Paid Search,Desktop,/products
S01929,1,2026-01-22,Organic Search,Mobile,/
S01929,2,2026-01-22,Organic Search,Mobile,/products
S01929,3,2026-01-22,Organic Search,Mobile,/features
S01929,4,2026-01-22,Organic Search,Mobile,/blog
S01929,5,2026-01-22,Organic Search,Mobile,/contact
S01930,1,2026-01-05,Direct,Tablet,/
S01930,2,2026-01-05,Direct,Tablet,/features
S01931,1,2026-02-22,Paid Search,Mobile,/features
S01932,1,2026-01-26,Paid Search,Desktop,/
S01932,2,2026-01-26,Paid Search,Desktop,/features
S01932,3,2026-01-26,Paid Search,Desktop,/blog
S01932,4,2026-01-26,Paid Search,Desktop,/contact
S01933,1,2026-01-05,Social,Mobile,/products
S01933,2,2026-01-05,Social,Mobile,/features
S01933,3,2026-01-05,Social,Mobile,/blog
S01933,4,2026-01-05,Social,Mobile,/contact
S01933,5,2026-01-05,Social,Mobile,/pricing
S01934,1,2026-02-05,Social,Desktop,/pricing
S01935,1,2026-02-28,Paid Search,Desktop,/blog
S01936,1,2026-01-22,Organic Search,Desktop,/blog
S01936,2,2026-01-22,Organic Search,Desktop,/features
S01936,3,2026-01-22,Organic Search,Desktop,/contact
S01936,4,2026-01-22,Organic Search,Desktop,/products
S01936,5,2026-01-22,Organic Search,Desktop,/pricing
S01937,1,2026-01-19,Direct,Desktop,/features
S01938,1,2026-01-04,Paid Search,Mobile,/pricing
S01939,1,2026-03-02,Organic Search,Mobile,/features
S01940,1,2026-01-11,Organic Search,Mobile,/
S01940,2,2026-01-11,Organic Search,Mobile,/features
S01940,3,2026-01-11,Organic Search,Mobile,/blog
S01941,1,2026-03-23,Organic Search,Desktop,/features
S01941,2,2026-03-23,Organic Search,Desktop,/products
S01941,3,2026-03-23,Organic Search,Desktop,/pricing
S01941,4,2026-03-23,Organic Search,Desktop,/signup
S01941,5,2026-03-23,Organic Search,Desktop,/thank-you
S01942,1,2026-02-26,Direct,Mobile,/blog
S01942,2,2026-02-26,Direct,Mobile,/features
S01942,3,2026-02-26,Direct,Mobile,/contact
S01942,4,2026-02-26,Direct,Mobile,/products
S01942,5,2026-02-26,Direct,Mobile,/pricing
S01943,1,2026-03-06,Direct,Mobile,/products
S01943,2,2026-03-06,Direct,Mobile,/features
S01943,3,2026-03-06,Direct,Mobile,/blog
S01944,1,2026-01-25,Organic Search,Desktop,/contact
S01944,2,2026-01-25,Organic Search,Desktop,/features
S01945,1,2026-01-07,Social,Mobile,/contact
S01946,1,2026-03-17,Referral,Desktop,/features
S01946,2,2026-03-17,Referral,Desktop,/products
S01946,3,2026-03-17,Referral,Desktop,/blog
S01946,4,2026-03-17,Referral,Desktop,/contact
S01947,1,2026-01-20,Organic Search,Desktop,/features
S01947,2,2026-01-20,Organic Search,Desktop,/products
S01947,3,2026-01-20,Organic Search,Desktop,/blog
S01947,4,2026-01-20,Organic Search,Desktop,/contact
S01947,5,2026-01-20,Organic Search,Desktop,/pricing
S01948,1,2026-01-19,Referral,Desktop,/products
S01948,2,2026-01-19,Referral,Desktop,/features
S01948,3,2026-01-19,Referral,Desktop,/blog
S01948,4,2026-01-19,Referral,Desktop,/contact
S01949,1,2026-03-24,Organic Search,Desktop,/products
S01950,1,2026-01-14,Referral,Desktop,/products
S01950,2,2026-01-14,Referral,Desktop,/features
S01950,3,2026-01-14,Referral,Desktop,/blog
S01950,4,2026-01-14,Referral,Desktop,/contact
S01951,1,2026-01-10,Referral,Desktop,/features
S01952,1,2026-02-04,Organic Search,Tablet,/features
S01953,1,2026-01-12,Social,Mobile,/contact
S01953,2,2026-01-12,Social,Mobile,/products
S01953,3,2026-01-12,Social,Mobile,/features
S01953,4,2026-01-12,Social,Mobile,/blog
S01954,1,2026-02-26,Referral,Desktop,/features
S01955,1,2026-03-03,Email,Desktop,/blog
S01956,1,2026-03-19,Referral,Mobile,/
S01956,2,2026-03-19,Referral,Mobile,/products
S01956,3,2026-03-19,Referral,Mobile,/pricing
S01956,4,2026-03-19,Referral,Mobile,/signup
S01956,5,2026-03-19,Referral,Mobile,/thank-you
S01957,1,2026-02-28,Direct,Mobile,/
S01957,2,2026-02-28,Direct,Mobile,/features
S01958,1,2026-03-08,Organic Search,Mobile,/pricing
S01958,2,2026-03-08,Organic Search,Mobile,/products
S01958,3,2026-03-08,Organic Search,Mobile,/features
S01958,4,2026-03-08,Organic Search,Mobile,/blog
S01959,1,2026-03-03,Email,Mobile,/blog
S01960,1,2026-02-26,Paid Search,Desktop,/
S01960,2,2026-02-26,Paid Search,Desktop,/products
S01960,3,2026-02-26,Paid Search,Desktop,/features
S01961,1,2026-02-14,Paid Search,Mobile,/features
S01962,1,2026-02-01,Direct,Mobile,/blog
S01962,2,2026-02-01,Direct,Mobile,/features
S01963,1,2026-02-10,Paid Search,Mobile,/products
S01964,1,2026-03-31,Organic Search,Mobile,/features
S01965,1,2026-02-14,Social,Mobile,/blog
S01966,1,2026-01-24,Organic Search,Mobile,/blog
S01967,1,2026-01-29,Social,Mobile,/products
S01967,2,2026-01-29,Social,Mobile,/pricing
S01967,3,2026-01-29,Social,Mobile,/features
S01968,1,2026-01-20,Email,Mobile,/products
S01969,1,2026-01-27,Direct,Desktop,/
S01969,2,2026-01-27,Direct,Desktop,/features
S01970,1,2026-02-23,Direct,Mobile,/pricing
S01971,1,2026-01-03,Organic Search,Desktop,/blog
S01972,1,2026-03-13,Referral,Mobile,/contact
S01973,1,2026-03-06,Social,Mobile,/features
S01974,1,2026-03-29,Direct,Tablet,/
S01975,1,2026-02-23,Organic Search,Mobile,/contact
S01975,2,2026-02-23,Organic Search,Mobile,/features
S01976,1,2026-02-04,Organic Search,Mobile,/
S01976,2,2026-02-04,Organic Search,Mobile,/features
S01976,3,2026-02-04,Organic Search,Mobile,/blog
S01977,1,2026-03-05,Direct,Desktop,/
S01978,1,2026-02-05,Referral,Mobile,/blog
S01979,1,2026-01-18,Social,Desktop,/features
S01980,1,2026-03-15,Organic Search,Desktop,/contact
S01981,1,2026-01-02,Email,Tablet,/features
S01981,2,2026-01-02,Email,Tablet,/products
S01981,3,2026-01-02,Email,Tablet,/blog
S01981,4,2026-01-02,Email,Tablet,/contact
S01981,5,2026-01-02,Email,Tablet,/pricing
S01982,1,2026-03-23,Direct,Tablet,/products
S01982,2,2026-03-23,Direct,Tablet,/features
S01982,3,2026-03-23,Direct,Tablet,/blog
S01983,1,2026-03-18,Email,Mobile,/
S01983,2,2026-03-18,Email,Mobile,/features
S01983,3,2026-03-18,Email,Mobile,/blog
S01984,1,2026-02-22,Organic Search,Desktop,/
S01984,2,2026-02-22,Organic Search,Desktop,/features
S01984,3,2026-02-22,Organic Search,Desktop,/blog
S01984,4,2026-02-22,Organic Search,Desktop,/contact
S01984,5,2026-02-22,Organic Search,Desktop,/products
S01984,6,2026-02-22,Organic Search,Desktop,/pricing
S01985,1,2026-02-12,Paid Search,Mobile,/pricing
S01986,1,2026-01-01,Referral,Desktop,/pricing
S01987,1,2026-01-30,Organic Search,Desktop,/
S01988,1,2026-02-15,Paid Search,Mobile,/pricing
S01989,1,2026-03-24,Referral,Mobile,/pricing
S01989,2,2026-03-24,Referral,Mobile,/products
S01989,3,2026-03-24,Referral,Mobile,/features
S01989,4,2026-03-24,Referral,Mobile,/blog
S01989,5,2026-03-24,Referral,Mobile,/contact
S01990,1,2026-02-05,Organic Search,Mobile,/blog
S01991,1,2026-01-07,Organic Search,Mobile,/products
S01992,1,2026-02-12,Paid Search,Mobile,/products
S01993,1,2026-01-24,Direct,Desktop,/blog
S01993,2,2026-01-24,Direct,Desktop,/features
S01993,3,2026-01-24,Direct,Desktop,/contact
S01993,4,2026-01-24,Direct,Desktop,/products
S01993,5,2026-01-24,Direct,Desktop,/pricing
S01994,1,2026-01-17,Organic Search,Mobile,/blog
S01995,1,2026-02-04,Direct,Desktop,/products
S01995,2,2026-02-04,Direct,Desktop,/features
S01995,3,2026-02-04,Direct,Desktop,/blog
S01996,1,2026-03-02,Social,Desktop,/
S01997,1,2026-02-23,Organic Search,Desktop,/contact
S01998,1,2026-03-31,Direct,Mobile,/blog
S01998,2,2026-03-31,Direct,Mobile,/products
S01998,3,2026-03-31,Direct,Mobile,/features
S01998,4,2026-03-31,Direct,Mobile,/contact
S01998,5,2026-03-31,Direct,Mobile,/pricing
S01999,1,2026-02-03,Email,Desktop,/products
S01999,2,2026-02-03,Email,Desktop,/features
S01999,3,2026-02-03,Email,Desktop,/blog
S01999,4,2026-02-03,Email,Desktop,/contact
S01999,5,2026-02-03,Email,Desktop,/pricing
S02000,1,2026-03-01,Direct,Desktop,/pricing
S02000,2,2026-03-01,Direct,Desktop,/products
S02000,3,2026-03-01,Direct,Desktop,/pricing
S02000,4,2026-03-01,Direct,Desktop,/features
S02000,5,2026-03-01,Direct,Desktop,/blog
S02000,6,2026-03-01,Direct,Desktop,/contact
S02001,1,2026-02-26,Email,Desktop,/blog
S02001,2,2026-02-26,Email,Desktop,/features
S02001,3,2026-02-26,Email,Desktop,/contact
S02001,4,2026-02-26,Email,Desktop,/products
S02001,5,2026-02-26,Email,Desktop,/pricing
S02002,1,2026-01-25,Direct,Desktop,/
S02003,1,2026-03-03,Referral,Desktop,/products
S02004,1,2026-02-08,Paid Search,Mobile,/contact
S02005,1,2026-03-30,Organic Search,Desktop,/pricing
S02005,2,2026-03-30,Organic Search,Desktop,/products
S02005,3,2026-03-30,Organic Search,Desktop,/features
S02006,1,2026-02-26,Email,Mobile,/products
S02006,2,2026-02-26,Email,Mobile,/features
S02006,3,2026-02-26,Email,Mobile,/blog
S02007,1,2026-03-11,Direct,Desktop,/features
S02007,2,2026-03-11,Direct,Desktop,/products
S02007,3,2026-03-11,Direct,Desktop,/blog
S02008,1,2026-03-10,Organic Search,Mobile,/pricing
S02008,2,2026-03-10,Organic Search,Mobile,/products
S02008,3,2026-03-10,Organic Search,Mobile,/features
S02008,4,2026-03-10,Organic Search,Mobile,/blog
S02009,1,2026-02-19,Organic Search,Mobile,/blog
S02009,2,2026-02-19,Organic Search,Mobile,/features
S02009,3,2026-02-19,Organic Search,Mobile,/contact
S02009,4,2026-02-19,Organic Search,Mobile,/products
S02009,5,2026-02-19,Organic Search,Mobile,/pricing
S02010,1,2026-03-20,Paid Search,Mobile,/products
S02010,2,2026-03-20,Paid Search,Mobile,/pricing
S02010,3,2026-03-20,Paid Search,Mobile,/features
S02010,4,2026-03-20,Paid Search,Mobile,/blog
S02011,1,2026-02-15,Organic Search,Mobile,/
S02011,2,2026-02-15,Organic Search,Mobile,/products
S02011,3,2026-02-15,Organic Search,Mobile,/features
S02012,1,2026-02-10,Organic Search,Tablet,/
S02012,2,2026-02-10,Organic Search,Tablet,/products
S02012,3,2026-02-10,Organic Search,Tablet,/features
S02012,4,2026-02-10,Organic Search,Tablet,/blog
S02012,5,2026-02-10,Organic Search,Tablet,/contact
S02012,6,2026-02-10,Organic Search,Tablet,/pricing
S02013,1,2026-03-21,Organic Search,Mobile,/contact
S02013,2,2026-03-21,Organic Search,Mobile,/features
S02013,3,2026-03-21,Organic Search,Mobile,/blog
S02013,4,2026-03-21,Organic Search,Mobile,/products
S02013,5,2026-03-21,Organic Search,Mobile,/pricing
S02014,1,2026-03-25,Direct,Desktop,/blog
S02015,1,2026-01-29,Direct,Mobile,/features
S02016,1,2026-03-24,Direct,Tablet,/
S02016,2,2026-03-24,Direct,Tablet,/features
S02016,3,2026-03-24,Direct,Tablet,/blog
S02016,4,2026-03-24,Direct,Tablet,/contact
S02017,1,2026-03-05,Organic Search,Mobile,/blog
S02018,1,2026-03-08,Organic Search,Mobile,/pricing
S02019,1,2026-03-24,Paid Search,Mobile,/blog
S02019,2,2026-03-24,Paid Search,Mobile,/features
S02019,3,2026-03-24,Paid Search,Mobile,/contact
S02019,4,2026-03-24,Paid Search,Mobile,/products
S02019,5,2026-03-24,Paid Search,Mobile,/pricing
S02020,1,2026-03-21,Direct,Mobile,/products
S02020,2,2026-03-21,Direct,Mobile,/pricing
S02020,3,2026-03-21,Direct,Mobile,/features
S02020,4,2026-03-21,Direct,Mobile,/blog
S02020,5,2026-03-21,Direct,Mobile,/contact
S02021,1,2026-02-06,Paid Search,Tablet,/blog
S02022,1,2026-02-22,Organic Search,Tablet,/
S02023,1,2026-02-22,Organic Search,Mobile,/
S02023,2,2026-02-22,Organic Search,Mobile,/features
S02023,3,2026-02-22,Organic Search,Mobile,/blog
S02024,1,2026-01-01,Organic Search,Mobile,/features
S02024,2,2026-01-01,Organic Search,Mobile,/products
S02024,3,2026-01-01,Organic Search,Mobile,/blog
S02024,4,2026-01-01,Organic Search,Mobile,/contact
S02024,5,2026-01-01,Organic Search,Mobile,/pricing
S02025,1,2026-01-08,Direct,Mobile,/
S02025,2,2026-01-08,Direct,Mobile,/products
S02025,3,2026-01-08,Direct,Mobile,/pricing
S02026,1,2026-02-14,Direct,Mobile,/
S02027,1,2026-02-19,Social,Desktop,/features
S02028,1,2026-02-14,Direct,Mobile,/products
S02029,1,2026-03-26,Direct,Desktop,/pricing
S02029,2,2026-03-26,Direct,Desktop,/products
S02030,1,2026-01-07,Paid Search,Desktop,/features
S02030,2,2026-01-07,Paid Search,Desktop,/products
S02030,3,2026-01-07,Paid Search,Desktop,/blog
S02031,1,2026-03-27,Organic Search,Mobile,/blog
S02031,2,2026-03-27,Organic Search,Mobile,/features
S02032,1,2026-01-29,Direct,Mobile,/
S02033,1,2026-02-06,Direct,Mobile,/pricing
S02033,2,2026-02-06,Direct,Mobile,/products
S02034,1,2026-02-05,Direct,Mobile,/pricing
S02034,2,2026-02-05,Direct,Mobile,/products
S02034,3,2026-02-05,Direct,Mobile,/features
S02034,4,2026-02-05,Direct,Mobile,/blog
S02035,1,2026-01-18,Organic Search,Mobile,/products
S02035,2,2026-01-18,Organic Search,Mobile,/features
S02036,1,2026-03-01,Social,Desktop,/blog
S02037,1,2026-03-18,Referral,Mobile,/contact
S02037,2,2026-03-18,Referral,Mobile,/products
S02038,1,2026-02-16,Organic Search,Desktop,/
S02038,2,2026-02-16,Organic Search,Desktop,/features
S02038,3,2026-02-16,Organic Search,Desktop,/blog
S02039,1,2026-03-02,Paid Search,Desktop,/
S02040,1,2026-01-02,Social,Desktop,/blog
S02040,2,2026-01-02,Social,Desktop,/features
S02040,3,2026-01-02,Social,Desktop,/contact
S02040,4,2026-01-02,Social,Desktop,/products
S02040,5,2026-01-02,Social,Desktop,/pricing
S02041,1,2026-01-14,Organic Search,Desktop,/pricing
S02041,2,2026-01-14,Organic Search,Desktop,/products
S02041,3,2026-01-14,Organic Search,Desktop,/features
S02041,4,2026-01-14,Organic Search,Desktop,/blog
S02041,5,2026-01-14,Organic Search,Desktop,/contact
S02042,1,2026-03-30,Social,Mobile,/features
S02043,1,2026-03-19,Paid Search,Mobile,/
S02044,1,2026-01-30,Referral,Mobile,/
S02045,1,2026-03-02,Referral,Tablet,/blog
S02045,2,2026-03-02,Referral,Tablet,/products
S02045,3,2026-03-02,Referral,Tablet,/features
S02046,1,2026-02-07,Organic Search,Tablet,/contact
S02047,1,2026-02-11,Direct,Mobile,/
S02048,1,2026-02-24,Direct,Mobile,/features
S02049,1,2026-03-22,Organic Search,Mobile,/products
S02049,2,2026-03-22,Organic Search,Mobile,/features
S02049,3,2026-03-22,Organic Search,Mobile,/blog
S02050,1,2026-03-28,Direct,Mobile,/
S02050,2,2026-03-28,Direct,Mobile,/products
S02050,3,2026-03-28,Direct,Mobile,/pricing
S02050,4,2026-03-28,Direct,Mobile,/features
S02051,1,2026-02-03,Referral,Tablet,/pricing
S02051,2,2026-02-03,Referral,Tablet,/products
S02051,3,2026-02-03,Referral,Tablet,/pricing
S02052,1,2026-02-02,Organic Search,Mobile,/products
S02053,1,2026-03-27,Direct,Mobile,/blog
S02054,1,2026-02-04,Email,Mobile,/products
S02054,2,2026-02-04,Email,Mobile,/features
S02054,3,2026-02-04,Email,Mobile,/blog
S02054,4,2026-02-04,Email,Mobile,/contact
S02054,5,2026-02-04,Email,Mobile,/pricing
S02055,1,2026-01-06,Direct,Mobile,/pricing
S02055,2,2026-01-06,Direct,Mobile,/products
S02055,3,2026-01-06,Direct,Mobile,/pricing
S02055,4,2026-01-06,Direct,Mobile,/features
S02056,1,2026-02-19,Direct,Mobile,/products
S02057,1,2026-03-24,Referral,Desktop,/features
S02057,2,2026-03-24,Referral,Desktop,/products
S02057,3,2026-03-24,Referral,Desktop,/pricing
S02057,4,2026-03-24,Referral,Desktop,/blog
S02058,1,2026-01-20,Direct,Mobile,/contact
S02058,2,2026-01-20,Direct,Mobile,/products
S02058,3,2026-01-20,Direct,Mobile,/features
S02058,4,2026-01-20,Direct,Mobile,/blog
S02058,5,2026-01-20,Direct,Mobile,/pricing
S02059,1,2026-01-05,Organic Search,Desktop,/products
S02059,2,2026-01-05,Organic Search,Desktop,/pricing
S02059,3,2026-01-05,Organic Search,Desktop,/features
S02059,4,2026-01-05,Organic Search,Desktop,/blog
S02059,5,2026-01-05,Organic Search,Desktop,/contact
S02060,1,2026-01-11,Organic Search,Mobile,/pricing
S02060,2,2026-01-11,Organic Search,Mobile,/products
S02060,3,2026-01-11,Organic Search,Mobile,/features
S02061,1,2026-02-07,Referral,Mobile,/contact
S02062,1,2026-02-16,Organic Search,Mobile,/
S02063,1,2026-02-17,Direct,Mobile,/features
S02064,1,2026-03-28,Organic Search,Mobile,/pricing
S02065,1,2026-03-20,Direct,Mobile,/features
S02065,2,2026-03-20,Direct,Mobile,/products
S02065,3,2026-03-20,Direct,Mobile,/blog
S02065,4,2026-03-20,Direct,Mobile,/contact
S02066,1,2026-02-13,Referral,Desktop,/products
S02066,2,2026-02-13,Referral,Desktop,/pricing
S02066,3,2026-02-13,Referral,Desktop,/features
S02067,1,2026-02-08,Direct,Desktop,/products
S02067,2,2026-02-08,Direct,Desktop,/features
S02068,1,2026-02-04,Referral,Desktop,/products
S02068,2,2026-02-04,Referral,Desktop,/features
S02069,1,2026-03-21,Organic Search,Mobile,/
S02070,1,2026-01-08,Direct,Desktop,/
S02071,1,2026-03-15,Email,Desktop,/contact
S02071,2,2026-03-15,Email,Desktop,/products
S02071,3,2026-03-15,Email,Desktop,/features
S02071,4,2026-03-15,Email,Desktop,/blog
S02071,5,2026-03-15,Email,Desktop,/pricing
S02072,1,2026-02-20,Direct,Mobile,/products
S02073,1,2026-01-06,Organic Search,Mobile,/
S02073,2,2026-01-06,Organic Search,Mobile,/features
S02073,3,2026-01-06,Organic Search,Mobile,/blog
S02073,4,2026-01-06,Organic Search,Mobile,/contact
S02073,5,2026-01-06,Organic Search,Mobile,/products
S02074,1,2026-02-15,Email,Mobile,/products
S02074,2,2026-02-15,Email,Mobile,/pricing
S02074,3,2026-02-15,Email,Mobile,/features
S02075,1,2026-02-04,Direct,Desktop,/products
S02075,2,2026-02-04,Direct,Desktop,/pricing
S02075,3,2026-02-04,Direct,Desktop,/signup
S02075,4,2026-02-04,Direct,Desktop,/thank-you
S02075,5,2026-02-04,Direct,Desktop,/features
S02076,1,2026-02-06,Direct,Mobile,/pricing
S02076,2,2026-02-06,Direct,Mobile,/products
S02076,3,2026-02-06,Direct,Mobile,/features
S02076,4,2026-02-06,Direct,Mobile,/blog
S02076,5,2026-02-06,Direct,Mobile,/contact
S02077,1,2026-01-06,Referral,Mobile,/
S02077,2,2026-01-06,Referral,Mobile,/products
S02077,3,2026-01-06,Referral,Mobile,/features
S02077,4,2026-01-06,Referral,Mobile,/blog
S02078,1,2026-03-09,Organic Search,Tablet,/features
S02078,2,2026-03-09,Organic Search,Tablet,/products
S02078,3,2026-03-09,Organic Search,Tablet,/blog
S02078,4,2026-03-09,Organic Search,Tablet,/contact
S02078,5,2026-03-09,Organic Search,Tablet,/pricing
S02079,1,2026-03-04,Organic Search,Mobile,/features
S02079,2,2026-03-04,Organic Search,Mobile,/products
S02079,3,2026-03-04,Organic Search,Mobile,/blog
S02079,4,2026-03-04,Organic Search,Mobile,/contact
S02079,5,2026-03-04,Organic Search,Mobile,/pricing
S02080,1,2026-01-21,Organic Search,Tablet,/products
S02080,2,2026-01-21,Organic Search,Tablet,/pricing
S02081,1,2026-02-05,Direct,Desktop,/features
S02081,2,2026-02-05,Direct,Desktop,/products
S02081,3,2026-02-05,Direct,Desktop,/blog
S02082,1,2026-03-15,Organic Search,Desktop,/products
S02083,1,2026-02-11,Paid Search,Desktop,/products
S02083,2,2026-02-11,Paid Search,Desktop,/pricing
S02083,3,2026-02-11,Paid Search,Desktop,/features
S02083,4,2026-02-11,Paid Search,Desktop,/blog
S02083,5,2026-02-11,Paid Search,Desktop,/contact
S02084,1,2026-03-13,Organic Search,Mobile,/contact
S02085,1,2026-02-23,Paid Search,Desktop,/features
S02086,1,2026-01-08,Organic Search,Desktop,/products
S02086,2,2026-01-08,Organic Search,Desktop,/features
S02086,3,2026-01-08,Organic Search,Desktop,/blog
S02086,4,2026-01-08,Organic Search,Desktop,/contact
S02086,5,2026-01-08,Organic Search,Desktop,/pricing
S02087,1,2026-03-14,Direct,Desktop,/pricing
S02088,1,2026-03-29,Direct,Mobile,/products
S02089,1,2026-03-02,Paid Search,Mobile,/pricing
S02090,1,2026-01-20,Direct,Mobile,/blog
S02090,2,2026-01-20,Direct,Mobile,/features
S02091,1,2026-01-05,Direct,Mobile,/
S02091,2,2026-01-05,Direct,Mobile,/products
S02091,3,2026-01-05,Direct,Mobile,/features
S02091,4,2026-01-05,Direct,Mobile,/blog
S02091,5,2026-01-05,Direct,Mobile,/contact
S02092,1,2026-02-15,Email,Mobile,/features
S02092,2,2026-02-15,Email,Mobile,/products
S02092,3,2026-02-15,Email,Mobile,/pricing
S02092,4,2026-02-15,Email,Mobile,/blog
S02092,5,2026-02-15,Email,Mobile,/contact
S02093,1,2026-01-23,Paid Search,Desktop,/blog
S02093,2,2026-01-23,Paid Search,Desktop,/products
S02093,3,2026-01-23,Paid Search,Desktop,/pricing
S02093,4,2026-01-23,Paid Search,Desktop,/features
S02094,1,2026-02-02,Organic Search,Desktop,/
S02095,1,2026-03-19,Email,Desktop,/features
S02095,2,2026-03-19,Email,Desktop,/products
S02095,3,2026-03-19,Email,Desktop,/blog
S02095,4,2026-03-19,Email,Desktop,/contact
S02095,5,2026-03-19,Email,Desktop,/pricing
S02096,1,2026-02-23,Direct,Mobile,/blog
S02096,2,2026-02-23,Direct,Mobile,/products
S02096,3,2026-02-23,Direct,Mobile,/features
S02096,4,2026-02-23,Direct,Mobile,/contact
S02097,1,2026-01-20,Organic Search,Mobile,/products
S02098,1,2026-02-18,Direct,Mobile,/pricing
S02098,2,2026-02-18,Direct,Mobile,/products
S02098,3,2026-02-18,Direct,Mobile,/features
S02099,1,2026-03-22,Organic Search,Mobile,/features
S02099,2,2026-03-22,Organic Search,Mobile,/products
S02099,3,2026-03-22,Organic Search,Mobile,/pricing
S02100,1,2026-03-31,Organic Search,Mobile,/contact
S02101,1,2026-03-19,Social,Mobile,/products
S02101,2,2026-03-19,Social,Mobile,/features
S02101,3,2026-03-19,Social,Mobile,/blog
S02102,1,2026-03-24,Organic Search,Mobile,/blog
S02103,1,2026-01-15,Social,Mobile,/features
S02103,2,2026-01-15,Social,Mobile,/products
S02103,3,2026-01-15,Social,Mobile,/pricing
S02104,1,2026-01-24,Referral,Mobile,/contact
S02104,2,2026-01-24,Referral,Mobile,/products
S02104,3,2026-01-24,Referral,Mobile,/features
S02104,4,2026-01-24,Referral,Mobile,/blog
S02104,5,2026-01-24,Referral,Mobile,/pricing
S02105,1,2026-02-08,Paid Search,Mobile,/
S02106,1,2026-02-01,Paid Search,Mobile,/pricing
S02106,2,2026-02-01,Paid Search,Mobile,/products
S02106,3,2026-02-01,Paid Search,Mobile,/pricing
S02107,1,2026-03-16,Paid Search,Desktop,/features
S02107,2,2026-03-16,Paid Search,Desktop,/products
S02107,3,2026-03-16,Paid Search,Desktop,/blog
S02108,1,2026-03-21,Referral,Mobile,/
S02109,1,2026-03-16,Direct,Mobile,/pricing
S02109,2,2026-03-16,Direct,Mobile,/products
S02109,3,2026-03-16,Direct,Mobile,/features
S02109,4,2026-03-16,Direct,Mobile,/blog
S02110,1,2026-02-26,Organic Search,Mobile,/pricing
S02110,2,2026-02-26,Organic Search,Mobile,/products
S02110,3,2026-02-26,Organic Search,Mobile,/pricing
S02110,4,2026-02-26,Organic Search,Mobile,/features
S02111,1,2026-01-01,Direct,Tablet,/pricing
S02111,2,2026-01-01,Direct,Tablet,/products
S02111,3,2026-01-01,Direct,Tablet,/features
S02111,4,2026-01-01,Direct,Tablet,/blog
S02111,5,2026-01-01,Direct,Tablet,/contact
S02112,1,2026-03-12,Direct,Desktop,/blog
S02112,2,2026-03-12,Direct,Desktop,/products
S02112,3,2026-03-12,Direct,Desktop,/features
S02112,4,2026-03-12,Direct,Desktop,/contact
S02112,5,2026-03-12,Direct,Desktop,/pricing
S02113,1,2026-03-08,Organic Search,Desktop,/
S02114,1,2026-02-21,Paid Search,Mobile,/features
S02115,1,2026-01-19,Organic Search,Desktop,/products
S02115,2,2026-01-19,Organic Search,Desktop,/features
S02115,3,2026-01-19,Organic Search,Desktop,/blog
S02115,4,2026-01-19,Organic Search,Desktop,/contact
S02115,5,2026-01-19,Organic Search,Desktop,/pricing
S02116,1,2026-03-27,Referral,Desktop,/features
S02117,1,2026-01-26,Organic Search,Mobile,/products
S02117,2,2026-01-26,Organic Search,Mobile,/features
S02118,1,2026-02-16,Organic Search,Desktop,/
S02118,2,2026-02-16,Organic Search,Desktop,/products
S02118,3,2026-02-16,Organic Search,Desktop,/features
S02118,4,2026-02-16,Organic Search,Desktop,/blog
S02119,1,2026-02-23,Organic Search,Mobile,/contact
S02119,2,2026-02-23,Organic Search,Mobile,/features
S02119,3,2026-02-23,Organic Search,Mobile,/blog
S02119,4,2026-02-23,Organic Search,Mobile,/products
S02119,5,2026-02-23,Organic Search,Mobile,/pricing
S02120,1,2026-02-16,Organic Search,Desktop,/features
S02120,2,2026-02-16,Organic Search,Desktop,/products
S02120,3,2026-02-16,Organic Search,Desktop,/pricing
S02120,4,2026-02-16,Organic Search,Desktop,/blog
S02120,5,2026-02-16,Organic Search,Desktop,/contact
S02121,1,2026-01-24,Organic Search,Mobile,/products
S02121,2,2026-01-24,Organic Search,Mobile,/pricing
S02121,3,2026-01-24,Organic Search,Mobile,/signup
S02121,4,2026-01-24,Organic Search,Mobile,/thank-you
S02121,5,2026-01-24,Organic Search,Mobile,/features
S02122,1,2026-01-17,Organic Search,Mobile,/products
S02122,2,2026-01-17,Organic Search,Mobile,/features
S02122,3,2026-01-17,Organic Search,Mobile,/blog
S02122,4,2026-01-17,Organic Search,Mobile,/contact
S02123,1,2026-02-24,Organic Search,Tablet,/pricing
S02123,2,2026-02-24,Organic Search,Tablet,/products
S02123,3,2026-02-24,Organic Search,Tablet,/pricing
S02123,4,2026-02-24,Organic Search,Tablet,/signup
S02123,5,2026-02-24,Organic Search,Tablet,/thank-you
S02124,1,2026-01-24,Organic Search,Desktop,/contact
S02125,1,2026-02-07,Direct,Mobile,/products
S02125,2,2026-02-07,Direct,Mobile,/pricing
S02125,3,2026-02-07,Direct,Mobile,/signup
S02125,4,2026-02-07,Direct,Mobile,/thank-you
S02126,1,2026-03-27,Direct,Tablet,/contact
S02127,1,2026-03-19,Direct,Mobile,/products
S02128,1,2026-02-27,Direct,Mobile,/blog
S02129,1,2026-01-29,Organic Search,Desktop,/products
S02129,2,2026-01-29,Organic Search,Desktop,/features
S02129,3,2026-01-29,Organic Search,Desktop,/blog
S02129,4,2026-01-29,Organic Search,Desktop,/contact
S02129,5,2026-01-29,Organic Search,Desktop,/pricing
S02130,1,2026-02-12,Organic Search,Mobile,/
S02130,2,2026-02-12,Organic Search,Mobile,/features
S02130,3,2026-02-12,Organic Search,Mobile,/blog
S02130,4,2026-02-12,Organic Search,Mobile,/contact
S02130,5,2026-02-12,Organic Search,Mobile,/products
S02130,6,2026-02-12,Organic Search,Mobile,/pricing
S02131,1,2026-02-23,Organic Search,Mobile,/contact
S02131,2,2026-02-23,Organic Search,Mobile,/features
S02131,3,2026-02-23,Organic Search,Mobile,/blog
S02132,1,2026-03-13,Social,Desktop,/
S02133,1,2026-03-08,Referral,Mobile,/contact
S02134,1,2026-03-23,Referral,Mobile,/
S02135,1,2026-03-21,Direct,Mobile,/products
S02136,1,2026-02-20,Direct,Desktop,/contact
S02137,1,2026-01-16,Organic Search,Mobile,/blog
S02137,2,2026-01-16,Organic Search,Mobile,/features
S02137,3,2026-01-16,Organic Search,Mobile,/contact
S02137,4,2026-01-16,Organic Search,Mobile,/products
S02138,1,2026-03-14,Social,Mobile,/products
S02139,1,2026-03-15,Social,Desktop,/blog
S02139,2,2026-03-15,Social,Desktop,/features
S02139,3,2026-03-15,Social,Desktop,/contact
S02139,4,2026-03-15,Social,Desktop,/products
S02140,1,2026-01-22,Email,Mobile,/products
S02141,1,2026-03-19,Email,Mobile,/features
S02141,2,2026-03-19,Email,Mobile,/products
S02141,3,2026-03-19,Email,Mobile,/blog
S02141,4,2026-03-19,Email,Mobile,/contact
S02141,5,2026-03-19,Email,Mobile,/pricing
S02142,1,2026-01-20,Direct,Desktop,/
S02142,2,2026-01-20,Direct,Desktop,/features
S02143,1,2026-03-06,Social,Desktop,/pricing
S02143,2,2026-03-06,Social,Desktop,/products
S02143,3,2026-03-06,Social,Desktop,/pricing
S02143,4,2026-03-06,Social,Desktop,/signup
S02144,1,2026-01-02,Social,Mobile,/
S02145,1,2026-02-28,Organic Search,Desktop,/blog
S02145,2,2026-02-28,Organic Search,Desktop,/features
S02145,3,2026-02-28,Organic Search,Desktop,/contact
S02145,4,2026-02-28,Organic Search,Desktop,/products
S02146,1,2026-01-19,Referral,Desktop,/contact
S02147,1,2026-02-22,Organic Search,Mobile,/features
S02147,2,2026-02-22,Organic Search,Mobile,/products
S02147,3,2026-02-22,Organic Search,Mobile,/blog
S02147,4,2026-02-22,Organic Search,Mobile,/contact
S02147,5,2026-02-22,Organic Search,Mobile,/pricing
S02148,1,2026-03-12,Referral,Desktop,/products
S02149,1,2026-02-10,Social,Desktop,/products
S02149,2,2026-02-10,Social,Desktop,/features
S02149,3,2026-02-10,Social,Desktop,/blog
S02149,4,2026-02-10,Social,Desktop,/contact
S02149,5,2026-02-10,Social,Desktop,/pricing
S02150,1,2026-02-24,Organic Search,Desktop,/
S02150,2,2026-02-24,Organic Search,Desktop,/products
S02150,3,2026-02-24,Organic Search,Desktop,/features
S02150,4,2026-02-24,Organic Search,Desktop,/blog
S02150,5,2026-02-24,Organic Search,Desktop,/contact
S02150,6,2026-02-24,Organic Search,Desktop,/pricing
S02151,1,2026-03-01,Paid Search,Mobile,/features
S02151,2,2026-03-01,Paid Search,Mobile,/products
S02151,3,2026-03-01,Paid Search,Mobile,/blog
S02152,1,2026-03-13,Organic Search,Desktop,/
S02152,2,2026-03-13,Organic Search,Desktop,/products
S02152,3,2026-03-13,Organic Search,Desktop,/pricing
S02152,4,2026-03-13,Organic Search,Desktop,/features
S02152,5,2026-03-13,Organic Search,Desktop,/blog
S02153,1,2026-01-03,Social,Tablet,/blog
S02154,1,2026-02-15,Social,Mobile,/products
S02154,2,2026-02-15,Social,Mobile,/pricing
S02154,3,2026-02-15,Social,Mobile,/features
S02155,1,2026-02-17,Paid Search,Desktop,/contact
S02156,1,2026-02-02,Email,Desktop,/pricing
S02156,2,2026-02-02,Email,Desktop,/products
S02156,3,2026-02-02,Email,Desktop,/features
S02156,4,2026-02-02,Email,Desktop,/blog
S02157,1,2026-03-27,Organic Search,Desktop,/pricing
S02158,1,2026-01-11,Organic Search,Tablet,/features
S02159,1,2026-02-20,Direct,Mobile,/contact
S02160,1,2026-02-05,Organic Search,Mobile,/pricing
S02160,2,2026-02-05,Organic Search,Mobile,/products
S02160,3,2026-02-05,Organic Search,Mobile,/pricing
S02160,4,2026-02-05,Organic Search,Mobile,/signup
S02160,5,2026-02-05,Organic Search,Mobile,/thank-you
S02161,1,2026-03-01,Direct,Desktop,/features
S02162,1,2026-03-20,Organic Search,Mobile,/blog
S02162,2,2026-03-20,Organic Search,Mobile,/features
S02162,3,2026-03-20,Organic Search,Mobile,/contact
S02162,4,2026-03-20,Organic Search,Mobile,/products
S02162,5,2026-03-20,Organic Search,Mobile,/pricing
S02163,1,2026-03-13,Direct,Mobile,/products
S02164,1,2026-02-06,Direct,Desktop,/
S02164,2,2026-02-06,Direct,Desktop,/features
S02164,3,2026-02-06,Direct,Desktop,/blog
S02164,4,2026-02-06,Direct,Desktop,/contact
S02164,5,2026-02-06,Direct,Desktop,/products
S02165,1,2026-01-05,Email,Desktop,/blog
S02166,1,2026-02-20,Organic Search,Mobile,/blog
S02167,1,2026-01-26,Email,Desktop,/
S02167,2,2026-01-26,Email,Desktop,/products
S02167,3,2026-01-26,Email,Desktop,/features
S02168,1,2026-03-23,Direct,Mobile,/products
S02168,2,2026-03-23,Direct,Mobile,/features
S02168,3,2026-03-23,Direct,Mobile,/blog
S02168,4,2026-03-23,Direct,Mobile,/contact
S02169,1,2026-03-05,Direct,Mobile,/blog
S02169,2,2026-03-05,Direct,Mobile,/products
S02170,1,2026-02-27,Direct,Mobile,/
S02171,1,2026-01-28,Direct,Mobile,/blog
S02171,2,2026-01-28,Direct,Mobile,/products
S02171,3,2026-01-28,Direct,Mobile,/features
S02171,4,2026-01-28,Direct,Mobile,/contact
S02172,1,2026-02-23,Organic Search,Mobile,/blog
S02172,2,2026-02-23,Organic Search,Mobile,/products
S02172,3,2026-02-23,Organic Search,Mobile,/features
S02172,4,2026-02-23,Organic Search,Mobile,/contact
S02172,5,2026-02-23,Organic Search,Mobile,/pricing
S02173,1,2026-02-02,Direct,Desktop,/products
S02173,2,2026-02-02,Direct,Desktop,/pricing
S02174,1,2026-03-25,Organic Search,Desktop,/products
S02175,1,2026-02-24,Direct,Mobile,/products
S02176,1,2026-01-29,Paid Search,Mobile,/products
S02177,1,2026-03-01,Direct,Mobile,/blog
S02177,2,2026-03-01,Direct,Mobile,/features
S02177,3,2026-03-01,Direct,Mobile,/contact
S02177,4,2026-03-01,Direct,Mobile,/products
S02177,5,2026-03-01,Direct,Mobile,/pricing
S02178,1,2026-03-29,Social,Tablet,/blog
S02179,1,2026-02-06,Organic Search,Desktop,/features
S02180,1,2026-03-19,Referral,Mobile,/
S02180,2,2026-03-19,Referral,Mobile,/features
S02180,3,2026-03-19,Referral,Mobile,/blog
S02180,4,2026-03-19,Referral,Mobile,/contact
S02181,1,2026-03-16,Social,Mobile,/blog
S02181,2,2026-03-16,Social,Mobile,/features
S02181,3,2026-03-16,Social,Mobile,/contact
S02181,4,2026-03-16,Social,Mobile,/products
S02182,1,2026-02-20,Referral,Mobile,/products
S02182,2,2026-02-20,Referral,Mobile,/features
S02182,3,2026-02-20,Referral,Mobile,/blog
S02182,4,2026-02-20,Referral,Mobile,/contact
S02182,5,2026-02-20,Referral,Mobile,/pricing
S02183,1,2026-01-31,Social,Desktop,/features
S02183,2,2026-01-31,Social,Desktop,/products
S02183,3,2026-01-31,Social,Desktop,/blog
S02183,4,2026-01-31,Social,Desktop,/contact
S02183,5,2026-01-31,Social,Desktop,/pricing
S02184,1,2026-02-05,Organic Search,Mobile,/
S02185,1,2026-03-05,Direct,Mobile,/pricing
S02185,2,2026-03-05,Direct,Mobile,/products
S02185,3,2026-03-05,Direct,Mobile,/pricing
S02185,4,2026-03-05,Direct,Mobile,/signup
S02186,1,2026-01-11,Organic Search,Mobile,/pricing
S02187,1,2026-03-23,Social,Mobile,/products
S02188,1,2026-02-05,Paid Search,Mobile,/contact
S02189,1,2026-02-22,Organic Search,Mobile,/
S02190,1,2026-02-04,Referral,Desktop,/
S02190,2,2026-02-04,Referral,Desktop,/features
S02190,3,2026-02-04,Referral,Desktop,/blog
S02190,4,2026-02-04,Referral,Desktop,/contact
S02190,5,2026-02-04,Referral,Desktop,/products
S02191,1,2026-03-28,Organic Search,Mobile,/blog
S02191,2,2026-03-28,Organic Search,Mobile,/features
S02191,3,2026-03-28,Organic Search,Mobile,/contact
S02191,4,2026-03-28,Organic Search,Mobile,/products
S02192,1,2026-01-24,Paid Search,Mobile,/pricing
S02193,1,2026-02-12,Social,Mobile,/products
S02194,1,2026-02-13,Organic Search,Mobile,/products
S02195,1,2026-03-07,Paid Search,Desktop,/
S02196,1,2026-03-29,Social,Tablet,/features
S02196,2,2026-03-29,Social,Tablet,/products
S02196,3,2026-03-29,Social,Tablet,/blog
S02196,4,2026-03-29,Social,Tablet,/contact
S02197,1,2026-03-27,Organic Search,Mobile,/pricing
S02197,2,2026-03-27,Organic Search,Mobile,/products
S02197,3,2026-03-27,Organic Search,Mobile,/pricing
S02197,4,2026-03-27,Organic Search,Mobile,/signup
S02198,1,2026-02-03,Direct,Desktop,/products
S02199,1,2026-02-07,Organic Search,Desktop,/products
S02200,1,2026-01-29,Paid Search,Desktop,/features
S02200,2,2026-01-29,Paid Search,Desktop,/products
S02200,3,2026-01-29,Paid Search,Desktop,/pricing
S02200,4,2026-01-29,Paid Search,Desktop,/blog
S02201,1,2026-03-30,Organic Search,Mobile,/features
S02201,2,2026-03-30,Organic Search,Mobile,/products
S02201,3,2026-03-30,Organic Search,Mobile,/pricing
S02202,1,2026-01-26,Referral,Mobile,/
S02202,2,2026-01-26,Referral,Mobile,/products
S02203,1,2026-02-10,Email,Mobile,/blog
S02204,1,2026-01-03,Organic Search,Tablet,/
S02204,2,2026-01-03,Organic Search,Tablet,/products
S02204,3,2026-01-03,Organic Search,Tablet,/pricing
S02204,4,2026-01-03,Organic Search,Tablet,/features
S02205,1,2026-01-10,Direct,Desktop,/products
S02206,1,2026-01-14,Paid Search,Mobile,/features
S02206,2,2026-01-14,Paid Search,Mobile,/products
S02206,3,2026-01-14,Paid Search,Mobile,/blog
S02206,4,2026-01-14,Paid Search,Mobile,/contact
S02207,1,2026-02-19,Paid Search,Mobile,/features
S02208,1,2026-01-21,Direct,Mobile,/
S02208,2,2026-01-21,Direct,Mobile,/products
S02208,3,2026-01-21,Direct,Mobile,/features
S02208,4,2026-01-21,Direct,Mobile,/blog
S02209,1,2026-02-20,Organic Search,Mobile,/features
S02210,1,2026-03-19,Organic Search,Desktop,/blog
S02210,2,2026-03-19,Organic Search,Desktop,/features
S02210,3,2026-03-19,Organic Search,Desktop,/contact
S02210,4,2026-03-19,Organic Search,Desktop,/products
S02211,1,2026-02-09,Referral,Mobile,/features
S02212,1,2026-03-11,Direct,Desktop,/features
S02212,2,2026-03-11,Direct,Desktop,/products
S02212,3,2026-03-11,Direct,Desktop,/blog
S02213,1,2026-02-22,Email,Desktop,/pricing
S02213,2,2026-02-22,Email,Desktop,/products
S02213,3,2026-02-22,Email,Desktop,/features
S02214,1,2026-03-07,Direct,Desktop,/contact
S02214,2,2026-03-07,Direct,Desktop,/products
S02214,3,2026-03-07,Direct,Desktop,/features
S02215,1,2026-02-22,Referral,Desktop,/products
S02216,1,2026-01-16,Organic Search,Mobile,/pricing
S02216,2,2026-01-16,Organic Search,Mobile,/products
S02216,3,2026-01-16,Organic Search,Mobile,/pricing
S02216,4,2026-01-16,Organic Search,Mobile,/signup
S02216,5,2026-01-16,Organic Search,Mobile,/features
S02216,6,2026-01-16,Organic Search,Mobile,/blog
S02217,1,2026-01-18,Organic Search,Desktop,/products
S02217,2,2026-01-18,Organic Search,Desktop,/features
S02217,3,2026-01-18,Organic Search,Desktop,/blog
S02218,1,2026-03-30,Referral,Desktop,/features
S02218,2,2026-03-30,Referral,Desktop,/products
S02218,3,2026-03-30,Referral,Desktop,/pricing
S02218,4,2026-03-30,Referral,Desktop,/signup
S02218,5,2026-03-30,Referral,Desktop,/thank-you
S02219,1,2026-01-07,Referral,Mobile,/
S02220,1,2026-03-28,Organic Search,Mobile,/pricing
S02221,1,2026-02-01,Direct,Mobile,/features
S02222,1,2026-03-01,Direct,Mobile,/products
S02222,2,2026-03-01,Direct,Mobile,/features
S02222,3,2026-03-01,Direct,Mobile,/blog
S02222,4,2026-03-01,Direct,Mobile,/contact
S02222,5,2026-03-01,Direct,Mobile,/pricing
S02223,1,2026-03-15,Direct,Mobile,/products
S02224,1,2026-03-27,Organic Search,Mobile,/products
S02225,1,2026-01-18,Email,Desktop,/blog
S02226,1,2026-03-12,Organic Search,Mobile,/products
S02227,1,2026-01-30,Paid Search,Mobile,/products
S02228,1,2026-01-12,Organic Search,Mobile,/pricing
S02228,2,2026-01-12,Organic Search,Mobile,/products
S02228,3,2026-01-12,Organic Search,Mobile,/pricing
S02228,4,2026-01-12,Organic Search,Mobile,/signup
S02228,5,2026-01-12,Organic Search,Mobile,/thank-you
S02229,1,2026-02-08,Organic Search,Mobile,/contact
S02230,1,2026-02-21,Paid Search,Tablet,/features
S02230,2,2026-02-21,Paid Search,Tablet,/products
S02230,3,2026-02-21,Paid Search,Tablet,/blog
S02230,4,2026-02-21,Paid Search,Tablet,/contact
S02231,1,2026-03-26,Direct,Mobile,/products
S02231,2,2026-03-26,Direct,Mobile,/pricing
S02231,3,2026-03-26,Direct,Mobile,/signup
S02231,4,2026-03-26,Direct,Mobile,/thank-you
S02232,1,2026-01-28,Paid Search,Mobile,/features
S02233,1,2026-03-21,Organic Search,Mobile,/features
S02233,2,2026-03-21,Organic Search,Mobile,/products
S02233,3,2026-03-21,Organic Search,Mobile,/pricing
S02233,4,2026-03-21,Organic Search,Mobile,/blog
S02234,1,2026-01-29,Referral,Mobile,/blog
S02234,2,2026-01-29,Referral,Mobile,/products
S02234,3,2026-01-29,Referral,Mobile,/pricing
S02235,1,2026-02-14,Social,Desktop,/pricing
S02235,2,2026-02-14,Social,Desktop,/products
S02235,3,2026-02-14,Social,Desktop,/pricing
S02236,1,2026-03-07,Email,Desktop,/
S02236,2,2026-03-07,Email,Desktop,/products
S02236,3,2026-03-07,Email,Desktop,/pricing
S02236,4,2026-03-07,Email,Desktop,/features
S02236,5,2026-03-07,Email,Desktop,/blog
S02237,1,2026-01-31,Organic Search,Mobile,/blog
S02237,2,2026-01-31,Organic Search,Mobile,/features
S02237,3,2026-01-31,Organic Search,Mobile,/contact
S02237,4,2026-01-31,Organic Search,Mobile,/products
S02237,5,2026-01-31,Organic Search,Mobile,/pricing
S02238,1,2026-02-26,Direct,Desktop,/pricing
S02239,1,2026-02-14,Direct,Mobile,/products
S02239,2,2026-02-14,Direct,Mobile,/features
S02239,3,2026-02-14,Direct,Mobile,/blog
S02240,1,2026-02-20,Direct,Desktop,/
S02241,1,2026-01-21,Organic Search,Mobile,/products
S02241,2,2026-01-21,Organic Search,Mobile,/features
S02242,1,2026-03-31,Organic Search,Mobile,/blog
S02242,2,2026-03-31,Organic Search,Mobile,/features
S02242,3,2026-03-31,Organic Search,Mobile,/contact
S02242,4,2026-03-31,Organic Search,Mobile,/products
S02242,5,2026-03-31,Organic Search,Mobile,/pricing
S02243,1,2026-03-25,Direct,Desktop,/
S02244,1,2026-01-24,Organic Search,Desktop,/blog
S02245,1,2026-03-16,Direct,Mobile,/features
S02245,2,2026-03-16,Direct,Mobile,/products
S02246,1,2026-03-20,Organic Search,Tablet,/products
S02247,1,2026-02-10,Organic Search,Desktop,/
S02248,1,2026-03-04,Paid Search,Mobile,/
S02249,1,2026-02-23,Direct,Desktop,/products
S02249,2,2026-02-23,Direct,Desktop,/features
S02249,3,2026-02-23,Direct,Desktop,/blog
S02249,4,2026-02-23,Direct,Desktop,/contact
S02250,1,2026-01-03,Direct,Desktop,/features
S02250,2,2026-01-03,Direct,Desktop,/products
S02250,3,2026-01-03,Direct,Desktop,/pricing
S02250,4,2026-01-03,Direct,Desktop,/signup
S02250,5,2026-01-03,Direct,Desktop,/blog
S02251,1,2026-01-23,Direct,Mobile,/blog
S02251,2,2026-01-23,Direct,Mobile,/products
S02252,1,2026-02-12,Social,Mobile,/features
S02252,2,2026-02-12,Social,Mobile,/products
S02252,3,2026-02-12,Social,Mobile,/blog
S02253,1,2026-01-28,Direct,Desktop,/contact
S02253,2,2026-01-28,Direct,Desktop,/features
S02253,3,2026-01-28,Direct,Desktop,/blog
S02253,4,2026-01-28,Direct,Desktop,/products
S02253,5,2026-01-28,Direct,Desktop,/pricing
S02254,1,2026-01-14,Paid Search,Desktop,/products
S02254,2,2026-01-14,Paid Search,Desktop,/pricing
S02254,3,2026-01-14,Paid Search,Desktop,/features
S02255,1,2026-01-12,Referral,Mobile,/blog
S02255,2,2026-01-12,Referral,Mobile,/features
S02255,3,2026-01-12,Referral,Mobile,/contact
S02256,1,2026-01-11,Direct,Mobile,/pricing
S02256,2,2026-01-11,Direct,Mobile,/products
S02256,3,2026-01-11,Direct,Mobile,/features
S02256,4,2026-01-11,Direct,Mobile,/blog
S02256,5,2026-01-11,Direct,Mobile,/contact
S02257,1,2026-03-05,Email,Mobile,/pricing
S02257,2,2026-03-05,Email,Mobile,/products
S02257,3,2026-03-05,Email,Mobile,/features
S02257,4,2026-03-05,Email,Mobile,/blog
S02257,5,2026-03-05,Email,Mobile,/contact
S02258,1,2026-03-04,Social,Desktop,/products
S02259,1,2026-02-25,Organic Search,Desktop,/products
S02260,1,2026-03-21,Direct,Mobile,/blog
S02261,1,2026-03-29,Paid Search,Desktop,/blog
S02261,2,2026-03-29,Paid Search,Desktop,/features
S02261,3,2026-03-29,Paid Search,Desktop,/contact
S02261,4,2026-03-29,Paid Search,Desktop,/products
S02261,5,2026-03-29,Paid Search,Desktop,/pricing
S02262,1,2026-03-03,Referral,Desktop,/products
S02262,2,2026-03-03,Referral,Desktop,/features
S02262,3,2026-03-03,Referral,Desktop,/blog
S02263,1,2026-02-19,Direct,Mobile,/
S02263,2,2026-02-19,Direct,Mobile,/features
S02264,1,2026-01-31,Organic Search,Mobile,/pricing
S02264,2,2026-01-31,Organic Search,Mobile,/products
S02264,3,2026-01-31,Organic Search,Mobile,/pricing
S02264,4,2026-01-31,Organic Search,Mobile,/features
S02265,1,2026-03-19,Paid Search,Mobile,/blog
S02265,2,2026-03-19,Paid Search,Mobile,/products
S02265,3,2026-03-19,Paid Search,Mobile,/pricing
S02265,4,2026-03-19,Paid Search,Mobile,/signup
S02265,5,2026-03-19,Paid Search,Mobile,/thank-you
S02265,6,2026-03-19,Paid Search,Mobile,/features
S02266,1,2026-01-05,Organic Search,Mobile,/pricing
S02266,2,2026-01-05,Organic Search,Mobile,/products
S02267,1,2026-02-03,Social,Mobile,/
S02267,2,2026-02-03,Social,Mobile,/features
S02267,3,2026-02-03,Social,Mobile,/blog
S02268,1,2026-02-12,Direct,Desktop,/products
S02269,1,2026-02-03,Social,Desktop,/features
S02270,1,2026-01-18,Email,Mobile,/blog
S02270,2,2026-01-18,Email,Mobile,/features
S02270,3,2026-01-18,Email,Mobile,/contact
S02270,4,2026-01-18,Email,Mobile,/products
S02270,5,2026-01-18,Email,Mobile,/pricing
S02271,1,2026-03-28,Paid Search,Desktop,/
S02272,1,2026-03-16,Paid Search,Desktop,/pricing
S02273,1,2026-03-17,Social,Mobile,/pricing
S02274,1,2026-02-01,Email,Mobile,/blog
S02275,1,2026-03-02,Email,Desktop,/
S02276,1,2026-03-23,Organic Search,Desktop,/blog
S02276,2,2026-03-23,Organic Search,Desktop,/products
S02276,3,2026-03-23,Organic Search,Desktop,/pricing
S02276,4,2026-03-23,Organic Search,Desktop,/signup
S02276,5,2026-03-23,Organic Search,Desktop,/thank-you
S02277,1,2026-03-04,Direct,Mobile,/contact
S02278,1,2026-01-12,Organic Search,Desktop,/products
S02278,2,2026-01-12,Organic Search,Desktop,/pricing
S02278,3,2026-01-12,Organic Search,Desktop,/signup
S02279,1,2026-01-26,Email,Desktop,/products
S02280,1,2026-01-06,Paid Search,Desktop,/
S02280,2,2026-01-06,Paid Search,Desktop,/features
S02280,3,2026-01-06,Paid Search,Desktop,/blog
S02280,4,2026-01-06,Paid Search,Desktop,/contact
S02280,5,2026-01-06,Paid Search,Desktop,/products
S02281,1,2026-01-15,Direct,Desktop,/
S02281,2,2026-01-15,Direct,Desktop,/features
S02281,3,2026-01-15,Direct,Desktop,/blog
S02281,4,2026-01-15,Direct,Desktop,/contact
S02281,5,2026-01-15,Direct,Desktop,/products
S02281,6,2026-01-15,Direct,Desktop,/pricing
S02282,1,2026-01-01,Organic Search,Mobile,/contact
S02282,2,2026-01-01,Organic Search,Mobile,/features
S02282,3,2026-01-01,Organic Search,Mobile,/blog
S02282,4,2026-01-01,Organic Search,Mobile,/products
S02283,1,2026-01-27,Direct,Mobile,/contact
S02283,2,2026-01-27,Direct,Mobile,/features
S02283,3,2026-01-27,Direct,Mobile,/blog
S02283,4,2026-01-27,Direct,Mobile,/products
S02283,5,2026-01-27,Direct,Mobile,/pricing
S02284,1,2026-03-30,Paid Search,Mobile,/
S02284,2,2026-03-30,Paid Search,Mobile,/features
S02284,3,2026-03-30,Paid Search,Mobile,/blog
S02284,4,2026-03-30,Paid Search,Mobile,/contact
S02284,5,2026-03-30,Paid Search,Mobile,/products
S02285,1,2026-01-08,Organic Search,Desktop,/features
S02285,2,2026-01-08,Organic Search,Desktop,/products
S02285,3,2026-01-08,Organic Search,Desktop,/pricing
S02285,4,2026-01-08,Organic Search,Desktop,/signup
S02285,5,2026-01-08,Organic Search,Desktop,/thank-you
S02286,1,2026-02-12,Organic Search,Desktop,/
S02287,1,2026-03-04,Email,Desktop,/pricing
S02287,2,2026-03-04,Email,Desktop,/products
S02287,3,2026-03-04,Email,Desktop,/features
S02287,4,2026-03-04,Email,Desktop,/blog
S02287,5,2026-03-04,Email,Desktop,/contact
S02288,1,2026-03-07,Social,Mobile,/blog
S02289,1,2026-02-26,Organic Search,Mobile,/products
S02290,1,2026-01-10,Organic Search,Mobile,/pricing
S02290,2,2026-01-10,Organic Search,Mobile,/products
S02290,3,2026-01-10,Organic Search,Mobile,/features
S02290,4,2026-01-10,Organic Search,Mobile,/blog
S02290,5,2026-01-10,Organic Search,Mobile,/contact
S02291,1,2026-01-21,Referral,Mobile,/blog
S02292,1,2026-01-10,Paid Search,Mobile,/products
S02292,2,2026-01-10,Paid Search,Mobile,/features
S02292,3,2026-01-10,Paid Search,Mobile,/blog
S02292,4,2026-01-10,Paid Search,Mobile,/contact
S02292,5,2026-01-10,Paid Search,Mobile,/pricing
S02293,1,2026-02-15,Paid Search,Desktop,/contact
S02294,1,2026-01-25,Organic Search,Mobile,/products
S02295,1,2026-01-04,Organic Search,Desktop,/
S02296,1,2026-01-10,Organic Search,Tablet,/contact
S02296,2,2026-01-10,Organic Search,Tablet,/features
S02296,3,2026-01-10,Organic Search,Tablet,/blog
S02296,4,2026-01-10,Organic Search,Tablet,/products
S02297,1,2026-01-01,Social,Desktop,/products
S02297,2,2026-01-01,Social,Desktop,/features
S02297,3,2026-01-01,Social,Desktop,/blog
S02297,4,2026-01-01,Social,Desktop,/contact
S02298,1,2026-01-04,Organic Search,Mobile,/products
S02298,2,2026-01-04,Organic Search,Mobile,/pricing
S02298,3,2026-01-04,Organic Search,Mobile,/features
S02298,4,2026-01-04,Organic Search,Mobile,/blog
S02298,5,2026-01-04,Organic Search,Mobile,/contact
S02299,1,2026-01-18,Organic Search,Desktop,/products
S02300,1,2026-01-06,Social,Desktop,/
S02301,1,2026-01-01,Referral,Mobile,/products
S02301,2,2026-01-01,Referral,Mobile,/pricing
S02301,3,2026-01-01,Referral,Mobile,/signup
S02302,1,2026-02-08,Social,Desktop,/products
S02303,1,2026-01-09,Direct,Desktop,/pricing
S02304,1,2026-02-08,Direct,Mobile,/pricing
S02304,2,2026-02-08,Direct,Mobile,/products
S02304,3,2026-02-08,Direct,Mobile,/features
S02305,1,2026-02-05,Direct,Mobile,/features
S02305,2,2026-02-05,Direct,Mobile,/products
S02305,3,2026-02-05,Direct,Mobile,/pricing
S02305,4,2026-02-05,Direct,Mobile,/blog
S02305,5,2026-02-05,Direct,Mobile,/contact
S02306,1,2026-02-14,Direct,Mobile,/features
S02307,1,2026-02-28,Direct,Mobile,/products
S02308,1,2026-02-25,Direct,Desktop,/contact
S02308,2,2026-02-25,Direct,Desktop,/features
S02308,3,2026-02-25,Direct,Desktop,/blog
S02308,4,2026-02-25,Direct,Desktop,/products
S02309,1,2026-01-31,Paid Search,Mobile,/features
S02309,2,2026-01-31,Paid Search,Mobile,/products
S02309,3,2026-01-31,Paid Search,Mobile,/blog
S02309,4,2026-01-31,Paid Search,Mobile,/contact
S02310,1,2026-01-25,Email,Mobile,/contact
S02310,2,2026-01-25,Email,Mobile,/features
S02310,3,2026-01-25,Email,Mobile,/blog
S02310,4,2026-01-25,Email,Mobile,/products
S02310,5,2026-01-25,Email,Mobile,/pricing
S02311,1,2026-01-22,Referral,Mobile,/blog
S02311,2,2026-01-22,Referral,Mobile,/features
S02311,3,2026-01-22,Referral,Mobile,/contact
S02311,4,2026-01-22,Referral,Mobile,/products
S02311,5,2026-01-22,Referral,Mobile,/pricing
S02312,1,2026-02-17,Organic Search,Mobile,/products
S02312,2,2026-02-17,Organic Search,Mobile,/features
S02312,3,2026-02-17,Organic Search,Mobile,/blog
S02312,4,2026-02-17,Organic Search,Mobile,/contact
S02312,5,2026-02-17,Organic Search,Mobile,/pricing
S02313,1,2026-02-22,Direct,Mobile,/products
S02313,2,2026-02-22,Direct,Mobile,/features
S02314,1,2026-03-30,Organic Search,Desktop,/features
S02314,2,2026-03-30,Organic Search,Desktop,/products
S02314,3,2026-03-30,Organic Search,Desktop,/pricing
S02314,4,2026-03-30,Organic Search,Desktop,/blog
S02314,5,2026-03-30,Organic Search,Desktop,/contact
S02315,1,2026-01-31,Direct,Mobile,/pricing
S02315,2,2026-01-31,Direct,Mobile,/products
S02315,3,2026-01-31,Direct,Mobile,/features
S02316,1,2026-02-28,Organic Search,Mobile,/features
S02317,1,2026-03-05,Organic Search,Desktop,/blog
S02317,2,2026-03-05,Organic Search,Desktop,/features
S02317,3,2026-03-05,Organic Search,Desktop,/contact
S02318,1,2026-03-15,Social,Tablet,/products
S02318,2,2026-03-15,Social,Tablet,/features
S02318,3,2026-03-15,Social,Tablet,/blog
S02319,1,2026-02-21,Direct,Mobile,/products
S02320,1,2026-03-21,Email,Mobile,/contact
S02320,2,2026-03-21,Email,Mobile,/features
S02321,1,2026-03-10,Organic Search,Mobile,/
S02321,2,2026-03-10,Organic Search,Mobile,/products
S02321,3,2026-03-10,Organic Search,Mobile,/features
S02321,4,2026-03-10,Organic Search,Mobile,/blog
S02321,5,2026-03-10,Organic Search,Mobile,/contact
S02322,1,2026-01-20,Organic Search,Mobile,/blog
S02323,1,2026-03-02,Direct,Mobile,/contact
S02323,2,2026-03-02,Direct,Mobile,/features
S02323,3,2026-03-02,Direct,Mobile,/blog
S02324,1,2026-01-20,Organic Search,Desktop,/
S02325,1,2026-02-25,Organic Search,Desktop,/products
S02325,2,2026-02-25,Organic Search,Desktop,/features
S02326,1,2026-01-20,Referral,Mobile,/pricing
S02326,2,2026-01-20,Referral,Mobile,/products
S02326,3,2026-01-20,Referral,Mobile,/features
S02326,4,2026-01-20,Referral,Mobile,/blog
S02326,5,2026-01-20,Referral,Mobile,/contact
S02327,1,2026-01-27,Organic Search,Tablet,/features
S02327,2,2026-01-27,Organic Search,Tablet,/products
S02327,3,2026-01-27,Organic Search,Tablet,/blog
S02327,4,2026-01-27,Organic Search,Tablet,/contact
S02327,5,2026-01-27,Organic Search,Tablet,/pricing
S02328,1,2026-02-06,Organic Search,Mobile,/pricing
S02328,2,2026-02-06,Organic Search,Mobile,/products
S02329,1,2026-01-25,Paid Search,Mobile,/
S02329,2,2026-01-25,Paid Search,Mobile,/features
S02329,3,2026-01-25,Paid Search,Mobile,/blog
S02330,1,2026-03-25,Direct,Mobile,/
S02330,2,2026-03-25,Direct,Mobile,/products
S02330,3,2026-03-25,Direct,Mobile,/pricing
S02331,1,2026-03-07,Paid Search,Mobile,/products
S02331,2,2026-03-07,Paid Search,Mobile,/features
S02331,3,2026-03-07,Paid Search,Mobile,/blog
S02332,1,2026-03-19,Direct,Desktop,/products
S02332,2,2026-03-19,Direct,Desktop,/features
S02332,3,2026-03-19,Direct,Desktop,/blog
S02332,4,2026-03-19,Direct,Desktop,/contact
S02332,5,2026-03-19,Direct,Desktop,/pricing
S02333,1,2026-02-24,Social,Mobile,/products
S02334,1,2026-02-08,Organic Search,Desktop,/features
S02334,2,2026-02-08,Organic Search,Desktop,/products
S02334,3,2026-02-08,Organic Search,Desktop,/blog
S02335,1,2026-01-05,Direct,Mobile,/
S02335,2,2026-01-05,Direct,Mobile,/products
S02335,3,2026-01-05,Direct,Mobile,/pricing
S02335,4,2026-01-05,Direct,Mobile,/signup
S02336,1,2026-02-12,Paid Search,Desktop,/features
S02337,1,2026-02-23,Email,Desktop,/contact
S02337,2,2026-02-23,Email,Desktop,/products
S02337,3,2026-02-23,Email,Desktop,/features
S02338,1,2026-03-20,Direct,Mobile,/blog
S02339,1,2026-01-09,Paid Search,Mobile,/blog
S02340,1,2026-02-19,Organic Search,Desktop,/
S02341,1,2026-01-25,Organic Search,Mobile,/pricing
S02342,1,2026-02-03,Organic Search,Mobile,/products
S02342,2,2026-02-03,Organic Search,Mobile,/pricing
S02343,1,2026-02-07,Social,Desktop,/products
S02344,1,2026-01-06,Organic Search,Mobile,/pricing
S02344,2,2026-01-06,Organic Search,Mobile,/products
S02344,3,2026-01-06,Organic Search,Mobile,/features
S02344,4,2026-01-06,Organic Search,Mobile,/blog
S02344,5,2026-01-06,Organic Search,Mobile,/contact
S02345,1,2026-02-23,Social,Mobile,/
S02346,1,2026-02-09,Organic Search,Mobile,/products
S02346,2,2026-02-09,Organic Search,Mobile,/pricing
S02346,3,2026-02-09,Organic Search,Mobile,/features
S02346,4,2026-02-09,Organic Search,Mobile,/blog
S02347,1,2026-02-21,Email,Mobile,/blog
S02347,2,2026-02-21,Email,Mobile,/products
S02347,3,2026-02-21,Email,Mobile,/features
S02347,4,2026-02-21,Email,Mobile,/contact
S02347,5,2026-02-21,Email,Mobile,/pricing
S02348,1,2026-01-18,Social,Mobile,/pricing
S02348,2,2026-01-18,Social,Mobile,/products
S02348,3,2026-01-18,Social,Mobile,/features
S02348,4,2026-01-18,Social,Mobile,/blog
S02348,5,2026-01-18,Social,Mobile,/contact
S02349,1,2026-03-22,Organic Search,Mobile,/
S02349,2,2026-03-22,Organic Search,Mobile,/products
S02349,3,2026-03-22,Organic Search,Mobile,/pricing
S02349,4,2026-03-22,Organic Search,Mobile,/features
S02349,5,2026-03-22,Organic Search,Mobile,/blog
S02349,6,2026-03-22,Organic Search,Mobile,/contact
S02350,1,2026-01-05,Organic Search,Mobile,/
S02350,2,2026-01-05,Organic Search,Mobile,/products
S02350,3,2026-01-05,Organic Search,Mobile,/pricing
S02351,1,2026-02-09,Organic Search,Mobile,/products
S02352,1,2026-01-06,Email,Mobile,/pricing
S02352,2,2026-01-06,Email,Mobile,/products
S02353,1,2026-03-19,Organic Search,Tablet,/pricing
S02353,2,2026-03-19,Organic Search,Tablet,/products
S02353,3,2026-03-19,Organic Search,Tablet,/features
S02353,4,2026-03-19,Organic Search,Tablet,/blog
S02353,5,2026-03-19,Organic Search,Tablet,/contact
S02354,1,2026-02-22,Direct,Mobile,/
S02354,2,2026-02-22,Direct,Mobile,/features
S02354,3,2026-02-22,Direct,Mobile,/blog
S02354,4,2026-02-22,Direct,Mobile,/contact
S02355,1,2026-03-01,Direct,Mobile,/blog
S02355,2,2026-03-01,Direct,Mobile,/features
S02355,3,2026-03-01,Direct,Mobile,/contact
S02355,4,2026-03-01,Direct,Mobile,/products
S02355,5,2026-03-01,Direct,Mobile,/pricing
S02356,1,2026-02-08,Social,Mobile,/contact
S02357,1,2026-02-28,Direct,Desktop,/pricing
S02357,2,2026-02-28,Direct,Desktop,/products
S02357,3,2026-02-28,Direct,Desktop,/pricing
S02357,4,2026-02-28,Direct,Desktop,/signup
S02357,5,2026-02-28,Direct,Desktop,/thank-you
S02357,6,2026-02-28,Direct,Desktop,/features
S02358,1,2026-03-17,Direct,Mobile,/pricing
S02358,2,2026-03-17,Direct,Mobile,/products
S02358,3,2026-03-17,Direct,Mobile,/pricing
S02358,4,2026-03-17,Direct,Mobile,/signup
S02359,1,2026-01-26,Referral,Mobile,/blog
S02359,2,2026-01-26,Referral,Mobile,/products
S02359,3,2026-01-26,Referral,Mobile,/features
S02359,4,2026-01-26,Referral,Mobile,/contact
S02359,5,2026-01-26,Referral,Mobile,/pricing
S02360,1,2026-02-26,Organic Search,Desktop,/features
S02360,2,2026-02-26,Organic Search,Desktop,/products
S02361,1,2026-01-23,Social,Mobile,/contact
S02362,1,2026-01-07,Organic Search,Desktop,/
S02362,2,2026-01-07,Organic Search,Desktop,/features
S02362,3,2026-01-07,Organic Search,Desktop,/blog
S02362,4,2026-01-07,Organic Search,Desktop,/contact
S02363,1,2026-02-12,Direct,Desktop,/products
S02364,1,2026-02-13,Email,Desktop,/
S02364,2,2026-02-13,Email,Desktop,/features
S02364,3,2026-02-13,Email,Desktop,/blog
S02364,4,2026-02-13,Email,Desktop,/contact
S02364,5,2026-02-13,Email,Desktop,/products
S02364,6,2026-02-13,Email,Desktop,/pricing
S02365,1,2026-01-31,Paid Search,Mobile,/features
S02365,2,2026-01-31,Paid Search,Mobile,/products
S02365,3,2026-01-31,Paid Search,Mobile,/pricing
S02366,1,2026-02-23,Paid Search,Mobile,/
S02367,1,2026-02-02,Organic Search,Mobile,/features
S02367,2,2026-02-02,Organic Search,Mobile,/products
S02367,3,2026-02-02,Organic Search,Mobile,/pricing
S02368,1,2026-03-17,Direct,Desktop,/
S02369,1,2026-03-12,Direct,Desktop,/blog
S02369,2,2026-03-12,Direct,Desktop,/features
S02370,1,2026-03-28,Direct,Desktop,/products
S02370,2,2026-03-28,Direct,Desktop,/pricing
S02370,3,2026-03-28,Direct,Desktop,/features
S02371,1,2026-02-11,Direct,Mobile,/pricing
S02372,1,2026-02-09,Direct,Desktop,/pricing
S02373,1,2026-02-18,Organic Search,Mobile,/blog
S02374,1,2026-01-22,Organic Search,Desktop,/pricing
S02375,1,2026-03-03,Direct,Mobile,/products
S02376,1,2026-02-14,Organic Search,Mobile,/blog
S02376,2,2026-02-14,Organic Search,Mobile,/products
S02376,3,2026-02-14,Organic Search,Mobile,/features
S02376,4,2026-02-14,Organic Search,Mobile,/contact
S02376,5,2026-02-14,Organic Search,Mobile,/pricing
S02377,1,2026-01-19,Email,Mobile,/contact
S02377,2,2026-01-19,Email,Mobile,/products
S02377,3,2026-01-19,Email,Mobile,/pricing
S02377,4,2026-01-19,Email,Mobile,/features
S02377,5,2026-01-19,Email,Mobile,/blog
S02378,1,2026-01-20,Paid Search,Tablet,/features
S02378,2,2026-01-20,Paid Search,Tablet,/products
S02379,1,2026-02-28,Organic Search,Mobile,/blog
S02380,1,2026-01-25,Paid Search,Mobile,/pricing
S02380,2,2026-01-25,Paid Search,Mobile,/products
S02380,3,2026-01-25,Paid Search,Mobile,/features
S02380,4,2026-01-25,Paid Search,Mobile,/blog
S02380,5,2026-01-25,Paid Search,Mobile,/contact
S02381,1,2026-03-05,Email,Mobile,/features
S02381,2,2026-03-05,Email,Mobile,/products
S02381,3,2026-03-05,Email,Mobile,/pricing
S02381,4,2026-03-05,Email,Mobile,/signup
S02381,5,2026-03-05,Email,Mobile,/blog
S02381,6,2026-03-05,Email,Mobile,/contact
S02382,1,2026-01-14,Organic Search,Mobile,/pricing
S02383,1,2026-03-10,Organic Search,Desktop,/contact
S02383,2,2026-03-10,Organic Search,Desktop,/features
S02383,3,2026-03-10,Organic Search,Desktop,/blog
S02383,4,2026-03-10,Organic Search,Desktop,/products
S02383,5,2026-03-10,Organic Search,Desktop,/pricing
S02384,1,2026-02-27,Organic Search,Mobile,/features
S02384,2,2026-02-27,Organic Search,Mobile,/products
S02385,1,2026-03-05,Organic Search,Mobile,/
S02385,2,2026-03-05,Organic Search,Mobile,/products
S02385,3,2026-03-05,Organic Search,Mobile,/features
S02386,1,2026-03-04,Social,Desktop,/
S02387,1,2026-02-17,Referral,Mobile,/blog
S02387,2,2026-02-17,Referral,Mobile,/products
S02387,3,2026-02-17,Referral,Mobile,/pricing
S02387,4,2026-02-17,Referral,Mobile,/signup
S02387,5,2026-02-17,Referral,Mobile,/features
S02387,6,2026-02-17,Referral,Mobile,/contact
S02388,1,2026-02-03,Organic Search,Mobile,/blog
S02388,2,2026-02-03,Organic Search,Mobile,/features
S02388,3,2026-02-03,Organic Search,Mobile,/contact
S02388,4,2026-02-03,Organic Search,Mobile,/products
S02388,5,2026-02-03,Organic Search,Mobile,/pricing
S02389,1,2026-02-22,Social,Mobile,/blog
S02390,1,2026-01-01,Organic Search,Mobile,/contact
S02390,2,2026-01-01,Organic Search,Mobile,/features
S02391,1,2026-03-11,Paid Search,Mobile,/pricing
S02392,1,2026-02-24,Social,Mobile,/products
S02392,2,2026-02-24,Social,Mobile,/features
S02392,3,2026-02-24,Social,Mobile,/blog
S02392,4,2026-02-24,Social,Mobile,/contact
S02392,5,2026-02-24,Social,Mobile,/pricing
S02393,1,2026-02-24,Direct,Mobile,/pricing
S02393,2,2026-02-24,Direct,Mobile,/products
S02393,3,2026-02-24,Direct,Mobile,/features
S02393,4,2026-02-24,Direct,Mobile,/blog
S02393,5,2026-02-24,Direct,Mobile,/contact
S02394,1,2026-01-22,Organic Search,Desktop,/
S02395,1,2026-03-31,Paid Search,Desktop,/pricing
S02395,2,2026-03-31,Paid Search,Desktop,/products
S02395,3,2026-03-31,Paid Search,Desktop,/features
S02395,4,2026-03-31,Paid Search,Desktop,/blog
S02396,1,2026-01-11,Referral,Desktop,/features
S02397,1,2026-03-01,Organic Search,Mobile,/
S02397,2,2026-03-01,Organic Search,Mobile,/features
S02397,3,2026-03-01,Organic Search,Mobile,/blog
S02397,4,2026-03-01,Organic Search,Mobile,/contact
S02397,5,2026-03-01,Organic Search,Mobile,/products
S02397,6,2026-03-01,Organic Search,Mobile,/pricing
S02398,1,2026-02-14,Organic Search,Mobile,/features
S02398,2,2026-02-14,Organic Search,Mobile,/products
S02398,3,2026-02-14,Organic Search,Mobile,/pricing
S02398,4,2026-02-14,Organic Search,Mobile,/blog
S02399,1,2026-01-28,Organic Search,Tablet,/features
S02399,2,2026-01-28,Organic Search,Tablet,/products
S02399,3,2026-01-28,Organic Search,Tablet,/pricing
S02399,4,2026-01-28,Organic Search,Tablet,/signup
S02399,5,2026-01-28,Organic Search,Tablet,/thank-you
S02400,1,2026-01-30,Direct,Desktop,/
S02401,1,2026-02-08,Paid Search,Mobile,/features
S02402,1,2026-02-04,Social,Mobile,/blog
S02403,1,2026-03-10,Social,Mobile,/pricing
S02403,2,2026-03-10,Social,Mobile,/products
S02403,3,2026-03-10,Social,Mobile,/pricing
S02403,4,2026-03-10,Social,Mobile,/features
S02403,5,2026-03-10,Social,Mobile,/blog
S02403,6,2026-03-10,Social,Mobile,/contact
S02404,1,2026-03-11,Email,Mobile,/products
S02404,2,2026-03-11,Email,Mobile,/features
S02404,3,2026-03-11,Email,Mobile,/blog
S02404,4,2026-03-11,Email,Mobile,/contact
S02404,5,2026-03-11,Email,Mobile,/pricing
S02405,1,2026-02-22,Social,Mobile,/products
S02406,1,2026-03-21,Organic Search,Mobile,/blog
S02406,2,2026-03-21,Organic Search,Mobile,/features
S02406,3,2026-03-21,Organic Search,Mobile,/contact
S02407,1,2026-02-07,Direct,Tablet,/products
S02407,2,2026-02-07,Direct,Tablet,/pricing
S02407,3,2026-02-07,Direct,Tablet,/features
S02407,4,2026-02-07,Direct,Tablet,/blog
S02407,5,2026-02-07,Direct,Tablet,/contact
S02408,1,2026-03-17,Organic Search,Mobile,/products
S02408,2,2026-03-17,Organic Search,Mobile,/features
S02409,1,2026-02-19,Direct,Desktop,/contact
S02410,1,2026-02-22,Referral,Mobile,/blog
S02411,1,2026-03-18,Paid Search,Desktop,/blog
S02412,1,2026-01-13,Referral,Desktop,/contact
S02412,2,2026-01-13,Referral,Desktop,/features
S02412,3,2026-01-13,Referral,Desktop,/blog
S02412,4,2026-01-13,Referral,Desktop,/products
S02412,5,2026-01-13,Referral,Desktop,/pricing
S02413,1,2026-03-26,Direct,Mobile,/
S02413,2,2026-03-26,Direct,Mobile,/features
S02414,1,2026-02-02,Direct,Desktop,/products
S02414,2,2026-02-02,Direct,Desktop,/features
S02414,3,2026-02-02,Direct,Desktop,/blog
S02414,4,2026-02-02,Direct,Desktop,/contact
S02415,1,2026-03-12,Direct,Desktop,/blog
S02416,1,2026-02-11,Organic Search,Desktop,/pricing
S02416,2,2026-02-11,Organic Search,Desktop,/products
S02416,3,2026-02-11,Organic Search,Desktop,/features
S02416,4,2026-02-11,Organic Search,Desktop,/blog
S02416,5,2026-02-11,Organic Search,Desktop,/contact
S02417,1,2026-02-22,Organic Search,Mobile,/
S02417,2,2026-02-22,Organic Search,Mobile,/features
S02417,3,2026-02-22,Organic Search,Mobile,/blog
S02417,4,2026-02-22,Organic Search,Mobile,/contact
S02417,5,2026-02-22,Organic Search,Mobile,/products
S02418,1,2026-02-19,Direct,Desktop,/features
S02419,1,2026-02-18,Organic Search,Mobile,/
S02420,1,2026-01-14,Referral,Mobile,/pricing
S02421,1,2026-02-05,Organic Search,Mobile,/pricing
S02421,2,2026-02-05,Organic Search,Mobile,/products
S02421,3,2026-02-05,Organic Search,Mobile,/features
S02422,1,2026-01-27,Organic Search,Mobile,/blog
S02423,1,2026-01-26,Social,Mobile,/products
S02424,1,2026-03-17,Organic Search,Mobile,/
S02424,2,2026-03-17,Organic Search,Mobile,/products
S02424,3,2026-03-17,Organic Search,Mobile,/pricing
S02424,4,2026-03-17,Organic Search,Mobile,/signup
S02425,1,2026-01-24,Email,Desktop,/features
S02425,2,2026-01-24,Email,Desktop,/products
S02425,3,2026-01-24,Email,Desktop,/blog
S02426,1,2026-03-30,Social,Mobile,/contact
S02426,2,2026-03-30,Social,Mobile,/features
S02427,1,2026-01-09,Organic Search,Tablet,/pricing
S02427,2,2026-01-09,Organic Search,Tablet,/products
S02427,3,2026-01-09,Organic Search,Tablet,/pricing
S02427,4,2026-01-09,Organic Search,Tablet,/features
S02427,5,2026-01-09,Organic Search,Tablet,/blog
S02428,1,2026-01-21,Paid Search,Mobile,/
S02428,2,2026-01-21,Paid Search,Mobile,/products
S02428,3,2026-01-21,Paid Search,Mobile,/pricing
S02428,4,2026-01-21,Paid Search,Mobile,/signup
S02428,5,2026-01-21,Paid Search,Mobile,/thank-you
S02429,1,2026-01-16,Paid Search,Desktop,/pricing
S02429,2,2026-01-16,Paid Search,Desktop,/products
S02429,3,2026-01-16,Paid Search,Desktop,/pricing
S02429,4,2026-01-16,Paid Search,Desktop,/features
S02429,5,2026-01-16,Paid Search,Desktop,/blog
S02429,6,2026-01-16,Paid Search,Desktop,/contact
S02430,1,2026-03-09,Social,Desktop,/products
S02430,2,2026-03-09,Social,Desktop,/features
S02430,3,2026-03-09,Social,Desktop,/blog
S02431,1,2026-01-03,Social,Desktop,/products
S02432,1,2026-01-25,Paid Search,Desktop,/
S02432,2,2026-01-25,Paid Search,Desktop,/features
S02432,3,2026-01-25,Paid Search,Desktop,/blog
S02433,1,2026-01-09,Paid Search,Desktop,/
S02433,2,2026-01-09,Paid Search,Desktop,/products
S02433,3,2026-01-09,Paid Search,Desktop,/pricing
S02434,1,2026-01-13,Direct,Mobile,/products
S02434,2,2026-01-13,Direct,Mobile,/features
S02434,3,2026-01-13,Direct,Mobile,/blog
S02435,1,2026-02-04,Paid Search,Mobile,/products
S02436,1,2026-01-13,Referral,Mobile,/features
S02437,1,2026-02-26,Paid Search,Mobile,/pricing
S02438,1,2026-03-17,Paid Search,Mobile,/products
S02439,1,2026-03-27,Direct,Mobile,/
S02440,1,2026-02-11,Social,Desktop,/features
S02441,1,2026-03-10,Referral,Desktop,/
S02442,1,2026-02-26,Organic Search,Desktop,/products
S02442,2,2026-02-26,Organic Search,Desktop,/pricing
S02442,3,2026-02-26,Organic Search,Desktop,/features
S02442,4,2026-02-26,Organic Search,Desktop,/blog
S02442,5,2026-02-26,Organic Search,Desktop,/contact
S02443,1,2026-01-09,Organic Search,Desktop,/blog
S02443,2,2026-01-09,Organic Search,Desktop,/products
S02443,3,2026-01-09,Organic Search,Desktop,/pricing
S02444,1,2026-03-21,Direct,Mobile,/blog
S02444,2,2026-03-21,Direct,Mobile,/features
S02444,3,2026-03-21,Direct,Mobile,/contact
S02445,1,2026-03-09,Direct,Mobile,/features
S02445,2,2026-03-09,Direct,Mobile,/products
S02445,3,2026-03-09,Direct,Mobile,/blog
S02445,4,2026-03-09,Direct,Mobile,/contact
S02445,5,2026-03-09,Direct,Mobile,/pricing
S02446,1,2026-02-23,Paid Search,Desktop,/products
S02447,1,2026-03-07,Organic Search,Desktop,/products
S02448,1,2026-01-01,Direct,Mobile,/products
S02448,2,2026-01-01,Direct,Mobile,/features
S02448,3,2026-01-01,Direct,Mobile,/blog
S02449,1,2026-02-07,Paid Search,Mobile,/pricing
S02450,1,2026-02-25,Paid Search,Mobile,/products
S02450,2,2026-02-25,Paid Search,Mobile,/features
S02450,3,2026-02-25,Paid Search,Mobile,/blog
S02450,4,2026-02-25,Paid Search,Mobile,/contact
S02450,5,2026-02-25,Paid Search,Mobile,/pricing
S02451,1,2026-02-19,Paid Search,Mobile,/products
S02452,1,2026-01-07,Social,Mobile,/
S02453,1,2026-02-26,Paid Search,Mobile,/contact
S02454,1,2026-02-10,Social,Desktop,/
S02455,1,2026-03-30,Paid Search,Tablet,/products
S02456,1,2026-03-11,Direct,Mobile,/contact
S02456,2,2026-03-11,Direct,Mobile,/products
S02456,3,2026-03-11,Direct,Mobile,/features
S02457,1,2026-01-29,Paid Search,Desktop,/blog
S02458,1,2026-03-17,Organic Search,Desktop,/pricing
S02459,1,2026-02-27,Organic Search,Mobile,/blog
S02460,1,2026-02-07,Direct,Desktop,/
S02460,2,2026-02-07,Direct,Desktop,/features
S02460,3,2026-02-07,Direct,Desktop,/blog
S02461,1,2026-02-22,Email,Mobile,/features
S02461,2,2026-02-22,Email,Mobile,/products
S02461,3,2026-02-22,Email,Mobile,/pricing
S02461,4,2026-02-22,Email,Mobile,/signup
S02461,5,2026-02-22,Email,Mobile,/thank-you
S02462,1,2026-02-22,Paid Search,Mobile,/products
S02462,2,2026-02-22,Paid Search,Mobile,/features
S02463,1,2026-01-26,Organic Search,Mobile,/contact
S02464,1,2026-03-12,Paid Search,Desktop,/products
S02464,2,2026-03-12,Paid Search,Desktop,/features
S02464,3,2026-03-12,Paid Search,Desktop,/blog
S02464,4,2026-03-12,Paid Search,Desktop,/contact
S02464,5,2026-03-12,Paid Search,Desktop,/pricing
S02465,1,2026-01-19,Organic Search,Tablet,/blog
S02466,1,2026-01-27,Social,Mobile,/pricing
S02466,2,2026-01-27,Social,Mobile,/products
S02466,3,2026-01-27,Social,Mobile,/pricing
S02466,4,2026-01-27,Social,Mobile,/features
S02466,5,2026-01-27,Social,Mobile,/blog
S02467,1,2026-02-14,Social,Mobile,/
S02467,2,2026-02-14,Social,Mobile,/features
S02468,1,2026-02-21,Paid Search,Mobile,/products
S02469,1,2026-03-31,Paid Search,Desktop,/features
S02470,1,2026-01-20,Direct,Desktop,/products
S02470,2,2026-01-20,Direct,Desktop,/features
S02471,1,2026-03-17,Direct,Mobile,/contact
S02472,1,2026-01-20,Email,Desktop,/products
S02472,2,2026-01-20,Email,Desktop,/features
S02472,3,2026-01-20,Email,Desktop,/blog
S02472,4,2026-01-20,Email,Desktop,/contact
S02472,5,2026-01-20,Email,Desktop,/pricing
S02473,1,2026-03-28,Social,Mobile,/blog
S02474,1,2026-01-23,Direct,Mobile,/blog
S02475,1,2026-03-18,Direct,Mobile,/pricing
S02475,2,2026-03-18,Direct,Mobile,/products
S02475,3,2026-03-18,Direct,Mobile,/pricing
S02476,1,2026-02-12,Organic Search,Mobile,/blog
S02477,1,2026-02-22,Organic Search,Mobile,/blog
S02477,2,2026-02-22,Organic Search,Mobile,/features
S02477,3,2026-02-22,Organic Search,Mobile,/contact
S02477,4,2026-02-22,Organic Search,Mobile,/products
S02478,1,2026-01-09,Organic Search,Mobile,/blog
S02479,1,2026-01-05,Direct,Mobile,/pricing
S02479,2,2026-01-05,Direct,Mobile,/products
S02479,3,2026-01-05,Direct,Mobile,/pricing
S02479,4,2026-01-05,Direct,Mobile,/features
S02480,1,2026-03-10,Referral,Desktop,/blog
S02480,2,2026-03-10,Referral,Desktop,/features
S02480,3,2026-03-10,Referral,Desktop,/contact
S02481,1,2026-01-27,Direct,Mobile,/products
S02481,2,2026-01-27,Direct,Mobile,/features
S02482,1,2026-01-29,Organic Search,Desktop,/
S02482,2,2026-01-29,Organic Search,Desktop,/features
S02482,3,2026-01-29,Organic Search,Desktop,/blog
S02483,1,2026-02-08,Organic Search,Mobile,/
S02483,2,2026-02-08,Organic Search,Mobile,/features
S02483,3,2026-02-08,Organic Search,Mobile,/blog
S02484,1,2026-03-14,Direct,Desktop,/blog
S02484,2,2026-03-14,Direct,Desktop,/products
S02484,3,2026-03-14,Direct,Desktop,/features
S02484,4,2026-03-14,Direct,Desktop,/contact
S02485,1,2026-02-07,Social,Mobile,/contact
S02485,2,2026-02-07,Social,Mobile,/features
S02485,3,2026-02-07,Social,Mobile,/blog
S02485,4,2026-02-07,Social,Mobile,/products
S02485,5,2026-02-07,Social,Mobile,/pricing
S02486,1,2026-01-11,Direct,Desktop,/
S02487,1,2026-03-26,Social,Mobile,/pricing
S02488,1,2026-03-03,Social,Mobile,/products
S02489,1,2026-02-03,Organic Search,Mobile,/pricing
S02489,2,2026-02-03,Organic Search,Mobile,/products
S02489,3,2026-02-03,Organic Search,Mobile,/pricing
S02490,1,2026-03-26,Paid Search,Mobile,/blog
S02490,2,2026-03-26,Paid Search,Mobile,/features
S02490,3,2026-03-26,Paid Search,Mobile,/contact
S02490,4,2026-03-26,Paid Search,Mobile,/products
S02490,5,2026-03-26,Paid Search,Mobile,/pricing
S02491,1,2026-03-05,Referral,Desktop,/blog
S02491,2,2026-03-05,Referral,Desktop,/features
S02492,1,2026-03-22,Direct,Tablet,/blog
S02493,1,2026-02-22,Organic Search,Desktop,/features
S02493,2,2026-02-22,Organic Search,Desktop,/products
S02493,3,2026-02-22,Organic Search,Desktop,/blog
S02493,4,2026-02-22,Organic Search,Desktop,/contact
S02494,1,2026-03-23,Referral,Mobile,/
S02494,2,2026-03-23,Referral,Mobile,/features
S02495,1,2026-02-02,Email,Desktop,/pricing
S02495,2,2026-02-02,Email,Desktop,/products
S02495,3,2026-02-02,Email,Desktop,/features
S02495,4,2026-02-02,Email,Desktop,/blog
S02496,1,2026-01-22,Direct,Desktop,/products
S02496,2,2026-01-22,Direct,Desktop,/features
S02497,1,2026-03-01,Direct,Mobile,/contact
S02497,2,2026-03-01,Direct,Mobile,/features
S02497,3,2026-03-01,Direct,Mobile,/blog
S02497,4,2026-03-01,Direct,Mobile,/products
S02497,5,2026-03-01,Direct,Mobile,/pricing
S02498,1,2026-02-15,Organic Search,Mobile,/features
S02498,2,2026-02-15,Organic Search,Mobile,/products
S02498,3,2026-02-15,Organic Search,Mobile,/blog
S02498,4,2026-02-15,Organic Search,Mobile,/contact
S02498,5,2026-02-15,Organic Search,Mobile,/pricing
S02499,1,2026-01-30,Social,Desktop,/
S02499,2,2026-01-30,Social,Desktop,/features
S02500,1,2026-03-29,Direct,Mobile,/products
S02501,1,2026-03-07,Organic Search,Mobile,/pricing
S02501,2,2026-03-07,Organic Search,Mobile,/products
S02501,3,2026-03-07,Organic Search,Mobile,/features
S02501,4,2026-03-07,Organic Search,Mobile,/blog
S02501,5,2026-03-07,Organic Search,Mobile,/contact
S02502,1,2026-01-10,Paid Search,Desktop,/contact
S02503,1,2026-01-13,Referral,Mobile,/
S02504,1,2026-03-18,Social,Mobile,/pricing
S02504,2,2026-03-18,Social,Mobile,/products
S02504,3,2026-03-18,Social,Mobile,/pricing
S02504,4,2026-03-18,Social,Mobile,/features
S02505,1,2026-03-03,Organic Search,Mobile,/products
S02505,2,2026-03-03,Organic Search,Mobile,/pricing
S02505,3,2026-03-03,Organic Search,Mobile,/signup
S02505,4,2026-03-03,Organic Search,Mobile,/features
S02506,1,2026-02-28,Organic Search,Desktop,/blog
S02506,2,2026-02-28,Organic Search,Desktop,/features
S02507,1,2026-01-04,Referral,Tablet,/blog
S02507,2,2026-01-04,Referral,Tablet,/products
S02507,3,2026-01-04,Referral,Tablet,/pricing
S02507,4,2026-01-04,Referral,Tablet,/signup
S02507,5,2026-01-04,Referral,Tablet,/thank-you
S02507,6,2026-01-04,Referral,Tablet,/features
S02508,1,2026-01-27,Referral,Desktop,/products
S02508,2,2026-01-27,Referral,Desktop,/features
S02508,3,2026-01-27,Referral,Desktop,/blog
S02508,4,2026-01-27,Referral,Desktop,/contact
S02509,1,2026-02-16,Direct,Desktop,/features
S02509,2,2026-02-16,Direct,Desktop,/products
S02509,3,2026-02-16,Direct,Desktop,/pricing
S02509,4,2026-02-16,Direct,Desktop,/signup
S02510,1,2026-01-22,Paid Search,Desktop,/
S02510,2,2026-01-22,Paid Search,Desktop,/features
S02510,3,2026-01-22,Paid Search,Desktop,/blog
S02510,4,2026-01-22,Paid Search,Desktop,/contact
S02511,1,2026-03-20,Direct,Desktop,/features
S02511,2,2026-03-20,Direct,Desktop,/products
S02511,3,2026-03-20,Direct,Desktop,/pricing
S02512,1,2026-03-29,Direct,Mobile,/products
S02512,2,2026-03-29,Direct,Mobile,/pricing
S02512,3,2026-03-29,Direct,Mobile,/signup
S02512,4,2026-03-29,Direct,Mobile,/thank-you
S02512,5,2026-03-29,Direct,Mobile,/features
S02512,6,2026-03-29,Direct,Mobile,/blog
S02513,1,2026-01-14,Organic Search,Mobile,/pricing
S02514,1,2026-01-05,Organic Search,Desktop,/products
S02514,2,2026-01-05,Organic Search,Desktop,/features
S02515,1,2026-02-02,Organic Search,Desktop,/blog
S02516,1,2026-02-24,Social,Mobile,/products
S02517,1,2026-01-26,Organic Search,Desktop,/pricing
S02517,2,2026-01-26,Organic Search,Desktop,/products
S02517,3,2026-01-26,Organic Search,Desktop,/features
S02518,1,2026-01-30,Organic Search,Desktop,/
S02518,2,2026-01-30,Organic Search,Desktop,/products
S02518,3,2026-01-30,Organic Search,Desktop,/features
S02519,1,2026-03-19,Direct,Mobile,/products
S02520,1,2026-03-07,Organic Search,Mobile,/features
S02521,1,2026-01-10,Organic Search,Mobile,/pricing
S02522,1,2026-03-19,Paid Search,Mobile,/pricing
S02522,2,2026-03-19,Paid Search,Mobile,/products
S02522,3,2026-03-19,Paid Search,Mobile,/features
S02523,1,2026-02-10,Direct,Mobile,/blog
S02523,2,2026-02-10,Direct,Mobile,/features
S02523,3,2026-02-10,Direct,Mobile,/contact
S02524,1,2026-03-15,Paid Search,Mobile,/pricing
S02525,1,2026-02-28,Email,Mobile,/features
S02525,2,2026-02-28,Email,Mobile,/products
S02525,3,2026-02-28,Email,Mobile,/blog
S02526,1,2026-03-17,Organic Search,Mobile,/products
S02526,2,2026-03-17,Organic Search,Mobile,/features
S02526,3,2026-03-17,Organic Search,Mobile,/blog
S02526,4,2026-03-17,Organic Search,Mobile,/contact
S02526,5,2026-03-17,Organic Search,Mobile,/pricing
S02527,1,2026-01-14,Email,Desktop,/contact
S02527,2,2026-01-14,Email,Desktop,/features
S02527,3,2026-01-14,Email,Desktop,/blog
S02527,4,2026-01-14,Email,Desktop,/products
S02528,1,2026-03-26,Email,Desktop,/features
S02528,2,2026-03-26,Email,Desktop,/products
S02528,3,2026-03-26,Email,Desktop,/pricing
S02529,1,2026-02-02,Social,Mobile,/products
S02530,1,2026-03-13,Paid Search,Mobile,/products
S02531,1,2026-03-15,Paid Search,Mobile,/blog
S02531,2,2026-03-15,Paid Search,Mobile,/products
S02531,3,2026-03-15,Paid Search,Mobile,/features
S02531,4,2026-03-15,Paid Search,Mobile,/contact
S02531,5,2026-03-15,Paid Search,Mobile,/pricing
S02532,1,2026-02-23,Paid Search,Mobile,/blog
S02532,2,2026-02-23,Paid Search,Mobile,/features
S02533,1,2026-01-14,Paid Search,Mobile,/products
S02533,2,2026-01-14,Paid Search,Mobile,/pricing
S02533,3,2026-01-14,Paid Search,Mobile,/features
S02533,4,2026-01-14,Paid Search,Mobile,/blog
S02534,1,2026-01-21,Organic Search,Mobile,/products
S02535,1,2026-03-10,Referral,Mobile,/
S02535,2,2026-03-10,Referral,Mobile,/features
S02535,3,2026-03-10,Referral,Mobile,/blog
S02535,4,2026-03-10,Referral,Mobile,/contact
S02535,5,2026-03-10,Referral,Mobile,/products
S02535,6,2026-03-10,Referral,Mobile,/pricing
S02536,1,2026-01-26,Paid Search,Tablet,/blog
S02537,1,2026-01-17,Social,Mobile,/blog
S02537,2,2026-01-17,Social,Mobile,/features
S02537,3,2026-01-17,Social,Mobile,/contact
S02537,4,2026-01-17,Social,Mobile,/products
S02537,5,2026-01-17,Social,Mobile,/pricing
S02538,1,2026-01-16,Direct,Desktop,/products
S02538,2,2026-01-16,Direct,Desktop,/pricing
S02538,3,2026-01-16,Direct,Desktop,/signup
S02538,4,2026-01-16,Direct,Desktop,/thank-you
S02539,1,2026-02-06,Organic Search,Mobile,/pricing
S02539,2,2026-02-06,Organic Search,Mobile,/products
S02539,3,2026-02-06,Organic Search,Mobile,/features
S02539,4,2026-02-06,Organic Search,Mobile,/blog
S02539,5,2026-02-06,Organic Search,Mobile,/contact
S02540,1,2026-03-02,Direct,Mobile,/blog
S02540,2,2026-03-02,Direct,Mobile,/products
S02540,3,2026-03-02,Direct,Mobile,/pricing
S02541,1,2026-02-22,Direct,Desktop,/contact
S02542,1,2026-01-07,Direct,Mobile,/
S02542,2,2026-01-07,Direct,Mobile,/features
S02543,1,2026-02-27,Direct,Desktop,/products
S02543,2,2026-02-27,Direct,Desktop,/pricing
S02543,3,2026-02-27,Direct,Desktop,/features
S02544,1,2026-01-10,Organic Search,Tablet,/products
S02545,1,2026-01-20,Direct,Mobile,/blog
S02546,1,2026-02-15,Direct,Mobile,/
S02546,2,2026-02-15,Direct,Mobile,/features
S02546,3,2026-02-15,Direct,Mobile,/blog
S02546,4,2026-02-15,Direct,Mobile,/contact
S02547,1,2026-02-24,Referral,Mobile,/products
S02548,1,2026-01-30,Organic Search,Mobile,/features
S02549,1,2026-02-14,Organic Search,Mobile,/pricing
S02549,2,2026-02-14,Organic Search,Mobile,/products
S02549,3,2026-02-14,Organic Search,Mobile,/features
S02549,4,2026-02-14,Organic Search,Mobile,/blog
S02549,5,2026-02-14,Organic Search,Mobile,/contact
S02550,1,2026-03-24,Organic Search,Mobile,/
S02550,2,2026-03-24,Organic Search,Mobile,/features
S02550,3,2026-03-24,Organic Search,Mobile,/blog
S02551,1,2026-01-26,Direct,Desktop,/products
S02551,2,2026-01-26,Direct,Desktop,/pricing
S02551,3,2026-01-26,Direct,Desktop,/features
S02551,4,2026-01-26,Direct,Desktop,/blog
S02552,1,2026-03-16,Direct,Desktop,/
S02552,2,2026-03-16,Direct,Desktop,/products
S02552,3,2026-03-16,Direct,Desktop,/pricing
S02552,4,2026-03-16,Direct,Desktop,/features
S02553,1,2026-01-12,Paid Search,Mobile,/products
S02553,2,2026-01-12,Paid Search,Mobile,/features
S02553,3,2026-01-12,Paid Search,Mobile,/blog
S02554,1,2026-02-05,Referral,Mobile,/products
S02554,2,2026-02-05,Referral,Mobile,/pricing
S02554,3,2026-02-05,Referral,Mobile,/signup
S02554,4,2026-02-05,Referral,Mobile,/features
S02554,5,2026-02-05,Referral,Mobile,/blog
S02554,6,2026-02-05,Referral,Mobile,/contact
S02555,1,2026-01-04,Organic Search,Desktop,/
S02556,1,2026-03-22,Paid Search,Desktop,/
S02557,1,2026-01-02,Organic Search,Mobile,/features
S02557,2,2026-01-02,Organic Search,Mobile,/products
S02557,3,2026-01-02,Organic Search,Mobile,/blog
S02557,4,2026-01-02,Organic Search,Mobile,/contact
S02557,5,2026-01-02,Organic Search,Mobile,/pricing
S02558,1,2026-02-22,Organic Search,Mobile,/features
S02558,2,2026-02-22,Organic Search,Mobile,/products
S02558,3,2026-02-22,Organic Search,Mobile,/blog
S02559,1,2026-03-11,Direct,Desktop,/
S02559,2,2026-03-11,Direct,Desktop,/products
S02559,3,2026-03-11,Direct,Desktop,/features
S02559,4,2026-03-11,Direct,Desktop,/blog
S02560,1,2026-02-11,Organic Search,Desktop,/blog
S02560,2,2026-02-11,Organic Search,Desktop,/products
S02560,3,2026-02-11,Organic Search,Desktop,/pricing
S02560,4,2026-02-11,Organic Search,Desktop,/features
S02561,1,2026-01-28,Paid Search,Desktop,/
S02561,2,2026-01-28,Paid Search,Desktop,/features
S02561,3,2026-01-28,Paid Search,Desktop,/blog
S02561,4,2026-01-28,Paid Search,Desktop,/contact
S02562,1,2026-03-15,Paid Search,Mobile,/features
S02563,1,2026-03-06,Social,Mobile,/features
S02564,1,2026-03-30,Direct,Mobile,/blog
S02565,1,2026-01-20,Paid Search,Mobile,/blog
S02565,2,2026-01-20,Paid Search,Mobile,/products
S02565,3,2026-01-20,Paid Search,Mobile,/pricing
S02566,1,2026-03-07,Direct,Desktop,/products
S02567,1,2026-01-19,Organic Search,Mobile,/products
S02567,2,2026-01-19,Organic Search,Mobile,/features
S02568,1,2026-03-04,Organic Search,Desktop,/pricing
S02569,1,2026-02-27,Paid Search,Desktop,/
S02569,2,2026-02-27,Paid Search,Desktop,/products
S02569,3,2026-02-27,Paid Search,Desktop,/features
S02569,4,2026-02-27,Paid Search,Desktop,/blog
S02570,1,2026-03-12,Referral,Tablet,/blog
S02571,1,2026-03-10,Organic Search,Desktop,/pricing
S02571,2,2026-03-10,Organic Search,Desktop,/products
S02571,3,2026-03-10,Organic Search,Desktop,/pricing
S02571,4,2026-03-10,Organic Search,Desktop,/signup
S02571,5,2026-03-10,Organic Search,Desktop,/features
S02572,1,2026-02-08,Direct,Desktop,/
S02573,1,2026-02-11,Social,Mobile,/pricing
S02574,1,2026-03-10,Social,Mobile,/features
S02575,1,2026-01-18,Direct,Mobile,/pricing
S02575,2,2026-01-18,Direct,Mobile,/products
S02575,3,2026-01-18,Direct,Mobile,/features
S02575,4,2026-01-18,Direct,Mobile,/blog
S02575,5,2026-01-18,Direct,Mobile,/contact
S02576,1,2026-02-15,Paid Search,Tablet,/pricing
S02576,2,2026-02-15,Paid Search,Tablet,/products
S02576,3,2026-02-15,Paid Search,Tablet,/features
S02576,4,2026-02-15,Paid Search,Tablet,/blog
S02577,1,2026-02-01,Paid Search,Desktop,/features
S02578,1,2026-03-22,Email,Mobile,/
S02578,2,2026-03-22,Email,Mobile,/products
S02578,3,2026-03-22,Email,Mobile,/pricing
S02578,4,2026-03-22,Email,Mobile,/features
S02578,5,2026-03-22,Email,Mobile,/blog
S02578,6,2026-03-22,Email,Mobile,/contact
S02579,1,2026-01-29,Organic Search,Mobile,/blog
S02580,1,2026-03-19,Referral,Mobile,/products
S02580,2,2026-03-19,Referral,Mobile,/features
S02580,3,2026-03-19,Referral,Mobile,/blog
S02580,4,2026-03-19,Referral,Mobile,/contact
S02580,5,2026-03-19,Referral,Mobile,/pricing
S02581,1,2026-03-21,Organic Search,Mobile,/products
S02582,1,2026-01-10,Social,Desktop,/contact
S02582,2,2026-01-10,Social,Desktop,/features
S02583,1,2026-01-02,Organic Search,Mobile,/products
S02583,2,2026-01-02,Organic Search,Mobile,/features
S02583,3,2026-01-02,Organic Search,Mobile,/blog
S02584,1,2026-02-09,Organic Search,Desktop,/products
S02584,2,2026-02-09,Organic Search,Desktop,/pricing
S02584,3,2026-02-09,Organic Search,Desktop,/signup
S02584,4,2026-02-09,Organic Search,Desktop,/thank-you
S02585,1,2026-02-07,Organic Search,Mobile,/
S02586,1,2026-03-05,Direct,Mobile,/contact
S02586,2,2026-03-05,Direct,Mobile,/features
S02586,3,2026-03-05,Direct,Mobile,/blog
S02586,4,2026-03-05,Direct,Mobile,/products
S02587,1,2026-03-18,Direct,Mobile,/features
S02587,2,2026-03-18,Direct,Mobile,/products
S02587,3,2026-03-18,Direct,Mobile,/pricing
S02587,4,2026-03-18,Direct,Mobile,/blog
S02587,5,2026-03-18,Direct,Mobile,/contact
S02588,1,2026-01-10,Organic Search,Tablet,/
S02588,2,2026-01-10,Organic Search,Tablet,/products
S02588,3,2026-01-10,Organic Search,Tablet,/features
S02588,4,2026-01-10,Organic Search,Tablet,/blog
S02589,1,2026-02-10,Direct,Desktop,/pricing
S02589,2,2026-02-10,Direct,Desktop,/products
S02589,3,2026-02-10,Direct,Desktop,/features
S02589,4,2026-02-10,Direct,Desktop,/blog
S02589,5,2026-02-10,Direct,Desktop,/contact
S02590,1,2026-01-30,Direct,Mobile,/
S02591,1,2026-01-12,Social,Mobile,/blog
S02592,1,2026-02-01,Email,Desktop,/pricing
S02592,2,2026-02-01,Email,Desktop,/products
S02592,3,2026-02-01,Email,Desktop,/features
S02592,4,2026-02-01,Email,Desktop,/blog
S02592,5,2026-02-01,Email,Desktop,/contact
S02593,1,2026-03-23,Paid Search,Desktop,/
S02594,1,2026-03-01,Organic Search,Desktop,/pricing
S02594,2,2026-03-01,Organic Search,Desktop,/products
S02594,3,2026-03-01,Organic Search,Desktop,/pricing
S02595,1,2026-01-11,Organic Search,Desktop,/features
S02596,1,2026-01-08,Email,Desktop,/products
S02596,2,2026-01-08,Email,Desktop,/pricing
S02596,3,2026-01-08,Email,Desktop,/signup
S02596,4,2026-01-08,Email,Desktop,/features
S02596,5,2026-01-08,Email,Desktop,/blog
S02597,1,2026-03-06,Organic Search,Mobile,/
S02598,1,2026-03-18,Direct,Desktop,/contact
S02598,2,2026-03-18,Direct,Desktop,/features
S02599,1,2026-03-31,Referral,Mobile,/
S02599,2,2026-03-31,Referral,Mobile,/features
S02599,3,2026-03-31,Referral,Mobile,/blog
S02599,4,2026-03-31,Referral,Mobile,/contact
S02600,1,2026-02-06,Referral,Desktop,/pricing
S02600,2,2026-02-06,Referral,Desktop,/products
S02601,1,2026-02-06,Direct,Tablet,/pricing
S02601,2,2026-02-06,Direct,Tablet,/products
S02601,3,2026-02-06,Direct,Tablet,/pricing
S02601,4,2026-02-06,Direct,Tablet,/signup
S02601,5,2026-02-06,Direct,Tablet,/thank-you
S02601,6,2026-02-06,Direct,Tablet,/features
S02602,1,2026-01-01,Paid Search,Tablet,/products
S02602,2,2026-01-01,Paid Search,Tablet,/pricing
S02602,3,2026-01-01,Paid Search,Tablet,/features
S02602,4,2026-01-01,Paid Search,Tablet,/blog
S02602,5,2026-01-01,Paid Search,Tablet,/contact
S02603,1,2026-02-16,Direct,Mobile,/
S02603,2,2026-02-16,Direct,Mobile,/features
S02603,3,2026-02-16,Direct,Mobile,/blog
S02603,4,2026-02-16,Direct,Mobile,/contact
S02603,5,2026-02-16,Direct,Mobile,/products
S02603,6,2026-02-16,Direct,Mobile,/pricing
S02604,1,2026-03-25,Social,Mobile,/
S02604,2,2026-03-25,Social,Mobile,/features
S02604,3,2026-03-25,Social,Mobile,/blog
S02604,4,2026-03-25,Social,Mobile,/contact
S02604,5,2026-03-25,Social,Mobile,/products
S02605,1,2026-01-07,Organic Search,Desktop,/
S02606,1,2026-02-25,Organic Search,Tablet,/pricing
S02606,2,2026-02-25,Organic Search,Tablet,/products
S02606,3,2026-02-25,Organic Search,Tablet,/features
S02606,4,2026-02-25,Organic Search,Tablet,/blog
S02607,1,2026-01-09,Paid Search,Desktop,/features
S02608,1,2026-01-16,Organic Search,Mobile,/
S02608,2,2026-01-16,Organic Search,Mobile,/products
S02609,1,2026-03-02,Paid Search,Mobile,/blog
S02610,1,2026-03-17,Direct,Desktop,/products
S02611,1,2026-01-17,Email,Desktop,/
S02611,2,2026-01-17,Email,Desktop,/features
S02611,3,2026-01-17,Email,Desktop,/blog
S02612,1,2026-03-15,Social,Desktop,/pricing
S02613,1,2026-01-12,Direct,Desktop,/products
S02613,2,2026-01-12,Direct,Desktop,/features
S02613,3,2026-01-12,Direct,Desktop,/blog
S02613,4,2026-01-12,Direct,Desktop,/contact
S02613,5,2026-01-12,Direct,Desktop,/pricing
S02614,1,2026-03-19,Social,Mobile,/blog
S02614,2,2026-03-19,Social,Mobile,/features
S02614,3,2026-03-19,Social,Mobile,/contact
S02614,4,2026-03-19,Social,Mobile,/products
S02614,5,2026-03-19,Social,Mobile,/pricing
S02615,1,2026-03-22,Organic Search,Mobile,/products
S02615,2,2026-03-22,Organic Search,Mobile,/features
S02615,3,2026-03-22,Organic Search,Mobile,/blog
S02615,4,2026-03-22,Organic Search,Mobile,/contact
S02616,1,2026-02-22,Direct,Desktop,/blog
S02616,2,2026-02-22,Direct,Desktop,/products
S02616,3,2026-02-22,Direct,Desktop,/features
S02616,4,2026-02-22,Direct,Desktop,/contact
S02616,5,2026-02-22,Direct,Desktop,/pricing
S02617,1,2026-03-21,Organic Search,Mobile,/features
S02618,1,2026-02-23,Email,Desktop,/products
S02618,2,2026-02-23,Email,Desktop,/features
S02618,3,2026-02-23,Email,Desktop,/blog
S02619,1,2026-01-04,Social,Desktop,/contact
S02620,1,2026-03-18,Email,Desktop,/products
S02620,2,2026-03-18,Email,Desktop,/features
S02620,3,2026-03-18,Email,Desktop,/blog
S02620,4,2026-03-18,Email,Desktop,/contact
S02620,5,2026-03-18,Email,Desktop,/pricing
S02621,1,2026-01-13,Email,Mobile,/
S02621,2,2026-01-13,Email,Mobile,/products
S02621,3,2026-01-13,Email,Mobile,/features
S02621,4,2026-01-13,Email,Mobile,/blog
S02621,5,2026-01-13,Email,Mobile,/contact
S02621,6,2026-01-13,Email,Mobile,/pricing
S02622,1,2026-02-26,Referral,Desktop,/products
S02623,1,2026-01-19,Organic Search,Mobile,/features
S02624,1,2026-01-01,Referral,Mobile,/blog
S02625,1,2026-03-14,Paid Search,Mobile,/contact
S02626,1,2026-03-02,Direct,Mobile,/blog
S02627,1,2026-02-16,Paid Search,Desktop,/products
S02628,1,2026-03-27,Direct,Desktop,/features
S02628,2,2026-03-27,Direct,Desktop,/products
S02628,3,2026-03-27,Direct,Desktop,/pricing
S02628,4,2026-03-27,Direct,Desktop,/signup
S02629,1,2026-01-30,Organic Search,Mobile,/contact
S02629,2,2026-01-30,Organic Search,Mobile,/products
S02629,3,2026-01-30,Organic Search,Mobile,/features
S02630,1,2026-02-17,Organic Search,Desktop,/features
S02631,1,2026-03-07,Organic Search,Mobile,/pricing
S02631,2,2026-03-07,Organic Search,Mobile,/products
S02631,3,2026-03-07,Organic Search,Mobile,/features
S02631,4,2026-03-07,Organic Search,Mobile,/blog
S02632,1,2026-01-14,Direct,Desktop,/features
S02632,2,2026-01-14,Direct,Desktop,/products
S02632,3,2026-01-14,Direct,Desktop,/blog
S02632,4,2026-01-14,Direct,Desktop,/contact
S02633,1,2026-03-26,Email,Desktop,/
S02633,2,2026-03-26,Email,Desktop,/features
S02633,3,2026-03-26,Email,Desktop,/blog
S02634,1,2026-03-31,Paid Search,Mobile,/features
S02635,1,2026-03-17,Direct,Mobile,/contact
S02635,2,2026-03-17,Direct,Mobile,/products
S02635,3,2026-03-17,Direct,Mobile,/pricing
S02636,1,2026-02-12,Direct,Mobile,/blog
S02637,1,2026-02-18,Direct,Mobile,/products
S02637,2,2026-02-18,Direct,Mobile,/features
S02637,3,2026-02-18,Direct,Mobile,/blog
S02637,4,2026-02-18,Direct,Mobile,/contact
S02638,1,2026-01-31,Organic Search,Desktop,/
S02638,2,2026-01-31,Organic Search,Desktop,/features
S02639,1,2026-02-11,Social,Mobile,/contact
S02640,1,2026-03-22,Organic Search,Mobile,/features
S02640,2,2026-03-22,Organic Search,Mobile,/products
S02640,3,2026-03-22,Organic Search,Mobile,/pricing
S02640,4,2026-03-22,Organic Search,Mobile,/signup
S02640,5,2026-03-22,Organic Search,Mobile,/thank-you
S02641,1,2026-02-08,Paid Search,Mobile,/blog
S02641,2,2026-02-08,Paid Search,Mobile,/features
S02641,3,2026-02-08,Paid Search,Mobile,/contact
S02641,4,2026-02-08,Paid Search,Mobile,/products
S02641,5,2026-02-08,Paid Search,Mobile,/pricing
S02642,1,2026-03-03,Social,Desktop,/contact
S02643,1,2026-01-25,Paid Search,Mobile,/pricing
S02644,1,2026-02-09,Email,Desktop,/features
S02644,2,2026-02-09,Email,Desktop,/products
S02644,3,2026-02-09,Email,Desktop,/pricing
S02644,4,2026-02-09,Email,Desktop,/blog
S02644,5,2026-02-09,Email,Desktop,/contact
S02645,1,2026-03-06,Organic Search,Desktop,/
S02645,2,2026-03-06,Organic Search,Desktop,/features
S02645,3,2026-03-06,Organic Search,Desktop,/blog
S02645,4,2026-03-06,Organic Search,Desktop,/contact
S02646,1,2026-02-03,Email,Mobile,/products
S02646,2,2026-02-03,Email,Mobile,/features
S02646,3,2026-02-03,Email,Mobile,/blog
S02646,4,2026-02-03,Email,Mobile,/contact
S02646,5,2026-02-03,Email,Mobile,/pricing
S02647,1,2026-02-01,Social,Mobile,/pricing
S02647,2,2026-02-01,Social,Mobile,/products
S02647,3,2026-02-01,Social,Mobile,/features
S02647,4,2026-02-01,Social,Mobile,/blog
S02647,5,2026-02-01,Social,Mobile,/contact
S02648,1,2026-03-22,Social,Mobile,/products
S02649,1,2026-03-23,Paid Search,Mobile,/pricing
S02650,1,2026-01-29,Email,Desktop,/features
S02651,1,2026-01-12,Referral,Desktop,/
S02651,2,2026-01-12,Referral,Desktop,/products
S02651,3,2026-01-12,Referral,Desktop,/features
S02651,4,2026-01-12,Referral,Desktop,/blog
S02652,1,2026-02-10,Direct,Mobile,/blog
S02653,1,2026-02-26,Social,Mobile,/
S02653,2,2026-02-26,Social,Mobile,/features
S02653,3,2026-02-26,Social,Mobile,/blog
S02653,4,2026-02-26,Social,Mobile,/contact
S02653,5,2026-02-26,Social,Mobile,/products
S02653,6,2026-02-26,Social,Mobile,/pricing
S02654,1,2026-02-06,Social,Mobile,/features
S02655,1,2026-01-06,Direct,Mobile,/products
S02655,2,2026-01-06,Direct,Mobile,/features
S02655,3,2026-01-06,Direct,Mobile,/blog
S02655,4,2026-01-06,Direct,Mobile,/contact
S02655,5,2026-01-06,Direct,Mobile,/pricing
S02656,1,2026-03-29,Referral,Desktop,/blog
S02656,2,2026-03-29,Referral,Desktop,/products
S02656,3,2026-03-29,Referral,Desktop,/features
S02656,4,2026-03-29,Referral,Desktop,/contact
S02656,5,2026-03-29,Referral,Desktop,/pricing
S02657,1,2026-01-18,Direct,Desktop,/blog
S02658,1,2026-03-21,Paid Search,Desktop,/products
S02659,1,2026-02-16,Organic Search,Mobile,/products
S02659,2,2026-02-16,Organic Search,Mobile,/features
S02660,1,2026-03-04,Organic Search,Mobile,/
S02660,2,2026-03-04,Organic Search,Mobile,/features
S02661,1,2026-03-12,Email,Mobile,/products
S02661,2,2026-03-12,Email,Mobile,/pricing
S02661,3,2026-03-12,Email,Mobile,/features
S02661,4,2026-03-12,Email,Mobile,/blog
S02661,5,2026-03-12,Email,Mobile,/contact
S02662,1,2026-02-22,Direct,Tablet,/products
S02662,2,2026-02-22,Direct,Tablet,/pricing
S02662,3,2026-02-22,Direct,Tablet,/features
S02662,4,2026-02-22,Direct,Tablet,/blog
S02662,5,2026-02-22,Direct,Tablet,/contact
S02663,1,2026-03-30,Direct,Desktop,/
S02663,2,2026-03-30,Direct,Desktop,/products
S02663,3,2026-03-30,Direct,Desktop,/pricing
S02663,4,2026-03-30,Direct,Desktop,/features
S02663,5,2026-03-30,Direct,Desktop,/blog
S02663,6,2026-03-30,Direct,Desktop,/contact
S02664,1,2026-02-15,Organic Search,Desktop,/blog
S02665,1,2026-03-09,Direct,Mobile,/products
S02666,1,2026-01-10,Social,Mobile,/products
S02666,2,2026-01-10,Social,Mobile,/features
S02666,3,2026-01-10,Social,Mobile,/blog
S02666,4,2026-01-10,Social,Mobile,/contact
S02667,1,2026-03-22,Email,Desktop,/products
S02667,2,2026-03-22,Email,Desktop,/pricing
S02667,3,2026-03-22,Email,Desktop,/signup
S02667,4,2026-03-22,Email,Desktop,/thank-you
S02668,1,2026-03-22,Organic Search,Mobile,/pricing
S02668,2,2026-03-22,Organic Search,Mobile,/products
S02668,3,2026-03-22,Organic Search,Mobile,/pricing
S02668,4,2026-03-22,Organic Search,Mobile,/signup
S02669,1,2026-01-06,Paid Search,Desktop,/pricing
S02670,1,2026-03-29,Direct,Mobile,/blog
S02670,2,2026-03-29,Direct,Mobile,/products
S02670,3,2026-03-29,Direct,Mobile,/pricing
S02671,1,2026-01-22,Paid Search,Tablet,/pricing
S02672,1,2026-03-08,Direct,Mobile,/pricing
S02672,2,2026-03-08,Direct,Mobile,/products
S02672,3,2026-03-08,Direct,Mobile,/features
S02673,1,2026-03-28,Direct,Desktop,/products
S02674,1,2026-01-26,Direct,Mobile,/products
S02674,2,2026-01-26,Direct,Mobile,/features
S02674,3,2026-01-26,Direct,Mobile,/blog
S02675,1,2026-03-08,Paid Search,Mobile,/blog
S02676,1,2026-02-05,Direct,Mobile,/products
S02677,1,2026-03-06,Direct,Mobile,/features
S02678,1,2026-03-15,Social,Tablet,/pricing
S02679,1,2026-01-22,Social,Desktop,/blog
S02680,1,2026-03-17,Direct,Tablet,/pricing
S02680,2,2026-03-17,Direct,Tablet,/products
S02680,3,2026-03-17,Direct,Tablet,/features
S02680,4,2026-03-17,Direct,Tablet,/blog
S02680,5,2026-03-17,Direct,Tablet,/contact
S02681,1,2026-02-27,Social,Tablet,/contact
S02681,2,2026-02-27,Social,Tablet,/features
S02681,3,2026-02-27,Social,Tablet,/blog
S02681,4,2026-02-27,Social,Tablet,/products
S02681,5,2026-02-27,Social,Tablet,/pricing
S02682,1,2026-01-28,Email,Desktop,/products
S02682,2,2026-01-28,Email,Desktop,/features
S02682,3,2026-01-28,Email,Desktop,/blog
S02682,4,2026-01-28,Email,Desktop,/contact
S02682,5,2026-01-28,Email,Desktop,/pricing
S02683,1,2026-03-17,Organic Search,Mobile,/products
S02683,2,2026-03-17,Organic Search,Mobile,/features
S02683,3,2026-03-17,Organic Search,Mobile,/blog
S02683,4,2026-03-17,Organic Search,Mobile,/contact
S02684,1,2026-03-03,Paid Search,Desktop,/features
S02685,1,2026-01-05,Organic Search,Mobile,/blog
S02686,1,2026-03-26,Social,Desktop,/pricing
S02686,2,2026-03-26,Social,Desktop,/products
S02686,3,2026-03-26,Social,Desktop,/pricing
S02686,4,2026-03-26,Social,Desktop,/signup
S02686,5,2026-03-26,Social,Desktop,/thank-you
S02687,1,2026-02-22,Organic Search,Mobile,/products
S02687,2,2026-02-22,Organic Search,Mobile,/features
S02687,3,2026-02-22,Organic Search,Mobile,/blog
S02688,1,2026-03-08,Paid Search,Desktop,/products
S02688,2,2026-03-08,Paid Search,Desktop,/pricing
S02689,1,2026-02-03,Organic Search,Mobile,/features
S02690,1,2026-02-06,Direct,Mobile,/products
S02690,2,2026-02-06,Direct,Mobile,/features
S02690,3,2026-02-06,Direct,Mobile,/blog
S02690,4,2026-02-06,Direct,Mobile,/contact
S02690,5,2026-02-06,Direct,Mobile,/pricing
S02691,1,2026-02-01,Referral,Mobile,/
S02691,2,2026-02-01,Referral,Mobile,/products
S02691,3,2026-02-01,Referral,Mobile,/features
S02692,1,2026-02-15,Direct,Mobile,/
S02692,2,2026-02-15,Direct,Mobile,/products
S02692,3,2026-02-15,Direct,Mobile,/pricing
S02693,1,2026-03-13,Email,Mobile,/contact
S02693,2,2026-03-13,Email,Mobile,/features
S02693,3,2026-03-13,Email,Mobile,/blog
S02694,1,2026-03-11,Referral,Mobile,/pricing
S02695,1,2026-02-19,Email,Mobile,/pricing
S02695,2,2026-02-19,Email,Mobile,/products
S02695,3,2026-02-19,Email,Mobile,/pricing
S02695,4,2026-02-19,Email,Mobile,/features
S02695,5,2026-02-19,Email,Mobile,/blog
S02695,6,2026-02-19,Email,Mobile,/contact
S02696,1,2026-01-03,Organic Search,Desktop,/features
S02696,2,2026-01-03,Organic Search,Desktop,/products
S02696,3,2026-01-03,Organic Search,Desktop,/pricing
S02696,4,2026-01-03,Organic Search,Desktop,/blog
S02697,1,2026-01-07,Social,Mobile,/products
S02698,1,2026-03-20,Organic Search,Desktop,/features
S02699,1,2026-03-30,Direct,Mobile,/blog
S02700,1,2026-01-14,Email,Mobile,/pricing
S02700,2,2026-01-14,Email,Mobile,/products
S02700,3,2026-01-14,Email,Mobile,/features
S02700,4,2026-01-14,Email,Mobile,/blog
S02700,5,2026-01-14,Email,Mobile,/contact
S02701,1,2026-02-16,Paid Search,Mobile,/features
S02702,1,2026-03-22,Direct,Mobile,/contact
S02703,1,2026-01-03,Direct,Mobile,/products
S02704,1,2026-03-31,Social,Desktop,/
S02704,2,2026-03-31,Social,Desktop,/products
S02705,1,2026-01-15,Paid Search,Mobile,/features
S02705,2,2026-01-15,Paid Search,Mobile,/products
S02705,3,2026-01-15,Paid Search,Mobile,/blog
S02705,4,2026-01-15,Paid Search,Mobile,/contact
S02705,5,2026-01-15,Paid Search,Mobile,/pricing
S02706,1,2026-01-05,Direct,Mobile,/products
S02706,2,2026-01-05,Direct,Mobile,/pricing
S02706,3,2026-01-05,Direct,Mobile,/signup
S02706,4,2026-01-05,Direct,Mobile,/features
S02707,1,2026-02-15,Email,Mobile,/pricing
S02707,2,2026-02-15,Email,Mobile,/products
S02707,3,2026-02-15,Email,Mobile,/features
S02707,4,2026-02-15,Email,Mobile,/blog
S02707,5,2026-02-15,Email,Mobile,/contact
S02708,1,2026-03-28,Organic Search,Mobile,/products
S02709,1,2026-03-11,Organic Search,Mobile,/features
S02710,1,2026-01-21,Paid Search,Desktop,/blog
S02711,1,2026-02-25,Referral,Mobile,/contact
S02711,2,2026-02-25,Referral,Mobile,/features
S02711,3,2026-02-25,Referral,Mobile,/blog
S02712,1,2026-02-11,Organic Search,Desktop,/pricing
S02712,2,2026-02-11,Organic Search,Desktop,/products
S02712,3,2026-02-11,Organic Search,Desktop,/features
S02712,4,2026-02-11,Organic Search,Desktop,/blog
S02712,5,2026-02-11,Organic Search,Desktop,/contact
S02713,1,2026-02-10,Organic Search,Mobile,/contact
S02714,1,2026-01-08,Organic Search,Mobile,/pricing
S02714,2,2026-01-08,Organic Search,Mobile,/products
S02714,3,2026-01-08,Organic Search,Mobile,/features
S02714,4,2026-01-08,Organic Search,Mobile,/blog
S02715,1,2026-01-29,Email,Mobile,/blog
S02715,2,2026-01-29,Email,Mobile,/products
S02715,3,2026-01-29,Email,Mobile,/features
S02715,4,2026-01-29,Email,Mobile,/contact
S02715,5,2026-01-29,Email,Mobile,/pricing
S02716,1,2026-01-21,Organic Search,Mobile,/blog
S02716,2,2026-01-21,Organic Search,Mobile,/features
S02716,3,2026-01-21,Organic Search,Mobile,/contact
S02716,4,2026-01-21,Organic Search,Mobile,/products
S02717,1,2026-03-30,Direct,Mobile,/pricing
S02717,2,2026-03-30,Direct,Mobile,/products
S02717,3,2026-03-30,Direct,Mobile,/pricing
S02718,1,2026-01-23,Referral,Desktop,/pricing
S02718,2,2026-01-23,Referral,Desktop,/products
S02718,3,2026-01-23,Referral,Desktop,/features
S02718,4,2026-01-23,Referral,Desktop,/blog
S02718,5,2026-01-23,Referral,Desktop,/contact
S02719,1,2026-03-19,Organic Search,Desktop,/products
S02720,1,2026-01-17,Direct,Mobile,/products
S02720,2,2026-01-17,Direct,Mobile,/features
S02720,3,2026-01-17,Direct,Mobile,/blog
S02720,4,2026-01-17,Direct,Mobile,/contact
S02720,5,2026-01-17,Direct,Mobile,/pricing
S02721,1,2026-01-05,Direct,Mobile,/blog
S02722,1,2026-03-18,Social,Desktop,/
S02722,2,2026-03-18,Social,Desktop,/products
S02723,1,2026-02-14,Direct,Mobile,/blog
S02724,1,2026-03-29,Direct,Mobile,/products
S02724,2,2026-03-29,Direct,Mobile,/pricing
S02725,1,2026-01-16,Organic Search,Desktop,/products
S02725,2,2026-01-16,Organic Search,Desktop,/features
S02725,3,2026-01-16,Organic Search,Desktop,/blog
S02726,1,2026-01-28,Social,Mobile,/blog
S02727,1,2026-03-30,Social,Mobile,/products
S02728,1,2026-03-08,Organic Search,Mobile,/contact
S02728,2,2026-03-08,Organic Search,Mobile,/products
S02728,3,2026-03-08,Organic Search,Mobile,/features
S02728,4,2026-03-08,Organic Search,Mobile,/blog
S02728,5,2026-03-08,Organic Search,Mobile,/pricing
S02729,1,2026-01-18,Direct,Desktop,/contact
S02730,1,2026-01-14,Email,Mobile,/pricing
S02730,2,2026-01-14,Email,Mobile,/products
S02730,3,2026-01-14,Email,Mobile,/pricing
S02731,1,2026-02-08,Organic Search,Desktop,/products
S02732,1,2026-03-27,Organic Search,Mobile,/
S02732,2,2026-03-27,Organic Search,Mobile,/features
S02732,3,2026-03-27,Organic Search,Mobile,/blog
S02732,4,2026-03-27,Organic Search,Mobile,/contact
S02732,5,2026-03-27,Organic Search,Mobile,/products
S02733,1,2026-01-10,Direct,Mobile,/features
S02734,1,2026-03-04,Direct,Mobile,/
S02735,1,2026-01-14,Organic Search,Desktop,/contact
S02735,2,2026-01-14,Organic Search,Desktop,/products
S02735,3,2026-01-14,Organic Search,Desktop,/features
S02736,1,2026-03-04,Direct,Mobile,/contact
S02736,2,2026-03-04,Direct,Mobile,/features
S02736,3,2026-03-04,Direct,Mobile,/blog
S02736,4,2026-03-04,Direct,Mobile,/products
S02736,5,2026-03-04,Direct,Mobile,/pricing
S02737,1,2026-03-16,Organic Search,Desktop,/
S02738,1,2026-01-23,Direct,Mobile,/blog
S02739,1,2026-03-03,Paid Search,Mobile,/pricing
S02740,1,2026-02-17,Paid Search,Mobile,/pricing
S02741,1,2026-01-06,Organic Search,Mobile,/
S02741,2,2026-01-06,Organic Search,Mobile,/products
S02741,3,2026-01-06,Organic Search,Mobile,/features
S02742,1,2026-02-06,Email,Mobile,/blog
S02742,2,2026-02-06,Email,Mobile,/features
S02743,1,2026-03-10,Organic Search,Desktop,/
S02743,2,2026-03-10,Organic Search,Desktop,/features
S02743,3,2026-03-10,Organic Search,Desktop,/blog
S02743,4,2026-03-10,Organic Search,Desktop,/contact
S02743,5,2026-03-10,Organic Search,Desktop,/products
S02744,1,2026-03-20,Social,Desktop,/features
S02744,2,2026-03-20,Social,Desktop,/products
S02744,3,2026-03-20,Social,Desktop,/blog
S02745,1,2026-03-16,Direct,Desktop,/pricing
S02745,2,2026-03-16,Direct,Desktop,/products
S02745,3,2026-03-16,Direct,Desktop,/pricing
S02745,4,2026-03-16,Direct,Desktop,/signup
S02745,5,2026-03-16,Direct,Desktop,/thank-you
S02746,1,2026-03-01,Social,Desktop,/blog
S02747,1,2026-03-05,Organic Search,Mobile,/contact
S02748,1,2026-01-26,Organic Search,Desktop,/blog
S02748,2,2026-01-26,Organic Search,Desktop,/features
S02748,3,2026-01-26,Organic Search,Desktop,/contact
S02749,1,2026-03-02,Direct,Mobile,/pricing
S02749,2,2026-03-02,Direct,Mobile,/products
S02749,3,2026-03-02,Direct,Mobile,/pricing
S02749,4,2026-03-02,Direct,Mobile,/features
S02749,5,2026-03-02,Direct,Mobile,/blog
S02749,6,2026-03-02,Direct,Mobile,/contact
S02750,1,2026-01-10,Organic Search,Desktop,/products
S02751,1,2026-01-19,Organic Search,Desktop,/pricing
S02751,2,2026-01-19,Organic Search,Desktop,/products
S02751,3,2026-01-19,Organic Search,Desktop,/pricing
S02751,4,2026-01-19,Organic Search,Desktop,/signup
S02752,1,2026-03-14,Social,Mobile,/products
S02752,2,2026-03-14,Social,Mobile,/features
S02752,3,2026-03-14,Social,Mobile,/blog
S02753,1,2026-01-24,Social,Desktop,/contact
S02754,1,2026-01-06,Organic Search,Desktop,/products
S02754,2,2026-01-06,Organic Search,Desktop,/pricing
S02754,3,2026-01-06,Organic Search,Desktop,/features
S02754,4,2026-01-06,Organic Search,Desktop,/blog
S02755,1,2026-01-16,Email,Mobile,/products
S02756,1,2026-02-11,Social,Desktop,/features
S02757,1,2026-02-17,Email,Mobile,/products
S02757,2,2026-02-17,Email,Mobile,/pricing
S02757,3,2026-02-17,Email,Mobile,/features
S02757,4,2026-02-17,Email,Mobile,/blog
S02757,5,2026-02-17,Email,Mobile,/contact
S02758,1,2026-02-28,Paid Search,Mobile,/features
S02758,2,2026-02-28,Paid Search,Mobile,/products
S02758,3,2026-02-28,Paid Search,Mobile,/blog
S02758,4,2026-02-28,Paid Search,Mobile,/contact
S02759,1,2026-02-21,Paid Search,Mobile,/products
S02759,2,2026-02-21,Paid Search,Mobile,/features
S02759,3,2026-02-21,Paid Search,Mobile,/blog
S02760,1,2026-02-24,Direct,Mobile,/
S02760,2,2026-02-24,Direct,Mobile,/products
S02760,3,2026-02-24,Direct,Mobile,/pricing
S02761,1,2026-01-15,Paid Search,Mobile,/blog
S02761,2,2026-01-15,Paid Search,Mobile,/features
S02762,1,2026-01-11,Email,Desktop,/pricing
S02762,2,2026-01-11,Email,Desktop,/products
S02762,3,2026-01-11,Email,Desktop,/pricing
S02763,1,2026-01-30,Organic Search,Mobile,/contact
S02763,2,2026-01-30,Organic Search,Mobile,/products
S02763,3,2026-01-30,Organic Search,Mobile,/pricing
S02763,4,2026-01-30,Organic Search,Mobile,/features
S02763,5,2026-01-30,Organic Search,Mobile,/blog
S02764,1,2026-02-28,Organic Search,Mobile,/products
S02764,2,2026-02-28,Organic Search,Mobile,/pricing
S02764,3,2026-02-28,Organic Search,Mobile,/features
S02764,4,2026-02-28,Organic Search,Mobile,/blog
S02765,1,2026-02-17,Organic Search,Desktop,/
S02766,1,2026-01-22,Referral,Mobile,/products
S02766,2,2026-01-22,Referral,Mobile,/features
S02766,3,2026-01-22,Referral,Mobile,/blog
S02767,1,2026-03-11,Direct,Desktop,/products
S02767,2,2026-03-11,Direct,Desktop,/pricing
S02767,3,2026-03-11,Direct,Desktop,/features
S02767,4,2026-03-11,Direct,Desktop,/blog
S02767,5,2026-03-11,Direct,Desktop,/contact
S02768,1,2026-02-20,Paid Search,Mobile,/pricing
S02768,2,2026-02-20,Paid Search,Mobile,/products
S02768,3,2026-02-20,Paid Search,Mobile,/pricing
S02769,1,2026-03-14,Email,Tablet,/products
S02769,2,2026-03-14,Email,Tablet,/features
S02770,1,2026-01-23,Referral,Desktop,/pricing
S02770,2,2026-01-23,Referral,Desktop,/products
S02770,3,2026-01-23,Referral,Desktop,/features
S02771,1,2026-03-11,Organic Search,Mobile,/features
S02772,1,2026-02-04,Social,Mobile,/products
S02773,1,2026-01-14,Email,Mobile,/blog
S02774,1,2026-03-09,Organic Search,Tablet,/products
S02775,1,2026-03-20,Social,Desktop,/features
S02776,1,2026-01-23,Direct,Mobile,/products
S02776,2,2026-01-23,Direct,Mobile,/pricing
S02776,3,2026-01-23,Direct,Mobile,/signup
S02776,4,2026-01-23,Direct,Mobile,/thank-you
S02777,1,2026-01-03,Paid Search,Mobile,/pricing
S02777,2,2026-01-03,Paid Search,Mobile,/products
S02777,3,2026-01-03,Paid Search,Mobile,/pricing
S02777,4,2026-01-03,Paid Search,Mobile,/features
S02777,5,2026-01-03,Paid Search,Mobile,/blog
S02778,1,2026-03-18,Direct,Desktop,/products
S02778,2,2026-03-18,Direct,Desktop,/features
S02778,3,2026-03-18,Direct,Desktop,/blog
S02778,4,2026-03-18,Direct,Desktop,/contact
S02778,5,2026-03-18,Direct,Desktop,/pricing
S02779,1,2026-02-19,Organic Search,Mobile,/
S02780,1,2026-02-10,Organic Search,Desktop,/products
S02780,2,2026-02-10,Organic Search,Desktop,/pricing
S02780,3,2026-02-10,Organic Search,Desktop,/features
S02781,1,2026-01-25,Organic Search,Desktop,/products
S02782,1,2026-03-31,Organic Search,Mobile,/features
S02783,1,2026-01-26,Paid Search,Mobile,/products
S02783,2,2026-01-26,Paid Search,Mobile,/features
S02783,3,2026-01-26,Paid Search,Mobile,/blog
S02784,1,2026-02-24,Direct,Mobile,/contact
S02785,1,2026-01-20,Organic Search,Mobile,/pricing
S02786,1,2026-01-15,Paid Search,Tablet,/products
S02786,2,2026-01-15,Paid Search,Tablet,/features
S02786,3,2026-01-15,Paid Search,Tablet,/blog
S02786,4,2026-01-15,Paid Search,Tablet,/contact
S02786,5,2026-01-15,Paid Search,Tablet,/pricing
S02787,1,2026-02-12,Paid Search,Desktop,/products
S02788,1,2026-03-09,Direct,Desktop,/products
S02788,2,2026-03-09,Direct,Desktop,/features
S02788,3,2026-03-09,Direct,Desktop,/blog
S02788,4,2026-03-09,Direct,Desktop,/contact
S02788,5,2026-03-09,Direct,Desktop,/pricing
S02789,1,2026-01-05,Referral,Mobile,/features
S02789,2,2026-01-05,Referral,Mobile,/products
S02789,3,2026-01-05,Referral,Mobile,/blog
S02789,4,2026-01-05,Referral,Mobile,/contact
S02789,5,2026-01-05,Referral,Mobile,/pricing
S02790,1,2026-02-24,Direct,Mobile,/
S02790,2,2026-02-24,Direct,Mobile,/features
S02790,3,2026-02-24,Direct,Mobile,/blog
S02790,4,2026-02-24,Direct,Mobile,/contact
S02791,1,2026-01-20,Social,Desktop,/features
S02792,1,2026-01-11,Organic Search,Mobile,/
S02792,2,2026-01-11,Organic Search,Mobile,/features
S02792,3,2026-01-11,Organic Search,Mobile,/blog
S02793,1,2026-03-29,Social,Mobile,/products
S02794,1,2026-01-07,Referral,Mobile,/
S02794,2,2026-01-07,Referral,Mobile,/features
S02794,3,2026-01-07,Referral,Mobile,/blog
S02794,4,2026-01-07,Referral,Mobile,/contact
S02794,5,2026-01-07,Referral,Mobile,/products
S02795,1,2026-01-16,Email,Desktop,/blog
S02796,1,2026-03-16,Paid Search,Desktop,/pricing
S02797,1,2026-01-10,Paid Search,Mobile,/contact
S02797,2,2026-01-10,Paid Search,Mobile,/features
S02797,3,2026-01-10,Paid Search,Mobile,/blog
S02797,4,2026-01-10,Paid Search,Mobile,/products
S02797,5,2026-01-10,Paid Search,Mobile,/pricing
S02798,1,2026-02-13,Direct,Desktop,/products
S02798,2,2026-02-13,Direct,Desktop,/pricing
S02799,1,2026-01-28,Paid Search,Mobile,/
S02800,1,2026-03-04,Social,Mobile,/blog
S02801,1,2026-03-20,Referral,Mobile,/pricing
S02802,1,2026-02-15,Direct,Desktop,/features
S02802,2,2026-02-15,Direct,Desktop,/products
S02802,3,2026-02-15,Direct,Desktop,/pricing
S02802,4,2026-02-15,Direct,Desktop,/signup
S02802,5,2026-02-15,Direct,Desktop,/thank-you
S02803,1,2026-01-14,Organic Search,Mobile,/products
S02804,1,2026-03-16,Paid Search,Mobile,/blog
S02804,2,2026-03-16,Paid Search,Mobile,/products
S02804,3,2026-03-16,Paid Search,Mobile,/features
S02805,1,2026-03-16,Organic Search,Mobile,/
S02806,1,2026-01-15,Organic Search,Desktop,/contact
S02807,1,2026-01-04,Direct,Desktop,/
S02807,2,2026-01-04,Direct,Desktop,/products
S02807,3,2026-01-04,Direct,Desktop,/pricing
S02807,4,2026-01-04,Direct,Desktop,/signup
S02807,5,2026-01-04,Direct,Desktop,/thank-you
S02808,1,2026-01-10,Social,Mobile,/features
S02808,2,2026-01-10,Social,Mobile,/products
S02808,3,2026-01-10,Social,Mobile,/blog
S02808,4,2026-01-10,Social,Mobile,/contact
S02808,5,2026-01-10,Social,Mobile,/pricing
S02809,1,2026-02-07,Organic Search,Desktop,/products
S02810,1,2026-02-05,Organic Search,Mobile,/features
S02811,1,2026-03-26,Organic Search,Mobile,/features
S02811,2,2026-03-26,Organic Search,Mobile,/products
S02811,3,2026-03-26,Organic Search,Mobile,/pricing
S02811,4,2026-03-26,Organic Search,Mobile,/blog
S02811,5,2026-03-26,Organic Search,Mobile,/contact
S02812,1,2026-02-16,Email,Desktop,/features
S02812,2,2026-02-16,Email,Desktop,/products
S02812,3,2026-02-16,Email,Desktop,/pricing
S02813,1,2026-03-31,Paid Search,Desktop,/pricing
S02813,2,2026-03-31,Paid Search,Desktop,/products
S02814,1,2026-02-25,Organic Search,Mobile,/products
S02814,2,2026-02-25,Organic Search,Mobile,/pricing
S02814,3,2026-02-25,Organic Search,Mobile,/features
S02814,4,2026-02-25,Organic Search,Mobile,/blog
S02814,5,2026-02-25,Organic Search,Mobile,/contact
S02815,1,2026-03-31,Organic Search,Mobile,/features
S02815,2,2026-03-31,Organic Search,Mobile,/products
S02815,3,2026-03-31,Organic Search,Mobile,/blog
S02815,4,2026-03-31,Organic Search,Mobile,/contact
S02816,1,2026-01-22,Direct,Mobile,/pricing
S02816,2,2026-01-22,Direct,Mobile,/products
S02816,3,2026-01-22,Direct,Mobile,/features
S02816,4,2026-01-22,Direct,Mobile,/blog
S02816,5,2026-01-22,Direct,Mobile,/contact
S02817,1,2026-03-08,Organic Search,Mobile,/blog
S02818,1,2026-03-10,Paid Search,Desktop,/products
S02818,2,2026-03-10,Paid Search,Desktop,/pricing
S02818,3,2026-03-10,Paid Search,Desktop,/features
S02819,1,2026-03-18,Direct,Tablet,/pricing
S02819,2,2026-03-18,Direct,Tablet,/products
S02819,3,2026-03-18,Direct,Tablet,/pricing
S02819,4,2026-03-18,Direct,Tablet,/features
S02820,1,2026-03-08,Referral,Mobile,/products
S02820,2,2026-03-08,Referral,Mobile,/features
S02820,3,2026-03-08,Referral,Mobile,/blog
S02821,1,2026-01-27,Organic Search,Desktop,/blog
S02822,1,2026-02-14,Paid Search,Mobile,/products
S02822,2,2026-02-14,Paid Search,Mobile,/features
S02822,3,2026-02-14,Paid Search,Mobile,/blog
S02822,4,2026-02-14,Paid Search,Mobile,/contact
S02823,1,2026-01-29,Organic Search,Mobile,/products
S02823,2,2026-01-29,Organic Search,Mobile,/features
S02823,3,2026-01-29,Organic Search,Mobile,/blog
S02823,4,2026-01-29,Organic Search,Mobile,/contact
S02824,1,2026-02-12,Referral,Mobile,/features
S02824,2,2026-02-12,Referral,Mobile,/products
S02824,3,2026-02-12,Referral,Mobile,/blog
S02824,4,2026-02-12,Referral,Mobile,/contact
S02824,5,2026-02-12,Referral,Mobile,/pricing
S02825,1,2026-02-17,Referral,Tablet,/pricing
S02826,1,2026-03-06,Social,Mobile,/features
S02826,2,2026-03-06,Social,Mobile,/products
S02826,3,2026-03-06,Social,Mobile,/pricing
S02826,4,2026-03-06,Social,Mobile,/blog
S02826,5,2026-03-06,Social,Mobile,/contact
S02827,1,2026-01-17,Direct,Desktop,/products
S02827,2,2026-01-17,Direct,Desktop,/features
S02827,3,2026-01-17,Direct,Desktop,/blog
S02827,4,2026-01-17,Direct,Desktop,/contact
S02827,5,2026-01-17,Direct,Desktop,/pricing
S02828,1,2026-03-31,Organic Search,Mobile,/pricing
S02829,1,2026-01-31,Social,Desktop,/pricing
S02830,1,2026-02-04,Social,Mobile,/products
S02831,1,2026-02-19,Organic Search,Tablet,/blog
S02831,2,2026-02-19,Organic Search,Tablet,/features
S02831,3,2026-02-19,Organic Search,Tablet,/contact
S02832,1,2026-01-25,Direct,Desktop,/
S02832,2,2026-01-25,Direct,Desktop,/products
S02832,3,2026-01-25,Direct,Desktop,/pricing
S02833,1,2026-02-08,Direct,Mobile,/pricing
S02834,1,2026-02-13,Social,Desktop,/
S02835,1,2026-01-05,Paid Search,Desktop,/blog
S02835,2,2026-01-05,Paid Search,Desktop,/products
S02835,3,2026-01-05,Paid Search,Desktop,/features
S02836,1,2026-01-23,Paid Search,Mobile,/features
S02837,1,2026-01-03,Paid Search,Mobile,/
S02837,2,2026-01-03,Paid Search,Mobile,/products
S02837,3,2026-01-03,Paid Search,Mobile,/pricing
S02837,4,2026-01-03,Paid Search,Mobile,/features
S02838,1,2026-01-06,Organic Search,Desktop,/pricing
S02839,1,2026-03-29,Direct,Desktop,/pricing
S02840,1,2026-03-27,Organic Search,Mobile,/blog
S02840,2,2026-03-27,Organic Search,Mobile,/features
S02840,3,2026-03-27,Organic Search,Mobile,/contact
S02840,4,2026-03-27,Organic Search,Mobile,/products
S02840,5,2026-03-27,Organic Search,Mobile,/pricing
S02841,1,2026-02-14,Social,Desktop,/
S02842,1,2026-02-01,Direct,Mobile,/products
S02842,2,2026-02-01,Direct,Mobile,/pricing
S02842,3,2026-02-01,Direct,Mobile,/features
S02842,4,2026-02-01,Direct,Mobile,/blog
S02842,5,2026-02-01,Direct,Mobile,/contact
S02843,1,2026-02-24,Direct,Mobile,/features
S02843,2,2026-02-24,Direct,Mobile,/products
S02844,1,2026-02-15,Organic Search,Desktop,/pricing
S02844,2,2026-02-15,Organic Search,Desktop,/products
S02844,3,2026-02-15,Organic Search,Desktop,/features
S02844,4,2026-02-15,Organic Search,Desktop,/blog
S02845,1,2026-03-20,Organic Search,Mobile,/blog
S02845,2,2026-03-20,Organic Search,Mobile,/products
S02845,3,2026-03-20,Organic Search,Mobile,/pricing
S02845,4,2026-03-20,Organic Search,Mobile,/signup
S02846,1,2026-01-10,Paid Search,Mobile,/products
S02846,2,2026-01-10,Paid Search,Mobile,/features
S02847,1,2026-03-28,Organic Search,Mobile,/contact
S02847,2,2026-03-28,Organic Search,Mobile,/features
S02847,3,2026-03-28,Organic Search,Mobile,/blog
S02847,4,2026-03-28,Organic Search,Mobile,/products
S02847,5,2026-03-28,Organic Search,Mobile,/pricing
S02848,1,2026-03-08,Organic Search,Mobile,/
S02848,2,2026-03-08,Organic Search,Mobile,/features
S02849,1,2026-03-26,Social,Mobile,/
S02849,2,2026-03-26,Social,Mobile,/features
S02850,1,2026-02-13,Direct,Desktop,/pricing
S02850,2,2026-02-13,Direct,Desktop,/products
S02850,3,2026-02-13,Direct,Desktop,/pricing
S02851,1,2026-03-06,Direct,Mobile,/pricing
S02851,2,2026-03-06,Direct,Mobile,/products
S02851,3,2026-03-06,Direct,Mobile,/pricing
S02851,4,2026-03-06,Direct,Mobile,/signup
S02851,5,2026-03-06,Direct,Mobile,/features
S02851,6,2026-03-06,Direct,Mobile,/blog
S02852,1,2026-01-17,Direct,Desktop,/blog
S02852,2,2026-01-17,Direct,Desktop,/products
S02852,3,2026-01-17,Direct,Desktop,/features
S02852,4,2026-01-17,Direct,Desktop,/contact
S02853,1,2026-03-11,Social,Desktop,/products
S02854,1,2026-01-24,Direct,Mobile,/products
S02855,1,2026-01-01,Social,Mobile,/blog
S02856,1,2026-02-25,Referral,Desktop,/products
S02856,2,2026-02-25,Referral,Desktop,/pricing
S02856,3,2026-02-25,Referral,Desktop,/signup
S02856,4,2026-02-25,Referral,Desktop,/thank-you
S02856,5,2026-02-25,Referral,Desktop,/features
S02857,1,2026-01-25,Paid Search,Mobile,/blog
S02858,1,2026-03-19,Direct,Mobile,/blog
S02858,2,2026-03-19,Direct,Mobile,/features
S02858,3,2026-03-19,Direct,Mobile,/contact
S02858,4,2026-03-19,Direct,Mobile,/products
S02858,5,2026-03-19,Direct,Mobile,/pricing
S02859,1,2026-01-19,Social,Desktop,/
S02859,2,2026-01-19,Social,Desktop,/products
S02859,3,2026-01-19,Social,Desktop,/pricing
S02859,4,2026-01-19,Social,Desktop,/features
S02860,1,2026-01-10,Direct,Desktop,/blog
S02861,1,2026-01-28,Direct,Desktop,/features
S02861,2,2026-01-28,Direct,Desktop,/products
S02861,3,2026-01-28,Direct,Desktop,/blog
S02861,4,2026-01-28,Direct,Desktop,/contact
S02861,5,2026-01-28,Direct,Desktop,/pricing
S02862,1,2026-01-17,Direct,Mobile,/features
S02862,2,2026-01-17,Direct,Mobile,/products
S02862,3,2026-01-17,Direct,Mobile,/pricing
S02862,4,2026-01-17,Direct,Mobile,/signup
S02862,5,2026-01-17,Direct,Mobile,/thank-you
S02863,1,2026-03-22,Organic Search,Mobile,/
S02863,2,2026-03-22,Organic Search,Mobile,/features
S02863,3,2026-03-22,Organic Search,Mobile,/blog
S02864,1,2026-03-19,Organic Search,Mobile,/pricing
S02865,1,2026-02-24,Direct,Desktop,/features
S02865,2,2026-02-24,Direct,Desktop,/products
S02865,3,2026-02-24,Direct,Desktop,/pricing
S02865,4,2026-02-24,Direct,Desktop,/signup
S02865,5,2026-02-24,Direct,Desktop,/thank-you
S02866,1,2026-03-07,Organic Search,Mobile,/blog
S02867,1,2026-01-21,Direct,Mobile,/products
S02867,2,2026-01-21,Direct,Mobile,/pricing
S02868,1,2026-03-25,Direct,Mobile,/products
S02868,2,2026-03-25,Direct,Mobile,/features
S02868,3,2026-03-25,Direct,Mobile,/blog
S02869,1,2026-03-11,Referral,Desktop,/blog
S02869,2,2026-03-11,Referral,Desktop,/products
S02869,3,2026-03-11,Referral,Desktop,/pricing
S02869,4,2026-03-11,Referral,Desktop,/features
S02869,5,2026-03-11,Referral,Desktop,/contact
S02870,1,2026-01-15,Organic Search,Desktop,/features
S02870,2,2026-01-15,Organic Search,Desktop,/products
S02870,3,2026-01-15,Organic Search,Desktop,/pricing
S02870,4,2026-01-15,Organic Search,Desktop,/signup
S02871,1,2026-02-15,Paid Search,Mobile,/features
S02871,2,2026-02-15,Paid Search,Mobile,/products
S02871,3,2026-02-15,Paid Search,Mobile,/blog
S02871,4,2026-02-15,Paid Search,Mobile,/contact
S02872,1,2026-03-01,Direct,Mobile,/features
S02872,2,2026-03-01,Direct,Mobile,/products
S02872,3,2026-03-01,Direct,Mobile,/pricing
S02872,4,2026-03-01,Direct,Mobile,/signup
S02872,5,2026-03-01,Direct,Mobile,/thank-you
S02873,1,2026-01-11,Organic Search,Mobile,/products
S02873,2,2026-01-11,Organic Search,Mobile,/features
S02873,3,2026-01-11,Organic Search,Mobile,/blog
S02873,4,2026-01-11,Organic Search,Mobile,/contact
S02874,1,2026-01-21,Organic Search,Mobile,/blog
S02874,2,2026-01-21,Organic Search,Mobile,/products
S02874,3,2026-01-21,Organic Search,Mobile,/features
S02875,1,2026-01-06,Organic Search,Mobile,/
S02876,1,2026-01-28,Organic Search,Mobile,/
S02876,2,2026-01-28,Organic Search,Mobile,/features
S02876,3,2026-01-28,Organic Search,Mobile,/blog
S02876,4,2026-01-28,Organic Search,Mobile,/contact
S02877,1,2026-01-10,Organic Search,Desktop,/
S02878,1,2026-02-18,Direct,Desktop,/contact
S02879,1,2026-01-13,Direct,Tablet,/
S02879,2,2026-01-13,Direct,Tablet,/features
S02879,3,2026-01-13,Direct,Tablet,/blog
S02879,4,2026-01-13,Direct,Tablet,/contact
S02879,5,2026-01-13,Direct,Tablet,/products
S02879,6,2026-01-13,Direct,Tablet,/pricing
S02880,1,2026-02-04,Organic Search,Desktop,/pricing
S02880,2,2026-02-04,Organic Search,Desktop,/products
S02881,1,2026-01-23,Organic Search,Mobile,/pricing
S02881,2,2026-01-23,Organic Search,Mobile,/products
S02881,3,2026-01-23,Organic Search,Mobile,/pricing
S02882,1,2026-02-21,Organic Search,Mobile,/products
S02882,2,2026-02-21,Organic Search,Mobile,/pricing
S02882,3,2026-02-21,Organic Search,Mobile,/signup
S02882,4,2026-02-21,Organic Search,Mobile,/thank-you
S02883,1,2026-02-06,Direct,Mobile,/pricing
S02883,2,2026-02-06,Direct,Mobile,/products
S02883,3,2026-02-06,Direct,Mobile,/pricing
S02883,4,2026-02-06,Direct,Mobile,/features
S02883,5,2026-02-06,Direct,Mobile,/blog
S02883,6,2026-02-06,Direct,Mobile,/contact
S02884,1,2026-02-04,Direct,Desktop,/
S02885,1,2026-02-12,Direct,Mobile,/products
S02886,1,2026-03-09,Organic Search,Mobile,/pricing
S02886,2,2026-03-09,Organic Search,Mobile,/products
S02886,3,2026-03-09,Organic Search,Mobile,/features
S02886,4,2026-03-09,Organic Search,Mobile,/blog
S02887,1,2026-03-08,Organic Search,Mobile,/features
S02888,1,2026-01-22,Referral,Mobile,/blog
S02889,1,2026-03-18,Organic Search,Desktop,/features
S02889,2,2026-03-18,Organic Search,Desktop,/products
S02890,1,2026-01-07,Organic Search,Desktop,/products
S02891,1,2026-02-20,Organic Search,Mobile,/
S02891,2,2026-02-20,Organic Search,Mobile,/products
S02891,3,2026-02-20,Organic Search,Mobile,/pricing
S02891,4,2026-02-20,Organic Search,Mobile,/features
S02891,5,2026-02-20,Organic Search,Mobile,/blog
S02891,6,2026-02-20,Organic Search,Mobile,/contact
S02892,1,2026-03-12,Referral,Desktop,/products
S02893,1,2026-03-10,Paid Search,Mobile,/contact
S02894,1,2026-03-22,Paid Search,Mobile,/products
S02894,2,2026-03-22,Paid Search,Mobile,/pricing
S02895,1,2026-02-02,Referral,Mobile,/
S02895,2,2026-02-02,Referral,Mobile,/features
S02895,3,2026-02-02,Referral,Mobile,/blog
S02895,4,2026-02-02,Referral,Mobile,/contact
S02895,5,2026-02-02,Referral,Mobile,/products
S02896,1,2026-03-16,Organic Search,Desktop,/contact
S02897,1,2026-03-23,Referral,Desktop,/contact
S02898,1,2026-02-10,Organic Search,Mobile,/
S02899,1,2026-02-17,Paid Search,Tablet,/blog
S02900,1,2026-02-09,Direct,Mobile,/products
S02900,2,2026-02-09,Direct,Mobile,/pricing
S02901,1,2026-01-31,Direct,Mobile,/pricing
S02902,1,2026-01-28,Referral,Desktop,/pricing
S02903,1,2026-01-19,Organic Search,Desktop,/contact
S02904,1,2026-02-12,Referral,Desktop,/products
S02904,2,2026-02-12,Referral,Desktop,/pricing
S02904,3,2026-02-12,Referral,Desktop,/signup
S02904,4,2026-02-12,Referral,Desktop,/thank-you
S02904,5,2026-02-12,Referral,Desktop,/features
S02904,6,2026-02-12,Referral,Desktop,/blog
S02905,1,2026-03-28,Direct,Tablet,/features
S02905,2,2026-03-28,Direct,Tablet,/products
S02905,3,2026-03-28,Direct,Tablet,/blog
S02906,1,2026-01-04,Paid Search,Mobile,/
S02907,1,2026-01-14,Referral,Desktop,/blog
S02907,2,2026-01-14,Referral,Desktop,/features
S02907,3,2026-01-14,Referral,Desktop,/contact
S02907,4,2026-01-14,Referral,Desktop,/products
S02908,1,2026-03-02,Organic Search,Desktop,/blog
S02908,2,2026-03-02,Organic Search,Desktop,/products
S02908,3,2026-03-02,Organic Search,Desktop,/pricing
S02908,4,2026-03-02,Organic Search,Desktop,/features
S02908,5,2026-03-02,Organic Search,Desktop,/contact
S02909,1,2026-03-09,Referral,Mobile,/blog
S02910,1,2026-03-05,Paid Search,Mobile,/contact
S02911,1,2026-01-24,Paid Search,Tablet,/blog
S02912,1,2026-03-15,Organic Search,Mobile,/blog
S02913,1,2026-01-01,Direct,Mobile,/products
S02914,1,2026-02-28,Paid Search,Desktop,/contact
S02914,2,2026-02-28,Paid Search,Desktop,/features
S02915,1,2026-03-29,Direct,Desktop,/pricing
S02915,2,2026-03-29,Direct,Desktop,/products
S02915,3,2026-03-29,Direct,Desktop,/pricing
S02916,1,2026-01-17,Organic Search,Tablet,/products
S02917,1,2026-03-30,Organic Search,Desktop,/pricing
S02917,2,2026-03-30,Organic Search,Desktop,/products
S02917,3,2026-03-30,Organic Search,Desktop,/pricing
S02917,4,2026-03-30,Organic Search,Desktop,/signup
S02918,1,2026-03-19,Email,Mobile,/products
S02919,1,2026-01-26,Organic Search,Desktop,/blog
S02920,1,2026-02-03,Paid Search,Mobile,/products
S02921,1,2026-01-24,Referral,Desktop,/products
S02921,2,2026-01-24,Referral,Desktop,/pricing
S02921,3,2026-01-24,Referral,Desktop,/signup
S02921,4,2026-01-24,Referral,Desktop,/thank-you
S02921,5,2026-01-24,Referral,Desktop,/features
S02922,1,2026-02-27,Organic Search,Mobile,/contact
S02923,1,2026-03-13,Organic Search,Desktop,/contact
S02923,2,2026-03-13,Organic Search,Desktop,/features
S02923,3,2026-03-13,Organic Search,Desktop,/blog
S02924,1,2026-01-20,Paid Search,Mobile,/pricing
S02924,2,2026-01-20,Paid Search,Mobile,/products
S02924,3,2026-01-20,Paid Search,Mobile,/features
S02925,1,2026-03-03,Organic Search,Desktop,/contact
S02925,2,2026-03-03,Organic Search,Desktop,/products
S02925,3,2026-03-03,Organic Search,Desktop,/features
S02925,4,2026-03-03,Organic Search,Desktop,/blog
S02925,5,2026-03-03,Organic Search,Desktop,/pricing
S02926,1,2026-02-06,Paid Search,Mobile,/products
S02927,1,2026-01-20,Paid Search,Mobile,/products
S02928,1,2026-02-26,Paid Search,Mobile,/features
S02928,2,2026-02-26,Paid Search,Mobile,/products
S02928,3,2026-02-26,Paid Search,Mobile,/pricing
S02928,4,2026-02-26,Paid Search,Mobile,/signup
S02928,5,2026-02-26,Paid Search,Mobile,/thank-you
S02929,1,2026-02-11,Direct,Mobile,/blog
S02930,1,2026-03-01,Paid Search,Desktop,/blog
S02931,1,2026-02-28,Paid Search,Mobile,/products
S02932,1,2026-01-28,Organic Search,Mobile,/products
S02932,2,2026-01-28,Organic Search,Mobile,/pricing
S02932,3,2026-01-28,Organic Search,Mobile,/features
S02932,4,2026-01-28,Organic Search,Mobile,/blog
S02933,1,2026-01-30,Paid Search,Mobile,/
S02933,2,2026-01-30,Paid Search,Mobile,/products
S02933,3,2026-01-30,Paid Search,Mobile,/pricing
S02933,4,2026-01-30,Paid Search,Mobile,/features
S02934,1,2026-02-23,Email,Mobile,/contact
S02934,2,2026-02-23,Email,Mobile,/products
S02934,3,2026-02-23,Email,Mobile,/features
S02935,1,2026-01-11,Paid Search,Desktop,/products
S02935,2,2026-01-11,Paid Search,Desktop,/features
S02935,3,2026-01-11,Paid Search,Desktop,/blog
S02935,4,2026-01-11,Paid Search,Desktop,/contact
S02935,5,2026-01-11,Paid Search,Desktop,/pricing
S02936,1,2026-01-01,Direct,Mobile,/pricing
S02936,2,2026-01-01,Direct,Mobile,/products
S02937,1,2026-01-08,Direct,Mobile,/
S02938,1,2026-02-23,Organic Search,Mobile,/blog
S02939,1,2026-03-07,Organic Search,Mobile,/products
S02939,2,2026-03-07,Organic Search,Mobile,/pricing
S02939,3,2026-03-07,Organic Search,Mobile,/features
S02940,1,2026-03-23,Organic Search,Desktop,/blog
S02941,1,2026-03-11,Referral,Mobile,/pricing
S02942,1,2026-02-17,Organic Search,Mobile,/
S02943,1,2026-03-05,Social,Desktop,/
S02944,1,2026-02-09,Organic Search,Mobile,/products
S02944,2,2026-02-09,Organic Search,Mobile,/pricing
S02944,3,2026-02-09,Organic Search,Mobile,/features
S02944,4,2026-02-09,Organic Search,Mobile,/blog
S02944,5,2026-02-09,Organic Search,Mobile,/contact
S02945,1,2026-03-19,Organic Search,Desktop,/blog
S02945,2,2026-03-19,Organic Search,Desktop,/products
S02945,3,2026-03-19,Organic Search,Desktop,/pricing
S02945,4,2026-03-19,Organic Search,Desktop,/features
S02946,1,2026-02-12,Direct,Mobile,/features
S02946,2,2026-02-12,Direct,Mobile,/products
S02946,3,2026-02-12,Direct,Mobile,/pricing
S02946,4,2026-02-12,Direct,Mobile,/blog
S02946,5,2026-02-12,Direct,Mobile,/contact
S02947,1,2026-03-21,Direct,Desktop,/products
S02947,2,2026-03-21,Direct,Desktop,/features
S02947,3,2026-03-21,Direct,Desktop,/blog
S02947,4,2026-03-21,Direct,Desktop,/contact
S02948,1,2026-01-08,Social,Mobile,/pricing
S02948,2,2026-01-08,Social,Mobile,/products
S02948,3,2026-01-08,Social,Mobile,/features
S02948,4,2026-01-08,Social,Mobile,/blog
S02948,5,2026-01-08,Social,Mobile,/contact
S02949,1,2026-02-05,Referral,Mobile,/products
S02949,2,2026-02-05,Referral,Mobile,/pricing
S02949,3,2026-02-05,Referral,Mobile,/signup
S02949,4,2026-02-05,Referral,Mobile,/features
S02949,5,2026-02-05,Referral,Mobile,/blog
S02950,1,2026-02-07,Email,Desktop,/features
S02950,2,2026-02-07,Email,Desktop,/products
S02950,3,2026-02-07,Email,Desktop,/pricing
S02950,4,2026-02-07,Email,Desktop,/signup
S02950,5,2026-02-07,Email,Desktop,/thank-you
S02951,1,2026-02-04,Organic Search,Desktop,/contact
S02951,2,2026-02-04,Organic Search,Desktop,/features
S02952,1,2026-03-16,Social,Desktop,/blog
S02952,2,2026-03-16,Social,Desktop,/features
S02952,3,2026-03-16,Social,Desktop,/contact
S02952,4,2026-03-16,Social,Desktop,/products
S02952,5,2026-03-16,Social,Desktop,/pricing
S02953,1,2026-02-05,Organic Search,Desktop,/
S02953,2,2026-02-05,Organic Search,Desktop,/products
S02953,3,2026-02-05,Organic Search,Desktop,/pricing
S02953,4,2026-02-05,Organic Search,Desktop,/signup
S02954,1,2026-03-26,Email,Mobile,/pricing
S02954,2,2026-03-26,Email,Mobile,/products
S02954,3,2026-03-26,Email,Mobile,/pricing
S02954,4,2026-03-26,Email,Mobile,/signup
S02955,1,2026-02-05,Direct,Desktop,/contact
S02955,2,2026-02-05,Direct,Desktop,/products
S02955,3,2026-02-05,Direct,Desktop,/features
S02955,4,2026-02-05,Direct,Desktop,/blog
S02955,5,2026-02-05,Direct,Desktop,/pricing
S02956,1,2026-01-17,Direct,Desktop,/products
S02956,2,2026-01-17,Direct,Desktop,/features
S02956,3,2026-01-17,Direct,Desktop,/blog
S02957,1,2026-03-28,Organic Search,Mobile,/blog
S02957,2,2026-03-28,Organic Search,Mobile,/products
S02958,1,2026-03-04,Organic Search,Mobile,/contact
S02959,1,2026-02-16,Organic Search,Mobile,/features
S02960,1,2026-02-15,Email,Desktop,/blog
S02960,2,2026-02-15,Email,Desktop,/products
S02960,3,2026-02-15,Email,Desktop,/features
S02960,4,2026-02-15,Email,Desktop,/contact
S02960,5,2026-02-15,Email,Desktop,/pricing
S02961,1,2026-02-06,Social,Mobile,/pricing
S02961,2,2026-02-06,Social,Mobile,/products
S02961,3,2026-02-06,Social,Mobile,/pricing
S02961,4,2026-02-06,Social,Mobile,/signup
S02961,5,2026-02-06,Social,Mobile,/thank-you
S02962,1,2026-03-26,Referral,Mobile,/contact
S02963,1,2026-03-19,Organic Search,Desktop,/products
S02963,2,2026-03-19,Organic Search,Desktop,/features
S02963,3,2026-03-19,Organic Search,Desktop,/blog
S02963,4,2026-03-19,Organic Search,Desktop,/contact
S02964,1,2026-02-10,Paid Search,Desktop,/features
S02965,1,2026-03-06,Organic Search,Mobile,/pricing
S02966,1,2026-01-20,Direct,Desktop,/blog
S02966,2,2026-01-20,Direct,Desktop,/features
S02966,3,2026-01-20,Direct,Desktop,/contact
S02966,4,2026-01-20,Direct,Desktop,/products
S02966,5,2026-01-20,Direct,Desktop,/pricing
S02967,1,2026-02-06,Direct,Mobile,/features
S02967,2,2026-02-06,Direct,Mobile,/products
S02967,3,2026-02-06,Direct,Mobile,/blog
S02968,1,2026-01-05,Organic Search,Desktop,/pricing
S02968,2,2026-01-05,Organic Search,Desktop,/products
S02968,3,2026-01-05,Organic Search,Desktop,/pricing
S02968,4,2026-01-05,Organic Search,Desktop,/signup
S02968,5,2026-01-05,Organic Search,Desktop,/thank-you
S02969,1,2026-01-30,Paid Search,Mobile,/products
S02970,1,2026-03-09,Organic Search,Mobile,/
S02971,1,2026-02-02,Direct,Desktop,/features
S02972,1,2026-03-06,Paid Search,Mobile,/blog
S02973,1,2026-03-30,Organic Search,Mobile,/products
S02973,2,2026-03-30,Organic Search,Mobile,/features
S02973,3,2026-03-30,Organic Search,Mobile,/blog
S02973,4,2026-03-30,Organic Search,Mobile,/contact
S02973,5,2026-03-30,Organic Search,Mobile,/pricing
S02974,1,2026-03-25,Referral,Mobile,/features
S02975,1,2026-02-01,Direct,Desktop,/contact
S02975,2,2026-02-01,Direct,Desktop,/products
S02975,3,2026-02-01,Direct,Desktop,/features
S02975,4,2026-02-01,Direct,Desktop,/blog
S02975,5,2026-02-01,Direct,Desktop,/pricing
S02976,1,2026-01-06,Social,Desktop,/features
S02976,2,2026-01-06,Social,Desktop,/products
S02977,1,2026-03-23,Paid Search,Desktop,/blog
S02978,1,2026-03-30,Paid Search,Tablet,/contact
S02979,1,2026-03-26,Paid Search,Desktop,/features
S02980,1,2026-01-17,Email,Mobile,/
S02981,1,2026-01-07,Paid Search,Mobile,/contact
S02981,2,2026-01-07,Paid Search,Mobile,/features
S02981,3,2026-01-07,Paid Search,Mobile,/blog
S02982,1,2026-02-20,Organic Search,Desktop,/pricing
S02982,2,2026-02-20,Organic Search,Desktop,/products
S02982,3,2026-02-20,Organic Search,Desktop,/features
S02982,4,2026-02-20,Organic Search,Desktop,/blog
S02982,5,2026-02-20,Organic Search,Desktop,/contact
S02983,1,2026-02-27,Organic Search,Desktop,/contact
S02983,2,2026-02-27,Organic Search,Desktop,/features
S02983,3,2026-02-27,Organic Search,Desktop,/blog
S02983,4,2026-02-27,Organic Search,Desktop,/products
S02983,5,2026-02-27,Organic Search,Desktop,/pricing
S02984,1,2026-02-20,Paid Search,Tablet,/blog
S02984,2,2026-02-20,Paid Search,Tablet,/features
S02985,1,2026-01-05,Organic Search,Desktop,/blog
S02985,2,2026-01-05,Organic Search,Desktop,/features
S02985,3,2026-01-05,Organic Search,Desktop,/contact
S02986,1,2026-01-04,Organic Search,Mobile,/products
S02986,2,2026-01-04,Organic Search,Mobile,/features
S02986,3,2026-01-04,Organic Search,Mobile,/blog
S02986,4,2026-01-04,Organic Search,Mobile,/contact
S02986,5,2026-01-04,Organic Search,Mobile,/pricing
S02987,1,2026-02-03,Organic Search,Desktop,/
S02988,1,2026-02-26,Direct,Desktop,/products
S02989,1,2026-01-22,Organic Search,Desktop,/blog
S02990,1,2026-01-31,Paid Search,Desktop,/features
S02991,1,2026-02-23,Social,Mobile,/
S02992,1,2026-03-17,Social,Desktop,/products
S02993,1,2026-02-17,Organic Search,Mobile,/blog
S02993,2,2026-02-17,Organic Search,Mobile,/products
S02993,3,2026-02-17,Organic Search,Mobile,/features
S02993,4,2026-02-17,Organic Search,Mobile,/contact
S02993,5,2026-02-17,Organic Search,Mobile,/pricing
S02994,1,2026-02-17,Direct,Desktop,/products
S02995,1,2026-01-23,Paid Search,Mobile,/
S02995,2,2026-01-23,Paid Search,Mobile,/features
S02995,3,2026-01-23,Paid Search,Mobile,/blog
S02995,4,2026-01-23,Paid Search,Mobile,/contact
S02995,5,2026-01-23,Paid Search,Mobile,/products
S02996,1,2026-01-07,Direct,Mobile,/
S02997,1,2026-03-04,Paid Search,Mobile,/blog
S02998,1,2026-02-20,Organic Search,Mobile,/blog
S02998,2,2026-02-20,Organic Search,Mobile,/features
S02998,3,2026-02-20,Organic Search,Mobile,/contact
S02998,4,2026-02-20,Organic Search,Mobile,/products
S02999,1,2026-01-17,Referral,Mobile,/features
S03000,1,2026-03-28,Organic Search,Tablet,/products
S03000,2,2026-03-28,Organic Search,Tablet,/pricing
S03000,3,2026-03-28,Organic Search,Tablet,/features
S03000,4,2026-03-28,Organic Search,Tablet,/blog
S03001,1,2026-02-11,Social,Mobile,/
S03001,2,2026-02-11,Social,Mobile,/features
S03002,1,2026-03-15,Paid Search,Desktop,/features
S03003,1,2026-01-27,Organic Search,Mobile,/contact
S03004,1,2026-03-09,Social,Mobile,/products
S03005,1,2026-01-19,Organic Search,Desktop,/features
S03006,1,2026-03-23,Social,Desktop,/blog
S03006,2,2026-03-23,Social,Desktop,/features
S03006,3,2026-03-23,Social,Desktop,/contact
S03007,1,2026-03-10,Paid Search,Mobile,/features
S03007,2,2026-03-10,Paid Search,Mobile,/products
S03007,3,2026-03-10,Paid Search,Mobile,/blog
S03008,1,2026-03-05,Organic Search,Desktop,/products
S03008,2,2026-03-05,Organic Search,Desktop,/pricing
S03008,3,2026-03-05,Organic Search,Desktop,/features
S03008,4,2026-03-05,Organic Search,Desktop,/blog
S03008,5,2026-03-05,Organic Search,Desktop,/contact
S03009,1,2026-02-03,Organic Search,Desktop,/
S03009,2,2026-02-03,Organic Search,Desktop,/features
S03010,1,2026-01-15,Social,Desktop,/
S03010,2,2026-01-15,Social,Desktop,/features
S03010,3,2026-01-15,Social,Desktop,/blog
S03010,4,2026-01-15,Social,Desktop,/contact
S03010,5,2026-01-15,Social,Desktop,/products
S03011,1,2026-02-27,Organic Search,Tablet,/blog
S03012,1,2026-02-03,Email,Desktop,/features
S03013,1,2026-03-01,Social,Desktop,/pricing
S03013,2,2026-03-01,Social,Desktop,/products
S03013,3,2026-03-01,Social,Desktop,/pricing
S03013,4,2026-03-01,Social,Desktop,/signup
S03013,5,2026-03-01,Social,Desktop,/thank-you
S03013,6,2026-03-01,Social,Desktop,/features
S03014,1,2026-01-09,Paid Search,Mobile,/
S03014,2,2026-01-09,Paid Search,Mobile,/features
S03014,3,2026-01-09,Paid Search,Mobile,/blog
S03014,4,2026-01-09,Paid Search,Mobile,/contact
S03014,5,2026-01-09,Paid Search,Mobile,/products
S03014,6,2026-01-09,Paid Search,Mobile,/pricing
S03015,1,2026-01-24,Organic Search,Mobile,/
S03016,1,2026-02-14,Paid Search,Mobile,/blog
S03017,1,2026-02-18,Referral,Desktop,/features
S03018,1,2026-01-23,Organic Search,Desktop,/products
S03018,2,2026-01-23,Organic Search,Desktop,/features
S03018,3,2026-01-23,Organic Search,Desktop,/blog
S03018,4,2026-01-23,Organic Search,Desktop,/contact
S03018,5,2026-01-23,Organic Search,Desktop,/pricing
S03019,1,2026-02-13,Direct,Mobile,/blog
S03019,2,2026-02-13,Direct,Mobile,/features
S03019,3,2026-02-13,Direct,Mobile,/contact
S03020,1,2026-03-06,Organic Search,Desktop,/pricing
S03021,1,2026-01-02,Direct,Mobile,/features
S03021,2,2026-01-02,Direct,Mobile,/products
S03021,3,2026-01-02,Direct,Mobile,/blog
S03021,4,2026-01-02,Direct,Mobile,/contact
S03022,1,2026-01-08,Social,Mobile,/features
S03023,1,2026-02-16,Direct,Desktop,/products
S03023,2,2026-02-16,Direct,Desktop,/pricing
S03023,3,2026-02-16,Direct,Desktop,/signup
S03023,4,2026-02-16,Direct,Desktop,/thank-you
S03024,1,2026-01-07,Paid Search,Mobile,/blog
S03024,2,2026-01-07,Paid Search,Mobile,/features
S03024,3,2026-01-07,Paid Search,Mobile,/contact
S03025,1,2026-01-07,Organic Search,Mobile,/features
S03026,1,2026-03-27,Organic Search,Mobile,/contact
S03027,1,2026-01-18,Organic Search,Mobile,/pricing
S03028,1,2026-03-18,Email,Desktop,/
S03028,2,2026-03-18,Email,Desktop,/features
S03028,3,2026-03-18,Email,Desktop,/blog
S03028,4,2026-03-18,Email,Desktop,/contact
S03028,5,2026-03-18,Email,Desktop,/products
S03029,1,2026-02-07,Paid Search,Tablet,/pricing
S03029,2,2026-02-07,Paid Search,Tablet,/products
S03029,3,2026-02-07,Paid Search,Tablet,/pricing
S03029,4,2026-02-07,Paid Search,Tablet,/signup
S03029,5,2026-02-07,Paid Search,Tablet,/thank-you
S03030,1,2026-02-01,Direct,Desktop,/blog
S03031,1,2026-02-26,Social,Desktop,/products
S03031,2,2026-02-26,Social,Desktop,/features
S03031,3,2026-02-26,Social,Desktop,/blog
S03032,1,2026-01-01,Organic Search,Mobile,/contact
S03032,2,2026-01-01,Organic Search,Mobile,/products
S03032,3,2026-01-01,Organic Search,Mobile,/features
S03032,4,2026-01-01,Organic Search,Mobile,/blog
S03032,5,2026-01-01,Organic Search,Mobile,/pricing
S03033,1,2026-01-28,Organic Search,Mobile,/products
S03034,1,2026-01-26,Organic Search,Mobile,/features
S03035,1,2026-01-01,Referral,Mobile,/products
S03035,2,2026-01-01,Referral,Mobile,/features
S03035,3,2026-01-01,Referral,Mobile,/blog
S03035,4,2026-01-01,Referral,Mobile,/contact
S03035,5,2026-01-01,Referral,Mobile,/pricing
S03036,1,2026-01-23,Paid Search,Desktop,/
S03037,1,2026-01-31,Paid Search,Mobile,/pricing
S03037,2,2026-01-31,Paid Search,Mobile,/products
S03037,3,2026-01-31,Paid Search,Mobile,/pricing
S03037,4,2026-01-31,Paid Search,Mobile,/signup
S03037,5,2026-01-31,Paid Search,Mobile,/thank-you
S03038,1,2026-03-08,Organic Search,Mobile,/blog
S03038,2,2026-03-08,Organic Search,Mobile,/products
S03038,3,2026-03-08,Organic Search,Mobile,/features
S03038,4,2026-03-08,Organic Search,Mobile,/contact
S03038,5,2026-03-08,Organic Search,Mobile,/pricing
S03039,1,2026-02-06,Organic Search,Mobile,/features
S03040,1,2026-02-12,Paid Search,Desktop,/pricing
S03041,1,2026-01-19,Direct,Mobile,/
S03042,1,2026-02-21,Referral,Mobile,/contact
S03042,2,2026-02-21,Referral,Mobile,/features
S03043,1,2026-03-23,Social,Desktop,/pricing
S03044,1,2026-03-22,Direct,Mobile,/products
S03044,2,2026-03-22,Direct,Mobile,/pricing
S03045,1,2026-03-26,Social,Desktop,/features
S03045,2,2026-03-26,Social,Desktop,/products
S03045,3,2026-03-26,Social,Desktop,/pricing
S03045,4,2026-03-26,Social,Desktop,/signup
S03046,1,2026-02-07,Referral,Mobile,/
S03046,2,2026-02-07,Referral,Mobile,/features
S03046,3,2026-02-07,Referral,Mobile,/blog
S03047,1,2026-03-19,Direct,Desktop,/
S03048,1,2026-01-01,Paid Search,Tablet,/pricing
S03049,1,2026-02-11,Email,Mobile,/blog
S03049,2,2026-02-11,Email,Mobile,/features
S03049,3,2026-02-11,Email,Mobile,/contact
S03050,1,2026-03-27,Organic Search,Desktop,/pricing
S03050,2,2026-03-27,Organic Search,Desktop,/products
S03050,3,2026-03-27,Organic Search,Desktop,/pricing
S03051,1,2026-02-22,Email,Mobile,/contact
S03051,2,2026-02-22,Email,Mobile,/products
S03051,3,2026-02-22,Email,Mobile,/pricing
S03052,1,2026-02-17,Organic Search,Desktop,/products
S03052,2,2026-02-17,Organic Search,Desktop,/features
S03052,3,2026-02-17,Organic Search,Desktop,/blog
S03053,1,2026-03-30,Paid Search,Desktop,/contact
S03053,2,2026-03-30,Paid Search,Desktop,/features
S03053,3,2026-03-30,Paid Search,Desktop,/blog
S03053,4,2026-03-30,Paid Search,Desktop,/products
S03054,1,2026-01-11,Social,Desktop,/
S03054,2,2026-01-11,Social,Desktop,/features
S03054,3,2026-01-11,Social,Desktop,/blog
S03055,1,2026-03-12,Paid Search,Desktop,/
S03056,1,2026-03-17,Direct,Desktop,/products
S03056,2,2026-03-17,Direct,Desktop,/pricing
S03056,3,2026-03-17,Direct,Desktop,/features
S03056,4,2026-03-17,Direct,Desktop,/blog
S03056,5,2026-03-17,Direct,Desktop,/contact
S03057,1,2026-02-28,Paid Search,Mobile,/
S03058,1,2026-01-18,Organic Search,Mobile,/pricing
S03058,2,2026-01-18,Organic Search,Mobile,/products
S03059,1,2026-03-30,Organic Search,Desktop,/features
S03060,1,2026-03-05,Organic Search,Desktop,/features
S03060,2,2026-03-05,Organic Search,Desktop,/products
S03060,3,2026-03-05,Organic Search,Desktop,/pricing
S03061,1,2026-02-28,Paid Search,Desktop,/blog
S03062,1,2026-01-31,Direct,Mobile,/
S03062,2,2026-01-31,Direct,Mobile,/products
S03062,3,2026-01-31,Direct,Mobile,/pricing
S03062,4,2026-01-31,Direct,Mobile,/features
S03063,1,2026-01-04,Organic Search,Mobile,/features
S03063,2,2026-01-04,Organic Search,Mobile,/products
S03063,3,2026-01-04,Organic Search,Mobile,/blog
S03063,4,2026-01-04,Organic Search,Mobile,/contact
S03064,1,2026-03-26,Email,Desktop,/products
S03064,2,2026-03-26,Email,Desktop,/pricing
S03064,3,2026-03-26,Email,Desktop,/features
S03064,4,2026-03-26,Email,Desktop,/blog
S03064,5,2026-03-26,Email,Desktop,/contact
S03065,1,2026-03-16,Direct,Desktop,/blog
S03066,1,2026-02-21,Direct,Mobile,/blog
S03066,2,2026-02-21,Direct,Mobile,/products
S03066,3,2026-02-21,Direct,Mobile,/pricing
S03066,4,2026-02-21,Direct,Mobile,/signup
S03066,5,2026-02-21,Direct,Mobile,/features
S03066,6,2026-02-21,Direct,Mobile,/contact
S03067,1,2026-02-03,Direct,Mobile,/
S03067,2,2026-02-03,Direct,Mobile,/products
S03067,3,2026-02-03,Direct,Mobile,/features
S03067,4,2026-02-03,Direct,Mobile,/blog
S03067,5,2026-02-03,Direct,Mobile,/contact
S03067,6,2026-02-03,Direct,Mobile,/pricing
S03068,1,2026-01-26,Organic Search,Mobile,/pricing
S03069,1,2026-01-31,Social,Mobile,/contact
S03070,1,2026-02-02,Direct,Tablet,/products
S03070,2,2026-02-02,Direct,Tablet,/features
S03070,3,2026-02-02,Direct,Tablet,/blog
S03071,1,2026-02-08,Organic Search,Mobile,/blog
S03071,2,2026-02-08,Organic Search,Mobile,/products
S03071,3,2026-02-08,Organic Search,Mobile,/features
S03071,4,2026-02-08,Organic Search,Mobile,/contact
S03071,5,2026-02-08,Organic Search,Mobile,/pricing
S03072,1,2026-02-12,Referral,Mobile,/contact
S03072,2,2026-02-12,Referral,Mobile,/features
S03072,3,2026-02-12,Referral,Mobile,/blog
S03072,4,2026-02-12,Referral,Mobile,/products
S03072,5,2026-02-12,Referral,Mobile,/pricing
S03073,1,2026-01-03,Social,Mobile,/products
S03074,1,2026-03-22,Social,Mobile,/products
S03075,1,2026-02-01,Email,Tablet,/pricing
S03076,1,2026-02-08,Email,Mobile,/features
S03076,2,2026-02-08,Email,Mobile,/products
S03077,1,2026-03-27,Direct,Mobile,/pricing
S03077,2,2026-03-27,Direct,Mobile,/products
S03077,3,2026-03-27,Direct,Mobile,/pricing
S03077,4,2026-03-27,Direct,Mobile,/signup
S03077,5,2026-03-27,Direct,Mobile,/thank-you
S03078,1,2026-02-22,Paid Search,Mobile,/pricing
S03078,2,2026-02-22,Paid Search,Mobile,/products
S03078,3,2026-02-22,Paid Search,Mobile,/features
S03078,4,2026-02-22,Paid Search,Mobile,/blog
S03078,5,2026-02-22,Paid Search,Mobile,/contact
S03079,1,2026-01-30,Paid Search,Tablet,/products
S03079,2,2026-01-30,Paid Search,Tablet,/features
S03080,1,2026-01-17,Organic Search,Tablet,/contact
S03081,1,2026-02-01,Organic Search,Mobile,/features
S03081,2,2026-02-01,Organic Search,Mobile,/products
S03081,3,2026-02-01,Organic Search,Mobile,/pricing
S03081,4,2026-02-01,Organic Search,Mobile,/signup
S03081,5,2026-02-01,Organic Search,Mobile,/thank-you
S03081,6,2026-02-01,Organic Search,Mobile,/blog
S03082,1,2026-01-18,Organic Search,Desktop,/blog
S03083,1,2026-02-25,Paid Search,Mobile,/contact
S03084,1,2026-01-12,Social,Mobile,/blog
S03085,1,2026-01-05,Social,Mobile,/contact
S03086,1,2026-01-17,Organic Search,Desktop,/
S03086,2,2026-01-17,Organic Search,Desktop,/features
S03086,3,2026-01-17,Organic Search,Desktop,/blog
S03086,4,2026-01-17,Organic Search,Desktop,/contact
S03086,5,2026-01-17,Organic Search,Desktop,/products
S03087,1,2026-02-15,Organic Search,Desktop,/products
S03087,2,2026-02-15,Organic Search,Desktop,/pricing
S03088,1,2026-01-31,Direct,Mobile,/features
S03088,2,2026-01-31,Direct,Mobile,/products
S03088,3,2026-01-31,Direct,Mobile,/pricing
S03089,1,2026-03-20,Direct,Mobile,/products
S03089,2,2026-03-20,Direct,Mobile,/pricing
S03090,1,2026-01-29,Email,Mobile,/products
S03091,1,2026-01-16,Email,Mobile,/blog
S03091,2,2026-01-16,Email,Mobile,/features
S03091,3,2026-01-16,Email,Mobile,/contact
S03091,4,2026-01-16,Email,Mobile,/products
S03092,1,2026-03-09,Email,Mobile,/blog
S03092,2,2026-03-09,Email,Mobile,/features
S03092,3,2026-03-09,Email,Mobile,/contact
S03092,4,2026-03-09,Email,Mobile,/products
S03092,5,2026-03-09,Email,Mobile,/pricing
S03093,1,2026-03-04,Email,Mobile,/products
S03094,1,2026-02-27,Referral,Tablet,/products
S03094,2,2026-02-27,Referral,Tablet,/features
S03095,1,2026-02-14,Direct,Mobile,/products
S03096,1,2026-01-24,Organic Search,Desktop,/
S03096,2,2026-01-24,Organic Search,Desktop,/features
S03096,3,2026-01-24,Organic Search,Desktop,/blog
S03096,4,2026-01-24,Organic Search,Desktop,/contact
S03096,5,2026-01-24,Organic Search,Desktop,/products
S03096,6,2026-01-24,Organic Search,Desktop,/pricing
S03097,1,2026-03-07,Organic Search,Mobile,/products
S03097,2,2026-03-07,Organic Search,Mobile,/pricing
S03097,3,2026-03-07,Organic Search,Mobile,/features
S03098,1,2026-01-24,Direct,Mobile,/pricing
S03099,1,2026-02-13,Organic Search,Mobile,/features
S03099,2,2026-02-13,Organic Search,Mobile,/products
S03099,3,2026-02-13,Organic Search,Mobile,/pricing
S03099,4,2026-02-13,Organic Search,Mobile,/signup
S03099,5,2026-02-13,Organic Search,Mobile,/blog
S03099,6,2026-02-13,Organic Search,Mobile,/contact
S03100,1,2026-01-26,Organic Search,Desktop,/products
S03100,2,2026-01-26,Organic Search,Desktop,/features
S03100,3,2026-01-26,Organic Search,Desktop,/blog
S03100,4,2026-01-26,Organic Search,Desktop,/contact
S03100,5,2026-01-26,Organic Search,Desktop,/pricing
S03101,1,2026-02-12,Referral,Mobile,/products
S03102,1,2026-02-05,Organic Search,Mobile,/blog
S03102,2,2026-02-05,Organic Search,Mobile,/features
S03102,3,2026-02-05,Organic Search,Mobile,/contact
S03102,4,2026-02-05,Organic Search,Mobile,/products
S03102,5,2026-02-05,Organic Search,Mobile,/pricing
S03103,1,2026-01-07,Referral,Desktop,/
S03103,2,2026-01-07,Referral,Desktop,/features
S03103,3,2026-01-07,Referral,Desktop,/blog
S03103,4,2026-01-07,Referral,Desktop,/contact
S03103,5,2026-01-07,Referral,Desktop,/products
S03104,1,2026-02-16,Social,Desktop,/products
S03104,2,2026-02-16,Social,Desktop,/pricing
S03104,3,2026-02-16,Social,Desktop,/features
S03104,4,2026-02-16,Social,Desktop,/blog
S03104,5,2026-02-16,Social,Desktop,/contact
S03105,1,2026-02-21,Paid Search,Desktop,/products
S03106,1,2026-03-03,Paid Search,Mobile,/blog
S03107,1,2026-03-02,Direct,Mobile,/
S03108,1,2026-02-21,Paid Search,Desktop,/pricing
S03109,1,2026-02-25,Organic Search,Desktop,/blog
S03110,1,2026-01-29,Referral,Desktop,/features
S03111,1,2026-01-23,Organic Search,Mobile,/blog
S03112,1,2026-02-15,Organic Search,Mobile,/contact
S03113,1,2026-01-17,Paid Search,Desktop,/blog
S03113,2,2026-01-17,Paid Search,Desktop,/features
S03113,3,2026-01-17,Paid Search,Desktop,/contact
S03114,1,2026-03-20,Paid Search,Desktop,/products
S03115,1,2026-03-22,Direct,Mobile,/products
S03116,1,2026-02-21,Paid Search,Desktop,/
S03116,2,2026-02-21,Paid Search,Desktop,/products
S03116,3,2026-02-21,Paid Search,Desktop,/features
S03116,4,2026-02-21,Paid Search,Desktop,/blog
S03117,1,2026-03-08,Organic Search,Desktop,/products
S03117,2,2026-03-08,Organic Search,Desktop,/features
S03118,1,2026-01-10,Paid Search,Mobile,/
S03119,1,2026-02-03,Organic Search,Mobile,/products
S03120,1,2026-02-15,Organic Search,Desktop,/blog
S03121,1,2026-01-10,Organic Search,Mobile,/blog
S03121,2,2026-01-10,Organic Search,Mobile,/features
S03121,3,2026-01-10,Organic Search,Mobile,/contact
S03121,4,2026-01-10,Organic Search,Mobile,/products
S03121,5,2026-01-10,Organic Search,Mobile,/pricing
S03122,1,2026-03-28,Direct,Mobile,/products
S03122,2,2026-03-28,Direct,Mobile,/pricing
S03123,1,2026-03-29,Direct,Desktop,/pricing
S03124,1,2026-02-19,Direct,Mobile,/products
S03124,2,2026-02-19,Direct,Mobile,/pricing
S03124,3,2026-02-19,Direct,Mobile,/features
S03125,1,2026-03-31,Organic Search,Desktop,/pricing
S03125,2,2026-03-31,Organic Search,Desktop,/products
S03125,3,2026-03-31,Organic Search,Desktop,/pricing
S03125,4,2026-03-31,Organic Search,Desktop,/signup
S03125,5,2026-03-31,Organic Search,Desktop,/thank-you
S03126,1,2026-01-13,Organic Search,Mobile,/pricing
S03127,1,2026-03-06,Direct,Mobile,/products
S03128,1,2026-03-15,Organic Search,Desktop,/products
S03128,2,2026-03-15,Organic Search,Desktop,/features
S03128,3,2026-03-15,Organic Search,Desktop,/blog
S03129,1,2026-01-18,Paid Search,Desktop,/contact
S03130,1,2026-01-26,Referral,Mobile,/pricing
S03131,1,2026-01-30,Direct,Desktop,/pricing
S03131,2,2026-01-30,Direct,Desktop,/products
S03131,3,2026-01-30,Direct,Desktop,/pricing
S03132,1,2026-02-03,Email,Desktop,/
S03132,2,2026-02-03,Email,Desktop,/features
S03133,1,2026-01-27,Organic Search,Desktop,/products
S03133,2,2026-01-27,Organic Search,Desktop,/pricing
S03133,3,2026-01-27,Organic Search,Desktop,/signup
S03133,4,2026-01-27,Organic Search,Desktop,/thank-you
S03133,5,2026-01-27,Organic Search,Desktop,/features
S03133,6,2026-01-27,Organic Search,Desktop,/blog
S03134,1,2026-03-29,Organic Search,Desktop,/products
S03134,2,2026-03-29,Organic Search,Desktop,/features
S03134,3,2026-03-29,Organic Search,Desktop,/blog
S03134,4,2026-03-29,Organic Search,Desktop,/contact
S03135,1,2026-01-11,Social,Mobile,/contact
S03136,1,2026-01-18,Social,Mobile,/
S03137,1,2026-02-13,Email,Mobile,/products
S03137,2,2026-02-13,Email,Mobile,/features
S03137,3,2026-02-13,Email,Mobile,/blog
S03137,4,2026-02-13,Email,Mobile,/contact
S03137,5,2026-02-13,Email,Mobile,/pricing
S03138,1,2026-02-02,Organic Search,Mobile,/contact
S03139,1,2026-03-14,Social,Desktop,/pricing
S03140,1,2026-03-28,Direct,Mobile,/products
S03141,1,2026-01-30,Organic Search,Mobile,/blog
S03141,2,2026-01-30,Organic Search,Mobile,/products
S03141,3,2026-01-30,Organic Search,Mobile,/pricing
S03142,1,2026-03-22,Organic Search,Mobile,/pricing
S03142,2,2026-03-22,Organic Search,Mobile,/products
S03142,3,2026-03-22,Organic Search,Mobile,/pricing
S03142,4,2026-03-22,Organic Search,Mobile,/signup
S03142,5,2026-03-22,Organic Search,Mobile,/thank-you
S03143,1,2026-02-28,Referral,Mobile,/contact
S03144,1,2026-01-02,Organic Search,Mobile,/
S03144,2,2026-01-02,Organic Search,Mobile,/features
S03144,3,2026-01-02,Organic Search,Mobile,/blog
S03145,1,2026-01-01,Social,Desktop,/features
S03145,2,2026-01-01,Social,Desktop,/products
S03145,3,2026-01-01,Social,Desktop,/pricing
S03145,4,2026-01-01,Social,Desktop,/signup
S03145,5,2026-01-01,Social,Desktop,/thank-you
S03146,1,2026-03-11,Paid Search,Desktop,/products
S03147,1,2026-01-05,Social,Mobile,/features
S03148,1,2026-01-10,Paid Search,Mobile,/features
S03148,2,2026-01-10,Paid Search,Mobile,/products
S03148,3,2026-01-10,Paid Search,Mobile,/blog
S03148,4,2026-01-10,Paid Search,Mobile,/contact
S03148,5,2026-01-10,Paid Search,Mobile,/pricing
S03149,1,2026-03-07,Email,Desktop,/features
S03149,2,2026-03-07,Email,Desktop,/products
S03149,3,2026-03-07,Email,Desktop,/pricing
S03149,4,2026-03-07,Email,Desktop,/blog
S03150,1,2026-02-22,Organic Search,Mobile,/features
S03151,1,2026-02-13,Organic Search,Mobile,/blog
S03152,1,2026-03-05,Paid Search,Mobile,/
S03152,2,2026-03-05,Paid Search,Mobile,/products
S03152,3,2026-03-05,Paid Search,Mobile,/pricing
S03152,4,2026-03-05,Paid Search,Mobile,/signup
S03153,1,2026-01-09,Direct,Mobile,/
S03154,1,2026-02-14,Organic Search,Desktop,/products
S03154,2,2026-02-14,Organic Search,Desktop,/pricing
S03154,3,2026-02-14,Organic Search,Desktop,/features
S03154,4,2026-02-14,Organic Search,Desktop,/blog
S03155,1,2026-01-27,Organic Search,Desktop,/pricing
S03155,2,2026-01-27,Organic Search,Desktop,/products
S03155,3,2026-01-27,Organic Search,Desktop,/pricing
S03155,4,2026-01-27,Organic Search,Desktop,/signup
S03156,1,2026-03-31,Direct,Tablet,/products
S03156,2,2026-03-31,Direct,Tablet,/features
S03156,3,2026-03-31,Direct,Tablet,/blog
S03156,4,2026-03-31,Direct,Tablet,/contact
S03157,1,2026-01-01,Organic Search,Desktop,/blog
S03158,1,2026-02-15,Organic Search,Mobile,/blog
S03159,1,2026-01-04,Email,Mobile,/contact
S03160,1,2026-01-13,Organic Search,Mobile,/products
S03161,1,2026-01-31,Referral,Mobile,/features
S03162,1,2026-01-04,Referral,Mobile,/blog
S03163,1,2026-02-27,Organic Search,Mobile,/contact
S03164,1,2026-03-02,Paid Search,Mobile,/features
S03164,2,2026-03-02,Paid Search,Mobile,/products
S03164,3,2026-03-02,Paid Search,Mobile,/pricing
S03164,4,2026-03-02,Paid Search,Mobile,/blog
S03165,1,2026-03-14,Paid Search,Mobile,/products
S03166,1,2026-02-07,Paid Search,Desktop,/
S03167,1,2026-02-22,Organic Search,Desktop,/contact
S03168,1,2026-03-02,Organic Search,Tablet,/blog
S03168,2,2026-03-02,Organic Search,Tablet,/features
S03168,3,2026-03-02,Organic Search,Tablet,/contact
S03168,4,2026-03-02,Organic Search,Tablet,/products
S03168,5,2026-03-02,Organic Search,Tablet,/pricing
S03169,1,2026-03-17,Organic Search,Mobile,/features
S03170,1,2026-02-28,Paid Search,Mobile,/features
S03170,2,2026-02-28,Paid Search,Mobile,/products
S03170,3,2026-02-28,Paid Search,Mobile,/pricing
S03170,4,2026-02-28,Paid Search,Mobile,/blog
S03170,5,2026-02-28,Paid Search,Mobile,/contact
S03171,1,2026-01-11,Referral,Tablet,/blog
S03172,1,2026-02-04,Paid Search,Desktop,/blog
S03172,2,2026-02-04,Paid Search,Desktop,/features
S03172,3,2026-02-04,Paid Search,Desktop,/contact
S03173,1,2026-01-09,Paid Search,Desktop,/contact
S03173,2,2026-01-09,Paid Search,Desktop,/features
S03173,3,2026-01-09,Paid Search,Desktop,/blog
S03173,4,2026-01-09,Paid Search,Desktop,/products
S03174,1,2026-02-03,Referral,Mobile,/features
S03174,2,2026-02-03,Referral,Mobile,/products
S03174,3,2026-02-03,Referral,Mobile,/pricing
S03175,1,2026-02-14,Paid Search,Mobile,/products
S03175,2,2026-02-14,Paid Search,Mobile,/pricing
S03175,3,2026-02-14,Paid Search,Mobile,/signup
S03175,4,2026-02-14,Paid Search,Mobile,/thank-you
S03176,1,2026-02-13,Organic Search,Desktop,/
S03176,2,2026-02-13,Organic Search,Desktop,/features
S03177,1,2026-01-12,Email,Desktop,/
S03178,1,2026-02-11,Direct,Mobile,/pricing
S03179,1,2026-01-02,Organic Search,Mobile,/features
S03179,2,2026-01-02,Organic Search,Mobile,/products
S03179,3,2026-01-02,Organic Search,Mobile,/pricing
S03179,4,2026-01-02,Organic Search,Mobile,/signup
S03179,5,2026-01-02,Organic Search,Mobile,/blog
S03180,1,2026-01-20,Direct,Mobile,/features
S03180,2,2026-01-20,Direct,Mobile,/products
S03180,3,2026-01-20,Direct,Mobile,/pricing
S03180,4,2026-01-20,Direct,Mobile,/signup
S03181,1,2026-03-10,Referral,Mobile,/products
S03181,2,2026-03-10,Referral,Mobile,/pricing
S03181,3,2026-03-10,Referral,Mobile,/features
S03182,1,2026-01-02,Organic Search,Desktop,/products
S03183,1,2026-02-10,Direct,Mobile,/pricing
S03183,2,2026-02-10,Direct,Mobile,/products
S03183,3,2026-02-10,Direct,Mobile,/pricing
S03183,4,2026-02-10,Direct,Mobile,/features
S03183,5,2026-02-10,Direct,Mobile,/blog
S03184,1,2026-03-16,Organic Search,Mobile,/features
S03184,2,2026-03-16,Organic Search,Mobile,/products
S03184,3,2026-03-16,Organic Search,Mobile,/blog
S03184,4,2026-03-16,Organic Search,Mobile,/contact
S03184,5,2026-03-16,Organic Search,Mobile,/pricing
S03185,1,2026-01-04,Organic Search,Mobile,/blog
S03185,2,2026-01-04,Organic Search,Mobile,/features
S03185,3,2026-01-04,Organic Search,Mobile,/contact
S03185,4,2026-01-04,Organic Search,Mobile,/products
S03186,1,2026-03-17,Organic Search,Desktop,/
S03187,1,2026-03-16,Social,Mobile,/products
S03188,1,2026-03-08,Email,Mobile,/pricing
S03188,2,2026-03-08,Email,Mobile,/products
S03188,3,2026-03-08,Email,Mobile,/features
S03188,4,2026-03-08,Email,Mobile,/blog
S03188,5,2026-03-08,Email,Mobile,/contact
S03189,1,2026-01-21,Organic Search,Desktop,/pricing
S03189,2,2026-01-21,Organic Search,Desktop,/products
S03189,3,2026-01-21,Organic Search,Desktop,/pricing
S03189,4,2026-01-21,Organic Search,Desktop,/signup
S03189,5,2026-01-21,Organic Search,Desktop,/thank-you
S03190,1,2026-02-05,Organic Search,Desktop,/features
S03190,2,2026-02-05,Organic Search,Desktop,/products
S03190,3,2026-02-05,Organic Search,Desktop,/pricing
S03190,4,2026-02-05,Organic Search,Desktop,/signup
S03191,1,2026-03-06,Organic Search,Desktop,/contact
S03191,2,2026-03-06,Organic Search,Desktop,/features
S03191,3,2026-03-06,Organic Search,Desktop,/blog
S03191,4,2026-03-06,Organic Search,Desktop,/products
S03191,5,2026-03-06,Organic Search,Desktop,/pricing
S03192,1,2026-02-16,Organic Search,Desktop,/
S03193,1,2026-01-27,Direct,Mobile,/products
S03194,1,2026-01-04,Paid Search,Desktop,/products
S03194,2,2026-01-04,Paid Search,Desktop,/pricing
S03194,3,2026-01-04,Paid Search,Desktop,/signup
S03194,4,2026-01-04,Paid Search,Desktop,/thank-you
S03195,1,2026-03-09,Paid Search,Desktop,/products
S03196,1,2026-03-27,Direct,Mobile,/products
S03197,1,2026-03-21,Direct,Desktop,/
S03198,1,2026-01-29,Organic Search,Mobile,/
S03199,1,2026-03-03,Organic Search,Mobile,/features
S03199,2,2026-03-03,Organic Search,Mobile,/products
S03200,1,2026-03-03,Referral,Mobile,/
S03201,1,2026-02-21,Social,Mobile,/features
S03202,1,2026-02-10,Referral,Tablet,/products
S03202,2,2026-02-10,Referral,Tablet,/features
S03202,3,2026-02-10,Referral,Tablet,/blog
S03203,1,2026-03-04,Email,Mobile,/products
S03204,1,2026-01-07,Paid Search,Desktop,/
S03204,2,2026-01-07,Paid Search,Desktop,/products
S03204,3,2026-01-07,Paid Search,Desktop,/pricing
S03204,4,2026-01-07,Paid Search,Desktop,/features
S03205,1,2026-02-22,Referral,Mobile,/
S03205,2,2026-02-22,Referral,Mobile,/products
S03205,3,2026-02-22,Referral,Mobile,/pricing
S03206,1,2026-03-04,Direct,Mobile,/products
S03206,2,2026-03-04,Direct,Mobile,/pricing
S03207,1,2026-02-13,Organic Search,Mobile,/features
S03207,2,2026-02-13,Organic Search,Mobile,/products
S03207,3,2026-02-13,Organic Search,Mobile,/pricing
S03207,4,2026-02-13,Organic Search,Mobile,/blog
S03207,5,2026-02-13,Organic Search,Mobile,/contact
S03208,1,2026-01-22,Organic Search,Mobile,/features
S03208,2,2026-01-22,Organic Search,Mobile,/products
S03208,3,2026-01-22,Organic Search,Mobile,/blog
S03208,4,2026-01-22,Organic Search,Mobile,/contact
S03209,1,2026-02-01,Organic Search,Desktop,/
S03209,2,2026-02-01,Organic Search,Desktop,/features
S03209,3,2026-02-01,Organic Search,Desktop,/blog
S03209,4,2026-02-01,Organic Search,Desktop,/contact
S03210,1,2026-02-26,Organic Search,Tablet,/
S03210,2,2026-02-26,Organic Search,Tablet,/products
S03210,3,2026-02-26,Organic Search,Tablet,/features
S03210,4,2026-02-26,Organic Search,Tablet,/blog
S03210,5,2026-02-26,Organic Search,Tablet,/contact
S03210,6,2026-02-26,Organic Search,Tablet,/pricing
S03211,1,2026-03-27,Direct,Mobile,/
S03212,1,2026-03-17,Paid Search,Tablet,/blog
S03212,2,2026-03-17,Paid Search,Tablet,/features
S03212,3,2026-03-17,Paid Search,Tablet,/contact
S03212,4,2026-03-17,Paid Search,Tablet,/products
S03212,5,2026-03-17,Paid Search,Tablet,/pricing
S03213,1,2026-02-27,Social,Desktop,/products
S03214,1,2026-02-02,Paid Search,Desktop,/products
S03215,1,2026-02-19,Organic Search,Mobile,/features
S03216,1,2026-03-19,Social,Mobile,/features
S03216,2,2026-03-19,Social,Mobile,/products
S03216,3,2026-03-19,Social,Mobile,/blog
S03216,4,2026-03-19,Social,Mobile,/contact
S03216,5,2026-03-19,Social,Mobile,/pricing
S03217,1,2026-02-11,Direct,Desktop,/blog
S03218,1,2026-02-03,Organic Search,Mobile,/
S03218,2,2026-02-03,Organic Search,Mobile,/features
S03218,3,2026-02-03,Organic Search,Mobile,/blog
S03218,4,2026-02-03,Organic Search,Mobile,/contact
S03219,1,2026-03-28,Organic Search,Mobile,/products
S03219,2,2026-03-28,Organic Search,Mobile,/pricing
S03220,1,2026-02-03,Direct,Desktop,/products
S03220,2,2026-02-03,Direct,Desktop,/features
S03221,1,2026-02-08,Organic Search,Mobile,/blog
S03222,1,2026-03-22,Social,Desktop,/features
S03222,2,2026-03-22,Social,Desktop,/products
S03222,3,2026-03-22,Social,Desktop,/pricing
S03222,4,2026-03-22,Social,Desktop,/signup
S03222,5,2026-03-22,Social,Desktop,/blog
S03222,6,2026-03-22,Social,Desktop,/contact
S03223,1,2026-01-29,Social,Mobile,/
S03224,1,2026-03-06,Paid Search,Desktop,/features
S03224,2,2026-03-06,Paid Search,Desktop,/products
S03224,3,2026-03-06,Paid Search,Desktop,/blog
S03224,4,2026-03-06,Paid Search,Desktop,/contact
S03224,5,2026-03-06,Paid Search,Desktop,/pricing
S03225,1,2026-02-13,Organic Search,Mobile,/pricing
S03226,1,2026-02-23,Social,Mobile,/features
S03227,1,2026-02-23,Paid Search,Desktop,/
S03228,1,2026-01-13,Organic Search,Mobile,/products
S03228,2,2026-01-13,Organic Search,Mobile,/features
S03229,1,2026-02-07,Paid Search,Desktop,/
S03229,2,2026-02-07,Paid Search,Desktop,/features
S03229,3,2026-02-07,Paid Search,Desktop,/blog
S03229,4,2026-02-07,Paid Search,Desktop,/contact
S03230,1,2026-01-05,Direct,Desktop,/blog
S03231,1,2026-02-10,Direct,Mobile,/
S03232,1,2026-03-06,Organic Search,Mobile,/products
S03232,2,2026-03-06,Organic Search,Mobile,/pricing
S03233,1,2026-02-21,Direct,Desktop,/features
S03233,2,2026-02-21,Direct,Desktop,/products
S03233,3,2026-02-21,Direct,Desktop,/pricing
S03233,4,2026-02-21,Direct,Desktop,/signup
S03234,1,2026-02-07,Organic Search,Desktop,/blog
S03235,1,2026-01-25,Organic Search,Desktop,/blog
S03235,2,2026-01-25,Organic Search,Desktop,/features
S03235,3,2026-01-25,Organic Search,Desktop,/contact
S03236,1,2026-01-07,Organic Search,Mobile,/blog
S03237,1,2026-01-30,Referral,Desktop,/blog
S03237,2,2026-01-30,Referral,Desktop,/features
S03237,3,2026-01-30,Referral,Desktop,/contact
S03238,1,2026-01-07,Organic Search,Mobile,/blog
S03238,2,2026-01-07,Organic Search,Mobile,/features
S03238,3,2026-01-07,Organic Search,Mobile,/contact
S03238,4,2026-01-07,Organic Search,Mobile,/products
S03239,1,2026-03-25,Direct,Desktop,/products
S03239,2,2026-03-25,Direct,Desktop,/pricing
S03239,3,2026-03-25,Direct,Desktop,/signup
S03239,4,2026-03-25,Direct,Desktop,/thank-you
S03240,1,2026-01-02,Direct,Mobile,/
S03240,2,2026-01-02,Direct,Mobile,/products
S03240,3,2026-01-02,Direct,Mobile,/pricing
S03240,4,2026-01-02,Direct,Mobile,/features
S03241,1,2026-01-26,Email,Mobile,/pricing
S03241,2,2026-01-26,Email,Mobile,/products
S03242,1,2026-02-15,Paid Search,Tablet,/
S03243,1,2026-02-02,Email,Tablet,/pricing
S03243,2,2026-02-02,Email,Tablet,/products
S03244,1,2026-03-12,Organic Search,Mobile,/pricing
S03244,2,2026-03-12,Organic Search,Mobile,/products
S03244,3,2026-03-12,Organic Search,Mobile,/features
S03244,4,2026-03-12,Organic Search,Mobile,/blog
S03244,5,2026-03-12,Organic Search,Mobile,/contact
S03245,1,2026-02-26,Organic Search,Desktop,/
S03246,1,2026-03-09,Direct,Mobile,/features
S03246,2,2026-03-09,Direct,Mobile,/products
S03246,3,2026-03-09,Direct,Mobile,/pricing
S03246,4,2026-03-09,Direct,Mobile,/blog
S03247,1,2026-03-18,Direct,Mobile,/blog
S03247,2,2026-03-18,Direct,Mobile,/features
S03247,3,2026-03-18,Direct,Mobile,/contact
S03248,1,2026-01-24,Social,Mobile,/pricing
S03248,2,2026-01-24,Social,Mobile,/products
S03248,3,2026-01-24,Social,Mobile,/features
S03248,4,2026-01-24,Social,Mobile,/blog
S03248,5,2026-01-24,Social,Mobile,/contact
S03249,1,2026-03-25,Email,Mobile,/contact
S03249,2,2026-03-25,Email,Mobile,/products
S03249,3,2026-03-25,Email,Mobile,/pricing
S03249,4,2026-03-25,Email,Mobile,/features
S03249,5,2026-03-25,Email,Mobile,/blog
S03250,1,2026-03-03,Direct,Mobile,/products
S03250,2,2026-03-03,Direct,Mobile,/pricing
S03250,3,2026-03-03,Direct,Mobile,/signup
S03250,4,2026-03-03,Direct,Mobile,/features
S03250,5,2026-03-03,Direct,Mobile,/blog
S03250,6,2026-03-03,Direct,Mobile,/contact
S03251,1,2026-01-15,Referral,Mobile,/products
S03252,1,2026-03-27,Direct,Mobile,/products
S03252,2,2026-03-27,Direct,Mobile,/features
S03252,3,2026-03-27,Direct,Mobile,/blog
S03252,4,2026-03-27,Direct,Mobile,/contact
S03252,5,2026-03-27,Direct,Mobile,/pricing
S03253,1,2026-03-23,Organic Search,Desktop,/pricing
S03254,1,2026-03-14,Direct,Desktop,/products
S03254,2,2026-03-14,Direct,Desktop,/pricing
S03254,3,2026-03-14,Direct,Desktop,/signup
S03254,4,2026-03-14,Direct,Desktop,/features
S03255,1,2026-02-15,Organic Search,Desktop,/features
S03256,1,2026-02-08,Social,Mobile,/products
S03256,2,2026-02-08,Social,Mobile,/features
S03257,1,2026-02-15,Organic Search,Desktop,/pricing
S03257,2,2026-02-15,Organic Search,Desktop,/products
S03257,3,2026-02-15,Organic Search,Desktop,/pricing
S03257,4,2026-02-15,Organic Search,Desktop,/signup
S03257,5,2026-02-15,Organic Search,Desktop,/thank-you
S03258,1,2026-03-07,Organic Search,Mobile,/pricing
S03258,2,2026-03-07,Organic Search,Mobile,/products
S03258,3,2026-03-07,Organic Search,Mobile,/features
S03258,4,2026-03-07,Organic Search,Mobile,/blog
S03259,1,2026-01-20,Paid Search,Desktop,/products
S03259,2,2026-01-20,Paid Search,Desktop,/features
S03260,1,2026-01-15,Organic Search,Mobile,/blog
S03261,1,2026-02-14,Organic Search,Mobile,/blog
S03261,2,2026-02-14,Organic Search,Mobile,/features
S03261,3,2026-02-14,Organic Search,Mobile,/contact
S03261,4,2026-02-14,Organic Search,Mobile,/products
S03262,1,2026-03-12,Paid Search,Mobile,/blog
S03262,2,2026-03-12,Paid Search,Mobile,/products
S03263,1,2026-03-19,Organic Search,Desktop,/blog
S03264,1,2026-01-20,Direct,Desktop,/pricing
S03264,2,2026-01-20,Direct,Desktop,/products
S03264,3,2026-01-20,Direct,Desktop,/pricing
S03264,4,2026-01-20,Direct,Desktop,/signup
S03265,1,2026-02-02,Direct,Desktop,/pricing
S03266,1,2026-02-04,Organic Search,Tablet,/blog
S03267,1,2026-03-06,Organic Search,Desktop,/products
S03267,2,2026-03-06,Organic Search,Desktop,/pricing
S03267,3,2026-03-06,Organic Search,Desktop,/features
S03267,4,2026-03-06,Organic Search,Desktop,/blog
S03268,1,2026-02-23,Social,Mobile,/pricing
S03269,1,2026-01-30,Referral,Desktop,/
S03269,2,2026-01-30,Referral,Desktop,/features
S03269,3,2026-01-30,Referral,Desktop,/blog
S03269,4,2026-01-30,Referral,Desktop,/contact
S03269,5,2026-01-30,Referral,Desktop,/products
S03269,6,2026-01-30,Referral,Desktop,/pricing
S03270,1,2026-02-20,Organic Search,Mobile,/blog
S03270,2,2026-02-20,Organic Search,Mobile,/products
S03270,3,2026-02-20,Organic Search,Mobile,/pricing
S03270,4,2026-02-20,Organic Search,Mobile,/features
S03270,5,2026-02-20,Organic Search,Mobile,/contact
S03271,1,2026-01-23,Referral,Mobile,/
S03272,1,2026-02-20,Paid Search,Mobile,/contact
S03272,2,2026-02-20,Paid Search,Mobile,/features
S03272,3,2026-02-20,Paid Search,Mobile,/blog
S03273,1,2026-03-28,Paid Search,Tablet,/
S03273,2,2026-03-28,Paid Search,Tablet,/features
S03273,3,2026-03-28,Paid Search,Tablet,/blog
S03274,1,2026-03-12,Paid Search,Desktop,/products
S03274,2,2026-03-12,Paid Search,Desktop,/pricing
S03274,3,2026-03-12,Paid Search,Desktop,/signup
S03274,4,2026-03-12,Paid Search,Desktop,/thank-you
S03275,1,2026-02-25,Paid Search,Mobile,/products
S03275,2,2026-02-25,Paid Search,Mobile,/pricing
S03275,3,2026-02-25,Paid Search,Mobile,/signup
S03275,4,2026-02-25,Paid Search,Mobile,/thank-you
S03275,5,2026-02-25,Paid Search,Mobile,/features
S03275,6,2026-02-25,Paid Search,Mobile,/blog
S03276,1,2026-01-21,Social,Mobile,/products
S03277,1,2026-01-12,Direct,Mobile,/products
S03277,2,2026-01-12,Direct,Mobile,/features
S03278,1,2026-03-20,Direct,Desktop,/blog
S03278,2,2026-03-20,Direct,Desktop,/products
S03279,1,2026-02-17,Direct,Desktop,/
S03279,2,2026-02-17,Direct,Desktop,/features
S03279,3,2026-02-17,Direct,Desktop,/blog
S03279,4,2026-02-17,Direct,Desktop,/contact
S03279,5,2026-02-17,Direct,Desktop,/products
S03280,1,2026-01-04,Organic Search,Mobile,/products
S03281,1,2026-02-11,Paid Search,Mobile,/
S03281,2,2026-02-11,Paid Search,Mobile,/features
S03281,3,2026-02-11,Paid Search,Mobile,/blog
S03281,4,2026-02-11,Paid Search,Mobile,/contact
S03281,5,2026-02-11,Paid Search,Mobile,/products
S03282,1,2026-01-14,Organic Search,Desktop,/products
S03282,2,2026-01-14,Organic Search,Desktop,/pricing
S03282,3,2026-01-14,Organic Search,Desktop,/features
S03282,4,2026-01-14,Organic Search,Desktop,/blog
S03282,5,2026-01-14,Organic Search,Desktop,/contact
S03283,1,2026-02-17,Organic Search,Mobile,/contact
S03283,2,2026-02-17,Organic Search,Mobile,/features
S03284,1,2026-03-29,Organic Search,Mobile,/products
S03284,2,2026-03-29,Organic Search,Mobile,/features
S03284,3,2026-03-29,Organic Search,Mobile,/blog
S03284,4,2026-03-29,Organic Search,Mobile,/contact
S03284,5,2026-03-29,Organic Search,Mobile,/pricing
S03285,1,2026-01-17,Organic Search,Mobile,/features
S03286,1,2026-03-10,Paid Search,Mobile,/pricing
S03287,1,2026-02-23,Paid Search,Mobile,/pricing
S03288,1,2026-01-14,Direct,Desktop,/features
S03289,1,2026-01-27,Organic Search,Mobile,/
S03290,1,2026-02-10,Direct,Mobile,/features
S03291,1,2026-03-16,Direct,Desktop,/pricing
S03291,2,2026-03-16,Direct,Desktop,/products
S03291,3,2026-03-16,Direct,Desktop,/pricing
S03291,4,2026-03-16,Direct,Desktop,/signup
S03291,5,2026-03-16,Direct,Desktop,/thank-you
S03292,1,2026-01-01,Social,Desktop,/products
S03292,2,2026-01-01,Social,Desktop,/features
S03292,3,2026-01-01,Social,Desktop,/blog
S03293,1,2026-02-18,Paid Search,Mobile,/features
S03293,2,2026-02-18,Paid Search,Mobile,/products
S03293,3,2026-02-18,Paid Search,Mobile,/pricing
S03294,1,2026-02-16,Direct,Mobile,/products
S03294,2,2026-02-16,Direct,Mobile,/features
S03294,3,2026-02-16,Direct,Mobile,/blog
S03294,4,2026-02-16,Direct,Mobile,/contact
S03294,5,2026-02-16,Direct,Mobile,/pricing
S03295,1,2026-02-18,Direct,Desktop,/contact
S03296,1,2026-03-30,Referral,Mobile,/contact
S03296,2,2026-03-30,Referral,Mobile,/features
S03297,1,2026-03-03,Social,Desktop,/products
S03298,1,2026-02-28,Direct,Mobile,/products
S03299,1,2026-01-30,Direct,Mobile,/features
S03299,2,2026-01-30,Direct,Mobile,/products
S03299,3,2026-01-30,Direct,Mobile,/blog
S03299,4,2026-01-30,Direct,Mobile,/contact
S03299,5,2026-01-30,Direct,Mobile,/pricing
S03300,1,2026-02-24,Organic Search,Mobile,/products
S03300,2,2026-02-24,Organic Search,Mobile,/pricing
S03300,3,2026-02-24,Organic Search,Mobile,/features
S03300,4,2026-02-24,Organic Search,Mobile,/blog
S03301,1,2026-03-23,Referral,Desktop,/blog
S03302,1,2026-03-16,Organic Search,Mobile,/
S03302,2,2026-03-16,Organic Search,Mobile,/features
S03302,3,2026-03-16,Organic Search,Mobile,/blog
S03302,4,2026-03-16,Organic Search,Mobile,/contact
S03302,5,2026-03-16,Organic Search,Mobile,/products
S03303,1,2026-01-24,Organic Search,Mobile,/products
S03304,1,2026-02-21,Referral,Mobile,/pricing
S03305,1,2026-02-09,Paid Search,Desktop,/blog
S03306,1,2026-02-27,Organic Search,Mobile,/blog
S03306,2,2026-02-27,Organic Search,Mobile,/products
S03306,3,2026-02-27,Organic Search,Mobile,/features
S03306,4,2026-02-27,Organic Search,Mobile,/contact
S03306,5,2026-02-27,Organic Search,Mobile,/pricing
S03307,1,2026-02-19,Organic Search,Desktop,/blog
S03307,2,2026-02-19,Organic Search,Desktop,/features
S03307,3,2026-02-19,Organic Search,Desktop,/contact
S03308,1,2026-01-27,Organic Search,Desktop,/products
S03308,2,2026-01-27,Organic Search,Desktop,/pricing
S03309,1,2026-03-22,Paid Search,Mobile,/products
S03309,2,2026-03-22,Paid Search,Mobile,/pricing
S03309,3,2026-03-22,Paid Search,Mobile,/signup
S03309,4,2026-03-22,Paid Search,Mobile,/thank-you
S03310,1,2026-02-20,Organic Search,Tablet,/products
S03310,2,2026-02-20,Organic Search,Tablet,/pricing
S03310,3,2026-02-20,Organic Search,Tablet,/signup
S03310,4,2026-02-20,Organic Search,Tablet,/features
S03310,5,2026-02-20,Organic Search,Tablet,/blog
S03311,1,2026-03-26,Referral,Desktop,/products
S03312,1,2026-03-08,Referral,Mobile,/products
S03312,2,2026-03-08,Referral,Mobile,/features
S03312,3,2026-03-08,Referral,Mobile,/blog
S03312,4,2026-03-08,Referral,Mobile,/contact
S03313,1,2026-02-24,Direct,Mobile,/blog
S03314,1,2026-02-16,Paid Search,Mobile,/products
S03314,2,2026-02-16,Paid Search,Mobile,/features
S03315,1,2026-01-08,Organic Search,Mobile,/
S03315,2,2026-01-08,Organic Search,Mobile,/features
S03316,1,2026-02-06,Organic Search,Mobile,/blog
S03317,1,2026-02-24,Social,Desktop,/
S03318,1,2026-01-19,Organic Search,Desktop,/contact
S03318,2,2026-01-19,Organic Search,Desktop,/features
S03318,3,2026-01-19,Organic Search,Desktop,/blog
S03318,4,2026-01-19,Organic Search,Desktop,/products
S03318,5,2026-01-19,Organic Search,Desktop,/pricing
S03319,1,2026-03-02,Organic Search,Mobile,/products
S03320,1,2026-01-23,Organic Search,Mobile,/
S03321,1,2026-02-28,Organic Search,Mobile,/features
S03321,2,2026-02-28,Organic Search,Mobile,/products
S03322,1,2026-03-24,Direct,Mobile,/blog
S03323,1,2026-01-19,Paid Search,Mobile,/features
S03324,1,2026-01-12,Social,Desktop,/pricing
S03324,2,2026-01-12,Social,Desktop,/products
S03324,3,2026-01-12,Social,Desktop,/features
S03325,1,2026-03-29,Paid Search,Desktop,/products
S03326,1,2026-02-26,Email,Mobile,/blog
S03326,2,2026-02-26,Email,Mobile,/features
S03326,3,2026-02-26,Email,Mobile,/contact
S03327,1,2026-03-25,Direct,Desktop,/products
S03327,2,2026-03-25,Direct,Desktop,/features
S03327,3,2026-03-25,Direct,Desktop,/blog
S03328,1,2026-03-08,Email,Mobile,/pricing
S03329,1,2026-01-12,Direct,Desktop,/products
S03330,1,2026-01-18,Organic Search,Mobile,/products
S03330,2,2026-01-18,Organic Search,Mobile,/features
S03330,3,2026-01-18,Organic Search,Mobile,/blog
S03330,4,2026-01-18,Organic Search,Mobile,/contact
S03331,1,2026-03-01,Referral,Mobile,/
S03332,1,2026-01-16,Organic Search,Desktop,/features
S03332,2,2026-01-16,Organic Search,Desktop,/products
S03332,3,2026-01-16,Organic Search,Desktop,/pricing
S03332,4,2026-01-16,Organic Search,Desktop,/blog
S03333,1,2026-03-25,Organic Search,Mobile,/products
S03333,2,2026-03-25,Organic Search,Mobile,/pricing
S03333,3,2026-03-25,Organic Search,Mobile,/signup
S03333,4,2026-03-25,Organic Search,Mobile,/thank-you
S03334,1,2026-01-19,Organic Search,Desktop,/contact
S03334,2,2026-01-19,Organic Search,Desktop,/features
S03334,3,2026-01-19,Organic Search,Desktop,/blog
S03334,4,2026-01-19,Organic Search,Desktop,/products
S03335,1,2026-01-19,Direct,Mobile,/products
S03336,1,2026-02-19,Direct,Desktop,/pricing
S03336,2,2026-02-19,Direct,Desktop,/products
S03336,3,2026-02-19,Direct,Desktop,/features
S03336,4,2026-02-19,Direct,Desktop,/blog
S03337,1,2026-02-10,Direct,Desktop,/products
S03337,2,2026-02-10,Direct,Desktop,/pricing
S03337,3,2026-02-10,Direct,Desktop,/features
S03337,4,2026-02-10,Direct,Desktop,/blog
S03338,1,2026-01-18,Email,Mobile,/blog
S03339,1,2026-03-19,Organic Search,Mobile,/features
S03339,2,2026-03-19,Organic Search,Mobile,/products
S03339,3,2026-03-19,Organic Search,Mobile,/blog
S03339,4,2026-03-19,Organic Search,Mobile,/contact
S03339,5,2026-03-19,Organic Search,Mobile,/pricing
S03340,1,2026-01-26,Direct,Desktop,/pricing
S03340,2,2026-01-26,Direct,Desktop,/products
S03340,3,2026-01-26,Direct,Desktop,/pricing
S03340,4,2026-01-26,Direct,Desktop,/signup
S03340,5,2026-01-26,Direct,Desktop,/thank-you
S03341,1,2026-02-15,Direct,Mobile,/products
S03341,2,2026-02-15,Direct,Mobile,/pricing
S03341,3,2026-02-15,Direct,Mobile,/features
S03341,4,2026-02-15,Direct,Mobile,/blog
S03341,5,2026-02-15,Direct,Mobile,/contact
S03342,1,2026-02-01,Social,Mobile,/blog
S03343,1,2026-03-13,Organic Search,Desktop,/products
S03343,2,2026-03-13,Organic Search,Desktop,/pricing
S03343,3,2026-03-13,Organic Search,Desktop,/features
S03344,1,2026-01-04,Organic Search,Mobile,/blog
S03344,2,2026-01-04,Organic Search,Mobile,/products
S03344,3,2026-01-04,Organic Search,Mobile,/features
S03344,4,2026-01-04,Organic Search,Mobile,/contact
S03344,5,2026-01-04,Organic Search,Mobile,/pricing
S03345,1,2026-02-21,Direct,Desktop,/blog
S03346,1,2026-01-03,Paid Search,Mobile,/products
S03346,2,2026-01-03,Paid Search,Mobile,/features
S03346,3,2026-01-03,Paid Search,Mobile,/blog
S03347,1,2026-01-22,Social,Desktop,/blog
S03348,1,2026-01-01,Paid Search,Mobile,/blog
S03348,2,2026-01-01,Paid Search,Mobile,/products
S03349,1,2026-02-16,Social,Mobile,/
S03350,1,2026-03-21,Direct,Mobile,/products
S03351,1,2026-02-05,Organic Search,Desktop,/products
S03351,2,2026-02-05,Organic Search,Desktop,/pricing
S03351,3,2026-02-05,Organic Search,Desktop,/features
S03351,4,2026-02-05,Organic Search,Desktop,/blog
S03351,5,2026-02-05,Organic Search,Desktop,/contact
S03352,1,2026-03-24,Organic Search,Desktop,/features
S03353,1,2026-01-21,Organic Search,Desktop,/pricing
S03354,1,2026-02-21,Direct,Mobile,/pricing
S03355,1,2026-01-16,Direct,Mobile,/products
S03355,2,2026-01-16,Direct,Mobile,/pricing
S03355,3,2026-01-16,Direct,Mobile,/signup
S03355,4,2026-01-16,Direct,Mobile,/thank-you
S03356,1,2026-01-04,Direct,Desktop,/
S03357,1,2026-01-13,Paid Search,Desktop,/
S03357,2,2026-01-13,Paid Search,Desktop,/features
S03357,3,2026-01-13,Paid Search,Desktop,/blog
S03357,4,2026-01-13,Paid Search,Desktop,/contact
S03357,5,2026-01-13,Paid Search,Desktop,/products
S03358,1,2026-02-17,Direct,Mobile,/products
S03358,2,2026-02-17,Direct,Mobile,/pricing
S03358,3,2026-02-17,Direct,Mobile,/features
S03358,4,2026-02-17,Direct,Mobile,/blog
S03358,5,2026-02-17,Direct,Mobile,/contact
S03359,1,2026-03-07,Paid Search,Desktop,/
S03359,2,2026-03-07,Paid Search,Desktop,/products
S03359,3,2026-03-07,Paid Search,Desktop,/features
S03359,4,2026-03-07,Paid Search,Desktop,/blog
S03359,5,2026-03-07,Paid Search,Desktop,/contact
S03360,1,2026-03-21,Paid Search,Mobile,/
S03361,1,2026-02-14,Organic Search,Mobile,/blog
S03362,1,2026-03-18,Direct,Desktop,/blog
S03362,2,2026-03-18,Direct,Desktop,/products
S03362,3,2026-03-18,Direct,Desktop,/features
S03362,4,2026-03-18,Direct,Desktop,/contact
S03363,1,2026-02-11,Paid Search,Mobile,/
S03363,2,2026-02-11,Paid Search,Mobile,/products
S03363,3,2026-02-11,Paid Search,Mobile,/features
S03364,1,2026-02-23,Paid Search,Mobile,/blog
S03364,2,2026-02-23,Paid Search,Mobile,/features
S03364,3,2026-02-23,Paid Search,Mobile,/contact
S03365,1,2026-03-23,Organic Search,Mobile,/
S03365,2,2026-03-23,Organic Search,Mobile,/products
S03365,3,2026-03-23,Organic Search,Mobile,/features
S03365,4,2026-03-23,Organic Search,Mobile,/blog
S03365,5,2026-03-23,Organic Search,Mobile,/contact
S03365,6,2026-03-23,Organic Search,Mobile,/pricing
S03366,1,2026-01-11,Direct,Tablet,/products
S03366,2,2026-01-11,Direct,Tablet,/pricing
S03366,3,2026-01-11,Direct,Tablet,/features
S03367,1,2026-03-29,Paid Search,Mobile,/contact
S03367,2,2026-03-29,Paid Search,Mobile,/features
S03367,3,2026-03-29,Paid Search,Mobile,/blog
S03367,4,2026-03-29,Paid Search,Mobile,/products
S03367,5,2026-03-29,Paid Search,Mobile,/pricing
S03368,1,2026-01-31,Paid Search,Desktop,/pricing
S03368,2,2026-01-31,Paid Search,Desktop,/products
S03368,3,2026-01-31,Paid Search,Desktop,/pricing
S03369,1,2026-01-08,Organic Search,Mobile,/
S03369,2,2026-01-08,Organic Search,Mobile,/products
S03369,3,2026-01-08,Organic Search,Mobile,/pricing
S03370,1,2026-03-31,Direct,Mobile,/products
S03371,1,2026-01-14,Email,Mobile,/blog
S03372,1,2026-03-16,Organic Search,Mobile,/products
S03373,1,2026-02-06,Email,Mobile,/contact
S03373,2,2026-02-06,Email,Mobile,/features
S03373,3,2026-02-06,Email,Mobile,/blog
S03374,1,2026-03-06,Organic Search,Mobile,/products
S03374,2,2026-03-06,Organic Search,Mobile,/pricing
S03374,3,2026-03-06,Organic Search,Mobile,/features
S03374,4,2026-03-06,Organic Search,Mobile,/blog
S03375,1,2026-03-10,Direct,Desktop,/
S03375,2,2026-03-10,Direct,Desktop,/products
S03375,3,2026-03-10,Direct,Desktop,/pricing
S03375,4,2026-03-10,Direct,Desktop,/features
S03376,1,2026-01-29,Direct,Mobile,/pricing
S03376,2,2026-01-29,Direct,Mobile,/products
S03376,3,2026-01-29,Direct,Mobile,/features
S03376,4,2026-01-29,Direct,Mobile,/blog
S03377,1,2026-02-13,Organic Search,Desktop,/blog
S03377,2,2026-02-13,Organic Search,Desktop,/products
S03378,1,2026-01-17,Email,Desktop,/pricing
S03378,2,2026-01-17,Email,Desktop,/products
S03378,3,2026-01-17,Email,Desktop,/features
S03378,4,2026-01-17,Email,Desktop,/blog
S03379,1,2026-01-20,Direct,Mobile,/contact
S03380,1,2026-02-08,Referral,Mobile,/features
S03380,2,2026-02-08,Referral,Mobile,/products
S03380,3,2026-02-08,Referral,Mobile,/blog
S03380,4,2026-02-08,Referral,Mobile,/contact
S03380,5,2026-02-08,Referral,Mobile,/pricing
S03381,1,2026-01-03,Organic Search,Mobile,/
S03381,2,2026-01-03,Organic Search,Mobile,/products
S03381,3,2026-01-03,Organic Search,Mobile,/pricing
S03382,1,2026-01-22,Email,Mobile,/
S03382,2,2026-01-22,Email,Mobile,/products
S03382,3,2026-01-22,Email,Mobile,/pricing
S03382,4,2026-01-22,Email,Mobile,/signup
S03382,5,2026-01-22,Email,Mobile,/thank-you
S03382,6,2026-01-22,Email,Mobile,/features
S03383,1,2026-03-22,Referral,Mobile,/products
S03384,1,2026-01-31,Direct,Mobile,/blog
S03385,1,2026-03-31,Organic Search,Mobile,/blog
S03385,2,2026-03-31,Organic Search,Mobile,/products
S03385,3,2026-03-31,Organic Search,Mobile,/features
S03386,1,2026-03-14,Paid Search,Mobile,/products
S03387,1,2026-02-20,Direct,Tablet,/contact
S03387,2,2026-02-20,Direct,Tablet,/features
S03387,3,2026-02-20,Direct,Tablet,/blog
S03387,4,2026-02-20,Direct,Tablet,/products
S03388,1,2026-01-16,Referral,Desktop,/products
S03389,1,2026-03-13,Direct,Mobile,/features
S03389,2,2026-03-13,Direct,Mobile,/products
S03390,1,2026-01-23,Organic Search,Mobile,/features
S03390,2,2026-01-23,Organic Search,Mobile,/products
S03390,3,2026-01-23,Organic Search,Mobile,/pricing
S03390,4,2026-01-23,Organic Search,Mobile,/signup
S03390,5,2026-01-23,Organic Search,Mobile,/thank-you
S03391,1,2026-03-01,Organic Search,Desktop,/
S03392,1,2026-01-23,Paid Search,Mobile,/products
S03393,1,2026-02-15,Referral,Mobile,/products
S03393,2,2026-02-15,Referral,Mobile,/features
S03394,1,2026-03-24,Organic Search,Desktop,/features
S03395,1,2026-02-20,Social,Mobile,/products
S03396,1,2026-01-10,Referral,Mobile,/features
S03396,2,2026-01-10,Referral,Mobile,/products
S03396,3,2026-01-10,Referral,Mobile,/blog
S03396,4,2026-01-10,Referral,Mobile,/contact
S03396,5,2026-01-10,Referral,Mobile,/pricing
S03397,1,2026-01-21,Organic Search,Mobile,/pricing
S03397,2,2026-01-21,Organic Search,Mobile,/products
S03397,3,2026-01-21,Organic Search,Mobile,/pricing
S03397,4,2026-01-21,Organic Search,Mobile,/signup
S03398,1,2026-02-11,Organic Search,Desktop,/pricing
S03398,2,2026-02-11,Organic Search,Desktop,/products
S03398,3,2026-02-11,Organic Search,Desktop,/features
S03398,4,2026-02-11,Organic Search,Desktop,/blog
S03399,1,2026-01-09,Paid Search,Tablet,/features
S03400,1,2026-03-25,Paid Search,Desktop,/pricing
S03401,1,2026-01-09,Organic Search,Mobile,/blog
S03402,1,2026-03-19,Social,Mobile,/products
S03402,2,2026-03-19,Social,Mobile,/pricing
S03402,3,2026-03-19,Social,Mobile,/features
S03402,4,2026-03-19,Social,Mobile,/blog
S03402,5,2026-03-19,Social,Mobile,/contact
S03403,1,2026-03-11,Direct,Desktop,/
S03404,1,2026-03-01,Email,Desktop,/
S03404,2,2026-03-01,Email,Desktop,/products
S03404,3,2026-03-01,Email,Desktop,/features
S03404,4,2026-03-01,Email,Desktop,/blog
S03405,1,2026-02-03,Email,Desktop,/products
S03405,2,2026-02-03,Email,Desktop,/features
S03405,3,2026-02-03,Email,Desktop,/blog
S03406,1,2026-03-04,Social,Desktop,/blog
S03407,1,2026-01-27,Direct,Mobile,/products
S03407,2,2026-01-27,Direct,Mobile,/pricing
S03407,3,2026-01-27,Direct,Mobile,/features
S03407,4,2026-01-27,Direct,Mobile,/blog
S03408,1,2026-03-05,Organic Search,Desktop,/pricing
S03408,2,2026-03-05,Organic Search,Desktop,/products
S03408,3,2026-03-05,Organic Search,Desktop,/pricing
S03409,1,2026-02-08,Direct,Desktop,/
S03409,2,2026-02-08,Direct,Desktop,/products
S03410,1,2026-01-12,Organic Search,Desktop,/blog
S03410,2,2026-01-12,Organic Search,Desktop,/products
S03410,3,2026-01-12,Organic Search,Desktop,/features
S03410,4,2026-01-12,Organic Search,Desktop,/contact
S03410,5,2026-01-12,Organic Search,Desktop,/pricing
S03411,1,2026-03-08,Paid Search,Desktop,/features
S03411,2,2026-03-08,Paid Search,Desktop,/products
S03411,3,2026-03-08,Paid Search,Desktop,/blog
S03411,4,2026-03-08,Paid Search,Desktop,/contact
S03411,5,2026-03-08,Paid Search,Desktop,/pricing
S03412,1,2026-01-06,Organic Search,Mobile,/blog
S03413,1,2026-02-11,Direct,Desktop,/contact
S03413,2,2026-02-11,Direct,Desktop,/features
S03413,3,2026-02-11,Direct,Desktop,/blog
S03413,4,2026-02-11,Direct,Desktop,/products
S03413,5,2026-02-11,Direct,Desktop,/pricing
S03414,1,2026-01-01,Organic Search,Mobile,/
S03415,1,2026-01-15,Organic Search,Mobile,/
S03415,2,2026-01-15,Organic Search,Mobile,/features
S03415,3,2026-01-15,Organic Search,Mobile,/blog
S03415,4,2026-01-15,Organic Search,Mobile,/contact
S03415,5,2026-01-15,Organic Search,Mobile,/products
S03416,1,2026-02-13,Organic Search,Desktop,/pricing
S03417,1,2026-02-03,Paid Search,Desktop,/products
S03418,1,2026-03-05,Social,Desktop,/blog
S03419,1,2026-02-26,Organic Search,Mobile,/features
S03420,1,2026-02-12,Email,Mobile,/
S03420,2,2026-02-12,Email,Mobile,/products
S03421,1,2026-03-11,Email,Mobile,/features
S03422,1,2026-01-01,Direct,Desktop,/
S03423,1,2026-01-24,Paid Search,Desktop,/blog
S03423,2,2026-01-24,Paid Search,Desktop,/features
S03423,3,2026-01-24,Paid Search,Desktop,/contact
S03423,4,2026-01-24,Paid Search,Desktop,/products
S03424,1,2026-03-05,Direct,Tablet,/products
S03424,2,2026-03-05,Direct,Tablet,/features
S03424,3,2026-03-05,Direct,Tablet,/blog
S03424,4,2026-03-05,Direct,Tablet,/contact
S03425,1,2026-03-29,Organic Search,Mobile,/blog
S03425,2,2026-03-29,Organic Search,Mobile,/features
S03425,3,2026-03-29,Organic Search,Mobile,/contact
S03426,1,2026-02-05,Direct,Mobile,/
S03427,1,2026-02-12,Organic Search,Desktop,/contact
S03428,1,2026-03-14,Email,Mobile,/contact
S03429,1,2026-02-18,Referral,Tablet,/pricing
S03429,2,2026-02-18,Referral,Tablet,/products
S03429,3,2026-02-18,Referral,Tablet,/pricing
S03429,4,2026-02-18,Referral,Tablet,/signup
S03430,1,2026-03-26,Social,Desktop,/pricing
S03431,1,2026-01-27,Paid Search,Mobile,/blog
S03431,2,2026-01-27,Paid Search,Mobile,/products
S03431,3,2026-01-27,Paid Search,Mobile,/features
S03431,4,2026-01-27,Paid Search,Mobile,/contact
S03432,1,2026-02-11,Direct,Mobile,/pricing
S03433,1,2026-03-19,Referral,Desktop,/pricing
S03433,2,2026-03-19,Referral,Desktop,/products
S03433,3,2026-03-19,Referral,Desktop,/features
S03433,4,2026-03-19,Referral,Desktop,/blog
S03433,5,2026-03-19,Referral,Desktop,/contact
S03434,1,2026-02-11,Organic Search,Desktop,/pricing
S03434,2,2026-02-11,Organic Search,Desktop,/products
S03435,1,2026-02-03,Organic Search,Desktop,/features
S03435,2,2026-02-03,Organic Search,Desktop,/products
S03435,3,2026-02-03,Organic Search,Desktop,/pricing
S03435,4,2026-02-03,Organic Search,Desktop,/blog
S03436,1,2026-02-05,Paid Search,Desktop,/blog
S03437,1,2026-01-03,Direct,Mobile,/products
S03438,1,2026-02-08,Direct,Desktop,/features
S03439,1,2026-02-03,Organic Search,Desktop,/products
S03439,2,2026-02-03,Organic Search,Desktop,/pricing
S03439,3,2026-02-03,Organic Search,Desktop,/features
S03439,4,2026-02-03,Organic Search,Desktop,/blog
S03439,5,2026-02-03,Organic Search,Desktop,/contact
S03440,1,2026-02-25,Paid Search,Mobile,/
S03440,2,2026-02-25,Paid Search,Mobile,/products
S03440,3,2026-02-25,Paid Search,Mobile,/features
S03440,4,2026-02-25,Paid Search,Mobile,/blog
S03440,5,2026-02-25,Paid Search,Mobile,/contact
S03441,1,2026-03-22,Organic Search,Desktop,/contact
S03442,1,2026-03-08,Organic Search,Mobile,/products
S03443,1,2026-03-30,Organic Search,Mobile,/
S03443,2,2026-03-30,Organic Search,Mobile,/features
S03443,3,2026-03-30,Organic Search,Mobile,/blog
S03444,1,2026-02-05,Direct,Mobile,/pricing
S03445,1,2026-02-08,Email,Desktop,/features
S03446,1,2026-01-22,Direct,Mobile,/
S03447,1,2026-02-18,Paid Search,Mobile,/pricing
S03448,1,2026-01-10,Social,Desktop,/
S03449,1,2026-01-24,Direct,Mobile,/products
S03449,2,2026-01-24,Direct,Mobile,/pricing
S03449,3,2026-01-24,Direct,Mobile,/features
S03449,4,2026-01-24,Direct,Mobile,/blog
S03450,1,2026-03-07,Social,Desktop,/products
S03450,2,2026-03-07,Social,Desktop,/features
S03450,3,2026-03-07,Social,Desktop,/blog
S03451,1,2026-01-11,Paid Search,Desktop,/
S03451,2,2026-01-11,Paid Search,Desktop,/products
S03451,3,2026-01-11,Paid Search,Desktop,/features
S03451,4,2026-01-11,Paid Search,Desktop,/blog
S03451,5,2026-01-11,Paid Search,Desktop,/contact
S03452,1,2026-02-07,Direct,Mobile,/contact
S03453,1,2026-01-02,Organic Search,Mobile,/blog
S03454,1,2026-03-06,Organic Search,Tablet,/features
S03454,2,2026-03-06,Organic Search,Tablet,/products
S03454,3,2026-03-06,Organic Search,Tablet,/blog
S03455,1,2026-01-31,Referral,Mobile,/features
S03456,1,2026-02-02,Social,Mobile,/contact
S03457,1,2026-01-12,Referral,Tablet,/blog
S03458,1,2026-02-28,Email,Desktop,/products
S03458,2,2026-02-28,Email,Desktop,/pricing
S03459,1,2026-01-16,Organic Search,Desktop,/features
S03460,1,2026-02-08,Social,Mobile,/pricing
S03460,2,2026-02-08,Social,Mobile,/products
S03460,3,2026-02-08,Social,Mobile,/pricing
S03460,4,2026-02-08,Social,Mobile,/features
S03460,5,2026-02-08,Social,Mobile,/blog
S03460,6,2026-02-08,Social,Mobile,/contact
S03461,1,2026-01-29,Direct,Desktop,/products
S03461,2,2026-01-29,Direct,Desktop,/features
S03461,3,2026-01-29,Direct,Desktop,/blog
S03461,4,2026-01-29,Direct,Desktop,/contact
S03461,5,2026-01-29,Direct,Desktop,/pricing
S03462,1,2026-03-26,Social,Desktop,/products
S03462,2,2026-03-26,Social,Desktop,/pricing
S03462,3,2026-03-26,Social,Desktop,/signup
S03462,4,2026-03-26,Social,Desktop,/thank-you
S03463,1,2026-03-12,Organic Search,Desktop,/products
S03464,1,2026-02-12,Organic Search,Desktop,/pricing
S03464,2,2026-02-12,Organic Search,Desktop,/products
S03464,3,2026-02-12,Organic Search,Desktop,/features
S03465,1,2026-03-17,Social,Desktop,/features
S03466,1,2026-03-02,Social,Mobile,/pricing
S03466,2,2026-03-02,Social,Mobile,/products
S03466,3,2026-03-02,Social,Mobile,/pricing
S03467,1,2026-01-25,Paid Search,Mobile,/products
S03467,2,2026-01-25,Paid Search,Mobile,/features
S03467,3,2026-01-25,Paid Search,Mobile,/blog
S03468,1,2026-02-21,Organic Search,Mobile,/
S03468,2,2026-02-21,Organic Search,Mobile,/features
S03468,3,2026-02-21,Organic Search,Mobile,/blog
S03468,4,2026-02-21,Organic Search,Mobile,/contact
S03469,1,2026-01-09,Organic Search,Mobile,/features
S03469,2,2026-01-09,Organic Search,Mobile,/products
S03469,3,2026-01-09,Organic Search,Mobile,/blog
S03469,4,2026-01-09,Organic Search,Mobile,/contact
S03469,5,2026-01-09,Organic Search,Mobile,/pricing
S03470,1,2026-03-16,Referral,Mobile,/products
S03470,2,2026-03-16,Referral,Mobile,/features
S03471,1,2026-01-23,Direct,Mobile,/pricing
S03472,1,2026-03-06,Direct,Desktop,/blog
S03473,1,2026-02-06,Direct,Mobile,/features
S03473,2,2026-02-06,Direct,Mobile,/products
S03473,3,2026-02-06,Direct,Mobile,/pricing
S03474,1,2026-02-06,Direct,Mobile,/pricing
S03474,2,2026-02-06,Direct,Mobile,/products
S03474,3,2026-02-06,Direct,Mobile,/features
S03475,1,2026-01-06,Direct,Mobile,/blog
S03476,1,2026-01-15,Direct,Mobile,/products
S03477,1,2026-03-15,Social,Desktop,/contact
S03478,1,2026-02-08,Email,Mobile,/pricing
S03479,1,2026-01-03,Referral,Mobile,/blog
S03480,1,2026-03-24,Paid Search,Desktop,/
S03480,2,2026-03-24,Paid Search,Desktop,/features
S03480,3,2026-03-24,Paid Search,Desktop,/blog
S03480,4,2026-03-24,Paid Search,Desktop,/contact
S03480,5,2026-03-24,Paid Search,Desktop,/products
S03481,1,2026-03-18,Direct,Mobile,/blog
S03482,1,2026-03-09,Paid Search,Mobile,/products
S03482,2,2026-03-09,Paid Search,Mobile,/features
S03482,3,2026-03-09,Paid Search,Mobile,/blog
S03483,1,2026-02-16,Social,Desktop,/pricing
S03483,2,2026-02-16,Social,Desktop,/products
S03483,3,2026-02-16,Social,Desktop,/pricing
S03483,4,2026-02-16,Social,Desktop,/signup
S03483,5,2026-02-16,Social,Desktop,/thank-you
S03484,1,2026-02-07,Paid Search,Mobile,/blog
S03485,1,2026-02-18,Paid Search,Desktop,/features
S03486,1,2026-02-04,Social,Desktop,/products
S03486,2,2026-02-04,Social,Desktop,/pricing
S03486,3,2026-02-04,Social,Desktop,/signup
S03486,4,2026-02-04,Social,Desktop,/features
S03487,1,2026-01-17,Paid Search,Desktop,/features
S03488,1,2026-01-05,Social,Mobile,/products
S03488,2,2026-01-05,Social,Mobile,/features
S03488,3,2026-01-05,Social,Mobile,/blog
S03488,4,2026-01-05,Social,Mobile,/contact
S03488,5,2026-01-05,Social,Mobile,/pricing
S03489,1,2026-02-10,Organic Search,Desktop,/pricing
S03489,2,2026-02-10,Organic Search,Desktop,/products
S03489,3,2026-02-10,Organic Search,Desktop,/pricing
S03490,1,2026-01-28,Direct,Desktop,/
S03491,1,2026-02-12,Paid Search,Mobile,/products
S03491,2,2026-02-12,Paid Search,Mobile,/pricing
S03491,3,2026-02-12,Paid Search,Mobile,/signup
S03492,1,2026-02-28,Organic Search,Desktop,/features
S03493,1,2026-02-17,Email,Mobile,/
S03494,1,2026-03-23,Paid Search,Desktop,/features
S03494,2,2026-03-23,Paid Search,Desktop,/products
S03494,3,2026-03-23,Paid Search,Desktop,/blog
S03494,4,2026-03-23,Paid Search,Desktop,/contact
S03494,5,2026-03-23,Paid Search,Desktop,/pricing
S03495,1,2026-01-30,Organic Search,Desktop,/products
S03496,1,2026-03-02,Social,Mobile,/blog
S03497,1,2026-03-22,Paid Search,Mobile,/
S03498,1,2026-01-03,Social,Desktop,/blog
S03499,1,2026-02-20,Direct,Mobile,/features
S03499,2,2026-02-20,Direct,Mobile,/products
S03499,3,2026-02-20,Direct,Mobile,/blog
S03500,1,2026-01-30,Email,Mobile,/pricing
S03500,2,2026-01-30,Email,Mobile,/products
S03500,3,2026-01-30,Email,Mobile,/features
S03500,4,2026-01-30,Email,Mobile,/blog
S03501,1,2026-02-24,Direct,Mobile,/products
S03502,1,2026-03-12,Paid Search,Desktop,/features
S03502,2,2026-03-12,Paid Search,Desktop,/products
S03502,3,2026-03-12,Paid Search,Desktop,/blog
S03502,4,2026-03-12,Paid Search,Desktop,/contact
S03503,1,2026-02-18,Organic Search,Mobile,/blog
S03504,1,2026-03-16,Paid Search,Desktop,/
S03505,1,2026-01-01,Paid Search,Desktop,/blog
S03505,2,2026-01-01,Paid Search,Desktop,/products
S03505,3,2026-01-01,Paid Search,Desktop,/features
S03506,1,2026-01-09,Paid Search,Mobile,/blog
S03506,2,2026-01-09,Paid Search,Mobile,/features
S03506,3,2026-01-09,Paid Search,Mobile,/contact
S03506,4,2026-01-09,Paid Search,Mobile,/products
S03507,1,2026-03-19,Direct,Mobile,/blog
S03507,2,2026-03-19,Direct,Mobile,/features
S03507,3,2026-03-19,Direct,Mobile,/contact
S03508,1,2026-01-24,Social,Mobile,/products
S03509,1,2026-03-03,Paid Search,Desktop,/products
S03509,2,2026-03-03,Paid Search,Desktop,/features
S03509,3,2026-03-03,Paid Search,Desktop,/blog
S03509,4,2026-03-03,Paid Search,Desktop,/contact
S03509,5,2026-03-03,Paid Search,Desktop,/pricing
S03510,1,2026-01-30,Organic Search,Desktop,/contact
S03510,2,2026-01-30,Organic Search,Desktop,/products
S03510,3,2026-01-30,Organic Search,Desktop,/pricing
S03511,1,2026-01-14,Referral,Mobile,/pricing
S03511,2,2026-01-14,Referral,Mobile,/products
S03511,3,2026-01-14,Referral,Mobile,/features
S03511,4,2026-01-14,Referral,Mobile,/blog
S03511,5,2026-01-14,Referral,Mobile,/contact
S03512,1,2026-03-22,Paid Search,Mobile,/pricing
S03512,2,2026-03-22,Paid Search,Mobile,/products
S03512,3,2026-03-22,Paid Search,Mobile,/pricing
S03512,4,2026-03-22,Paid Search,Mobile,/signup
S03512,5,2026-03-22,Paid Search,Mobile,/features
S03512,6,2026-03-22,Paid Search,Mobile,/blog
S03513,1,2026-02-07,Referral,Mobile,/contact
S03514,1,2026-02-21,Referral,Tablet,/products
S03515,1,2026-03-22,Email,Mobile,/products
S03516,1,2026-01-17,Social,Mobile,/blog
S03517,1,2026-03-05,Paid Search,Desktop,/blog
S03518,1,2026-02-22,Organic Search,Mobile,/contact
S03519,1,2026-03-19,Direct,Mobile,/blog
S03519,2,2026-03-19,Direct,Mobile,/features
S03519,3,2026-03-19,Direct,Mobile,/contact
S03519,4,2026-03-19,Direct,Mobile,/products
S03520,1,2026-03-07,Social,Mobile,/products
S03520,2,2026-03-07,Social,Mobile,/features
S03520,3,2026-03-07,Social,Mobile,/blog
S03521,1,2026-02-13,Direct,Desktop,/products
S03521,2,2026-02-13,Direct,Desktop,/pricing
S03521,3,2026-02-13,Direct,Desktop,/signup
S03521,4,2026-02-13,Direct,Desktop,/features
S03521,5,2026-02-13,Direct,Desktop,/blog
S03521,6,2026-02-13,Direct,Desktop,/contact
S03522,1,2026-02-02,Email,Mobile,/
S03522,2,2026-02-02,Email,Mobile,/features
S03522,3,2026-02-02,Email,Mobile,/blog
S03523,1,2026-03-05,Organic Search,Tablet,/contact
S03524,1,2026-03-26,Direct,Mobile,/
S03524,2,2026-03-26,Direct,Mobile,/features
S03524,3,2026-03-26,Direct,Mobile,/blog
S03524,4,2026-03-26,Direct,Mobile,/contact
S03524,5,2026-03-26,Direct,Mobile,/products
S03524,6,2026-03-26,Direct,Mobile,/pricing
S03525,1,2026-03-03,Direct,Mobile,/pricing
S03525,2,2026-03-03,Direct,Mobile,/products
S03525,3,2026-03-03,Direct,Mobile,/pricing
S03525,4,2026-03-03,Direct,Mobile,/signup
S03526,1,2026-03-16,Direct,Desktop,/products
S03526,2,2026-03-16,Direct,Desktop,/features
S03526,3,2026-03-16,Direct,Desktop,/blog
S03527,1,2026-02-01,Organic Search,Desktop,/
S03527,2,2026-02-01,Organic Search,Desktop,/products
S03527,3,2026-02-01,Organic Search,Desktop,/features
S03527,4,2026-02-01,Organic Search,Desktop,/blog
S03527,5,2026-02-01,Organic Search,Desktop,/contact
S03528,1,2026-02-26,Organic Search,Desktop,/products
S03528,2,2026-02-26,Organic Search,Desktop,/pricing
S03528,3,2026-02-26,Organic Search,Desktop,/signup
S03528,4,2026-02-26,Organic Search,Desktop,/features
S03528,5,2026-02-26,Organic Search,Desktop,/blog
S03529,1,2026-03-16,Social,Desktop,/blog
S03529,2,2026-03-16,Social,Desktop,/features
S03529,3,2026-03-16,Social,Desktop,/contact
S03530,1,2026-02-04,Direct,Mobile,/
S03530,2,2026-02-04,Direct,Mobile,/features
S03530,3,2026-02-04,Direct,Mobile,/blog
S03530,4,2026-02-04,Direct,Mobile,/contact
S03530,5,2026-02-04,Direct,Mobile,/products
S03531,1,2026-01-17,Organic Search,Desktop,/contact
S03531,2,2026-01-17,Organic Search,Desktop,/features
S03532,1,2026-01-02,Organic Search,Mobile,/features
S03532,2,2026-01-02,Organic Search,Mobile,/products
S03532,3,2026-01-02,Organic Search,Mobile,/pricing
S03532,4,2026-01-02,Organic Search,Mobile,/blog
S03532,5,2026-01-02,Organic Search,Mobile,/contact
S03533,1,2026-02-11,Direct,Mobile,/
S03533,2,2026-02-11,Direct,Mobile,/products
S03533,3,2026-02-11,Direct,Mobile,/features
S03533,4,2026-02-11,Direct,Mobile,/blog
S03533,5,2026-02-11,Direct,Mobile,/contact
S03534,1,2026-01-07,Organic Search,Desktop,/features
S03534,2,2026-01-07,Organic Search,Desktop,/products
S03534,3,2026-01-07,Organic Search,Desktop,/blog
S03534,4,2026-01-07,Organic Search,Desktop,/contact
S03534,5,2026-01-07,Organic Search,Desktop,/pricing
S03535,1,2026-03-24,Paid Search,Desktop,/products
S03535,2,2026-03-24,Paid Search,Desktop,/pricing
S03535,3,2026-03-24,Paid Search,Desktop,/features
S03535,4,2026-03-24,Paid Search,Desktop,/blog
S03535,5,2026-03-24,Paid Search,Desktop,/contact
S03536,1,2026-03-14,Social,Mobile,/
S03536,2,2026-03-14,Social,Mobile,/products
S03536,3,2026-03-14,Social,Mobile,/features
S03536,4,2026-03-14,Social,Mobile,/blog
S03536,5,2026-03-14,Social,Mobile,/contact
S03536,6,2026-03-14,Social,Mobile,/pricing
S03537,1,2026-03-03,Organic Search,Mobile,/products
S03538,1,2026-03-22,Paid Search,Desktop,/features
S03539,1,2026-02-08,Organic Search,Mobile,/blog
S03539,2,2026-02-08,Organic Search,Mobile,/features
S03539,3,2026-02-08,Organic Search,Mobile,/contact
S03539,4,2026-02-08,Organic Search,Mobile,/products
S03540,1,2026-01-12,Organic Search,Mobile,/products
S03540,2,2026-01-12,Organic Search,Mobile,/features
S03540,3,2026-01-12,Organic Search,Mobile,/blog
S03540,4,2026-01-12,Organic Search,Mobile,/contact
S03540,5,2026-01-12,Organic Search,Mobile,/pricing
S03541,1,2026-03-02,Email,Mobile,/blog
S03541,2,2026-03-02,Email,Mobile,/features
S03541,3,2026-03-02,Email,Mobile,/contact
S03542,1,2026-01-09,Direct,Mobile,/blog
S03543,1,2026-01-11,Email,Mobile,/blog
S03543,2,2026-01-11,Email,Mobile,/features
S03543,3,2026-01-11,Email,Mobile,/contact
S03543,4,2026-01-11,Email,Mobile,/products
S03543,5,2026-01-11,Email,Mobile,/pricing
S03544,1,2026-03-03,Organic Search,Tablet,/pricing
S03544,2,2026-03-03,Organic Search,Tablet,/products
S03544,3,2026-03-03,Organic Search,Tablet,/pricing
S03544,4,2026-03-03,Organic Search,Tablet,/features
S03544,5,2026-03-03,Organic Search,Tablet,/blog
S03545,1,2026-01-27,Direct,Mobile,/features
S03545,2,2026-01-27,Direct,Mobile,/products
S03545,3,2026-01-27,Direct,Mobile,/blog
S03546,1,2026-02-20,Direct,Mobile,/blog
S03546,2,2026-02-20,Direct,Mobile,/products
S03546,3,2026-02-20,Direct,Mobile,/pricing
S03546,4,2026-02-20,Direct,Mobile,/signup
S03546,5,2026-02-20,Direct,Mobile,/features
S03546,6,2026-02-20,Direct,Mobile,/contact
S03547,1,2026-01-17,Direct,Desktop,/
S03548,1,2026-02-03,Referral,Mobile,/features
S03548,2,2026-02-03,Referral,Mobile,/products
S03548,3,2026-02-03,Referral,Mobile,/pricing
S03548,4,2026-02-03,Referral,Mobile,/signup
S03549,1,2026-02-14,Organic Search,Desktop,/products
S03549,2,2026-02-14,Organic Search,Desktop,/pricing
S03549,3,2026-02-14,Organic Search,Desktop,/signup
S03549,4,2026-02-14,Organic Search,Desktop,/thank-you
S03550,1,2026-01-28,Email,Desktop,/blog
S03550,2,2026-01-28,Email,Desktop,/products
S03550,3,2026-01-28,Email,Desktop,/pricing
S03550,4,2026-01-28,Email,Desktop,/features
S03551,1,2026-03-29,Email,Desktop,/blog
S03552,1,2026-01-22,Direct,Desktop,/products
S03552,2,2026-01-22,Direct,Desktop,/features
S03552,3,2026-01-22,Direct,Desktop,/blog
S03552,4,2026-01-22,Direct,Desktop,/contact
S03552,5,2026-01-22,Direct,Desktop,/pricing
S03553,1,2026-02-21,Direct,Desktop,/
S03554,1,2026-01-18,Direct,Desktop,/blog
S03554,2,2026-01-18,Direct,Desktop,/products
S03554,3,2026-01-18,Direct,Desktop,/features
S03555,1,2026-02-17,Organic Search,Desktop,/features
S03555,2,2026-02-17,Organic Search,Desktop,/products
S03555,3,2026-02-17,Organic Search,Desktop,/blog
S03556,1,2026-01-21,Social,Mobile,/features
S03556,2,2026-01-21,Social,Mobile,/products
S03556,3,2026-01-21,Social,Mobile,/blog
S03556,4,2026-01-21,Social,Mobile,/contact
S03556,5,2026-01-21,Social,Mobile,/pricing
S03557,1,2026-01-17,Direct,Desktop,/blog
S03557,2,2026-01-17,Direct,Desktop,/products
S03557,3,2026-01-17,Direct,Desktop,/pricing
S03558,1,2026-01-30,Referral,Desktop,/products
S03559,1,2026-03-18,Paid Search,Mobile,/products
S03560,1,2026-02-16,Direct,Desktop,/blog
S03561,1,2026-02-10,Paid Search,Mobile,/products
S03562,1,2026-03-30,Direct,Mobile,/blog
S03562,2,2026-03-30,Direct,Mobile,/features
S03562,3,2026-03-30,Direct,Mobile,/contact
S03563,1,2026-03-04,Email,Desktop,/products
S03563,2,2026-03-04,Email,Desktop,/features
S03563,3,2026-03-04,Email,Desktop,/blog
S03563,4,2026-03-04,Email,Desktop,/contact
S03563,5,2026-03-04,Email,Desktop,/pricing
S03564,1,2026-01-03,Organic Search,Mobile,/
S03565,1,2026-02-11,Referral,Mobile,/blog
S03565,2,2026-02-11,Referral,Mobile,/products
S03565,3,2026-02-11,Referral,Mobile,/pricing
S03565,4,2026-02-11,Referral,Mobile,/signup
S03566,1,2026-03-10,Social,Mobile,/blog
S03567,1,2026-01-23,Email,Desktop,/blog
S03568,1,2026-01-10,Direct,Mobile,/products
S03568,2,2026-01-10,Direct,Mobile,/features
S03568,3,2026-01-10,Direct,Mobile,/blog
S03568,4,2026-01-10,Direct,Mobile,/contact
S03568,5,2026-01-10,Direct,Mobile,/pricing
S03569,1,2026-02-02,Social,Desktop,/features
S03570,1,2026-02-19,Organic Search,Desktop,/pricing
S03571,1,2026-02-05,Social,Desktop,/blog
S03571,2,2026-02-05,Social,Desktop,/features
S03571,3,2026-02-05,Social,Desktop,/contact
S03571,4,2026-02-05,Social,Desktop,/products
S03572,1,2026-01-18,Organic Search,Desktop,/blog
S03572,2,2026-01-18,Organic Search,Desktop,/products
S03572,3,2026-01-18,Organic Search,Desktop,/features
S03572,4,2026-01-18,Organic Search,Desktop,/contact
S03573,1,2026-03-21,Organic Search,Desktop,/products
S03573,2,2026-03-21,Organic Search,Desktop,/features
S03574,1,2026-01-02,Direct,Mobile,/blog
S03574,2,2026-01-02,Direct,Mobile,/products
S03574,3,2026-01-02,Direct,Mobile,/features
S03574,4,2026-01-02,Direct,Mobile,/contact
S03575,1,2026-01-20,Direct,Tablet,/pricing
S03576,1,2026-01-12,Direct,Mobile,/pricing
S03576,2,2026-01-12,Direct,Mobile,/products
S03576,3,2026-01-12,Direct,Mobile,/pricing
S03576,4,2026-01-12,Direct,Mobile,/signup
S03576,5,2026-01-12,Direct,Mobile,/thank-you
S03577,1,2026-01-23,Social,Mobile,/blog
S03578,1,2026-01-21,Organic Search,Mobile,/
S03579,1,2026-02-24,Social,Desktop,/features
S03580,1,2026-01-27,Organic Search,Mobile,/products
S03580,2,2026-01-27,Organic Search,Mobile,/pricing
S03580,3,2026-01-27,Organic Search,Mobile,/features
S03580,4,2026-01-27,Organic Search,Mobile,/blog
S03580,5,2026-01-27,Organic Search,Mobile,/contact
S03581,1,2026-02-25,Social,Desktop,/products
S03582,1,2026-01-17,Social,Mobile,/features
S03583,1,2026-03-26,Direct,Mobile,/products
S03584,1,2026-01-28,Social,Mobile,/contact
S03585,1,2026-02-13,Email,Desktop,/products
S03586,1,2026-01-27,Social,Mobile,/products
S03587,1,2026-01-26,Direct,Mobile,/
S03588,1,2026-03-23,Direct,Mobile,/
S03588,2,2026-03-23,Direct,Mobile,/features
S03588,3,2026-03-23,Direct,Mobile,/blog
S03588,4,2026-03-23,Direct,Mobile,/contact
S03589,1,2026-02-06,Social,Mobile,/
S03590,1,2026-03-10,Organic Search,Desktop,/
S03591,1,2026-03-12,Social,Mobile,/products
S03591,2,2026-03-12,Social,Mobile,/pricing
S03591,3,2026-03-12,Social,Mobile,/signup
S03591,4,2026-03-12,Social,Mobile,/features
S03591,5,2026-03-12,Social,Mobile,/blog
S03592,1,2026-01-17,Direct,Mobile,/products
S03592,2,2026-01-17,Direct,Mobile,/features
S03592,3,2026-01-17,Direct,Mobile,/blog
S03592,4,2026-01-17,Direct,Mobile,/contact
S03593,1,2026-01-14,Social,Desktop,/pricing
S03594,1,2026-02-28,Organic Search,Mobile,/products
S03594,2,2026-02-28,Organic Search,Mobile,/pricing
S03594,3,2026-02-28,Organic Search,Mobile,/features
S03594,4,2026-02-28,Organic Search,Mobile,/blog
S03595,1,2026-01-21,Organic Search,Mobile,/
S03595,2,2026-01-21,Organic Search,Mobile,/features
S03595,3,2026-01-21,Organic Search,Mobile,/blog
S03595,4,2026-01-21,Organic Search,Mobile,/contact
S03596,1,2026-02-06,Referral,Desktop,/
S03597,1,2026-03-25,Email,Desktop,/products
S03597,2,2026-03-25,Email,Desktop,/features
S03597,3,2026-03-25,Email,Desktop,/blog
S03597,4,2026-03-25,Email,Desktop,/contact
S03597,5,2026-03-25,Email,Desktop,/pricing
S03598,1,2026-02-11,Email,Desktop,/products
S03598,2,2026-02-11,Email,Desktop,/pricing
S03598,3,2026-02-11,Email,Desktop,/features
S03598,4,2026-02-11,Email,Desktop,/blog
S03598,5,2026-02-11,Email,Desktop,/contact
S03599,1,2026-02-01,Referral,Mobile,/
S03599,2,2026-02-01,Referral,Mobile,/features
S03599,3,2026-02-01,Referral,Mobile,/blog
S03600,1,2026-01-30,Direct,Mobile,/products
S03600,2,2026-01-30,Direct,Mobile,/features
S03600,3,2026-01-30,Direct,Mobile,/blog
S03600,4,2026-01-30,Direct,Mobile,/contact
S03600,5,2026-01-30,Direct,Mobile,/pricing
S03601,1,2026-03-07,Organic Search,Mobile,/contact
S03601,2,2026-03-07,Organic Search,Mobile,/products
S03601,3,2026-03-07,Organic Search,Mobile,/pricing
S03601,4,2026-03-07,Organic Search,Mobile,/signup
S03601,5,2026-03-07,Organic Search,Mobile,/thank-you
S03602,1,2026-03-01,Organic Search,Mobile,/products
S03602,2,2026-03-01,Organic Search,Mobile,/pricing
S03602,3,2026-03-01,Organic Search,Mobile,/signup
S03603,1,2026-03-06,Direct,Mobile,/
S03603,2,2026-03-06,Direct,Mobile,/products
S03604,1,2026-01-03,Organic Search,Tablet,/blog
S03605,1,2026-01-14,Referral,Desktop,/pricing
S03605,2,2026-01-14,Referral,Desktop,/products
S03605,3,2026-01-14,Referral,Desktop,/pricing
S03605,4,2026-01-14,Referral,Desktop,/features
S03605,5,2026-01-14,Referral,Desktop,/blog
S03605,6,2026-01-14,Referral,Desktop,/contact
S03606,1,2026-02-03,Organic Search,Mobile,/
S03607,1,2026-03-07,Organic Search,Mobile,/features
S03608,1,2026-03-11,Organic Search,Desktop,/blog
S03609,1,2026-02-08,Organic Search,Mobile,/contact
S03609,2,2026-02-08,Organic Search,Mobile,/features
S03609,3,2026-02-08,Organic Search,Mobile,/blog
S03609,4,2026-02-08,Organic Search,Mobile,/products
S03609,5,2026-02-08,Organic Search,Mobile,/pricing
S03610,1,2026-03-31,Organic Search,Mobile,/contact
S03610,2,2026-03-31,Organic Search,Mobile,/products
S03611,1,2026-02-18,Paid Search,Mobile,/pricing
S03611,2,2026-02-18,Paid Search,Mobile,/products
S03611,3,2026-02-18,Paid Search,Mobile,/features
S03612,1,2026-01-13,Direct,Desktop,/blog
S03613,1,2026-03-20,Paid Search,Desktop,/products
S03613,2,2026-03-20,Paid Search,Desktop,/features
S03613,3,2026-03-20,Paid Search,Desktop,/blog
S03613,4,2026-03-20,Paid Search,Desktop,/contact
S03614,1,2026-01-31,Email,Mobile,/features
S03614,2,2026-01-31,Email,Mobile,/products
S03614,3,2026-01-31,Email,Mobile,/blog
S03614,4,2026-01-31,Email,Mobile,/contact
S03614,5,2026-01-31,Email,Mobile,/pricing
S03615,1,2026-01-27,Paid Search,Mobile,/pricing
S03615,2,2026-01-27,Paid Search,Mobile,/products
S03615,3,2026-01-27,Paid Search,Mobile,/pricing
S03615,4,2026-01-27,Paid Search,Mobile,/features
S03616,1,2026-02-04,Paid Search,Desktop,/products
S03616,2,2026-02-04,Paid Search,Desktop,/pricing
S03616,3,2026-02-04,Paid Search,Desktop,/features
S03616,4,2026-02-04,Paid Search,Desktop,/blog
S03616,5,2026-02-04,Paid Search,Desktop,/contact
S03617,1,2026-03-21,Direct,Mobile,/
S03618,1,2026-02-19,Organic Search,Desktop,/pricing
S03618,2,2026-02-19,Organic Search,Desktop,/products
S03618,3,2026-02-19,Organic Search,Desktop,/pricing
S03618,4,2026-02-19,Organic Search,Desktop,/signup
S03618,5,2026-02-19,Organic Search,Desktop,/thank-you
S03619,1,2026-02-07,Direct,Mobile,/pricing
S03619,2,2026-02-07,Direct,Mobile,/products
S03619,3,2026-02-07,Direct,Mobile,/features
S03619,4,2026-02-07,Direct,Mobile,/blog
S03620,1,2026-02-13,Referral,Desktop,/features
S03620,2,2026-02-13,Referral,Desktop,/products
S03620,3,2026-02-13,Referral,Desktop,/pricing
S03620,4,2026-02-13,Referral,Desktop,/blog
S03620,5,2026-02-13,Referral,Desktop,/contact
S03621,1,2026-03-30,Paid Search,Desktop,/products
S03622,1,2026-03-16,Organic Search,Desktop,/features
S03623,1,2026-01-11,Direct,Mobile,/
S03624,1,2026-02-27,Social,Desktop,/pricing
S03624,2,2026-02-27,Social,Desktop,/products
S03624,3,2026-02-27,Social,Desktop,/features
S03624,4,2026-02-27,Social,Desktop,/blog
S03624,5,2026-02-27,Social,Desktop,/contact
S03625,1,2026-03-19,Paid Search,Mobile,/products
S03626,1,2026-03-15,Paid Search,Mobile,/products
S03626,2,2026-03-15,Paid Search,Mobile,/pricing
S03626,3,2026-03-15,Paid Search,Mobile,/signup
S03626,4,2026-03-15,Paid Search,Mobile,/thank-you
S03627,1,2026-01-27,Email,Mobile,/pricing
S03628,1,2026-03-06,Paid Search,Desktop,/products
S03629,1,2026-02-19,Paid Search,Mobile,/products
S03630,1,2026-03-27,Organic Search,Desktop,/features
S03631,1,2026-02-22,Organic Search,Mobile,/products
S03631,2,2026-02-22,Organic Search,Mobile,/features
S03631,3,2026-02-22,Organic Search,Mobile,/blog
S03631,4,2026-02-22,Organic Search,Mobile,/contact
S03631,5,2026-02-22,Organic Search,Mobile,/pricing
S03632,1,2026-03-08,Referral,Mobile,/blog
S03632,2,2026-03-08,Referral,Mobile,/products
S03632,3,2026-03-08,Referral,Mobile,/features
S03632,4,2026-03-08,Referral,Mobile,/contact
S03632,5,2026-03-08,Referral,Mobile,/pricing
S03633,1,2026-01-20,Paid Search,Mobile,/blog
S03633,2,2026-01-20,Paid Search,Mobile,/features
S03633,3,2026-01-20,Paid Search,Mobile,/contact
S03633,4,2026-01-20,Paid Search,Mobile,/products
S03633,5,2026-01-20,Paid Search,Mobile,/pricing
S03634,1,2026-01-09,Direct,Desktop,/
S03635,1,2026-02-28,Paid Search,Mobile,/features
S03636,1,2026-03-04,Organic Search,Mobile,/features
S03636,2,2026-03-04,Organic Search,Mobile,/products
S03636,3,2026-03-04,Organic Search,Mobile,/pricing
S03636,4,2026-03-04,Organic Search,Mobile,/blog
S03636,5,2026-03-04,Organic Search,Mobile,/contact
S03637,1,2026-03-22,Social,Mobile,/features
S03638,1,2026-01-03,Organic Search,Mobile,/features
S03638,2,2026-01-03,Organic Search,Mobile,/products
S03638,3,2026-01-03,Organic Search,Mobile,/pricing
S03638,4,2026-01-03,Organic Search,Mobile,/blog
S03638,5,2026-01-03,Organic Search,Mobile,/contact
S03639,1,2026-02-12,Social,Mobile,/pricing
S03639,2,2026-02-12,Social,Mobile,/products
S03639,3,2026-02-12,Social,Mobile,/features
S03639,4,2026-02-12,Social,Mobile,/blog
S03640,1,2026-01-16,Direct,Mobile,/contact
S03640,2,2026-01-16,Direct,Mobile,/products
S03640,3,2026-01-16,Direct,Mobile,/pricing
S03640,4,2026-01-16,Direct,Mobile,/features
S03641,1,2026-01-16,Organic Search,Mobile,/
S03642,1,2026-03-26,Organic Search,Tablet,/
S03642,2,2026-03-26,Organic Search,Tablet,/products
S03642,3,2026-03-26,Organic Search,Tablet,/features
S03642,4,2026-03-26,Organic Search,Tablet,/blog
S03643,1,2026-03-11,Social,Mobile,/blog
S03643,2,2026-03-11,Social,Mobile,/features
S03643,3,2026-03-11,Social,Mobile,/contact
S03644,1,2026-03-27,Organic Search,Mobile,/products
S03645,1,2026-02-26,Organic Search,Mobile,/blog
S03646,1,2026-01-10,Social,Mobile,/products
S03647,1,2026-03-16,Direct,Desktop,/products
S03648,1,2026-02-05,Direct,Mobile,/features
S03648,2,2026-02-05,Direct,Mobile,/products
S03648,3,2026-02-05,Direct,Mobile,/blog
S03648,4,2026-02-05,Direct,Mobile,/contact
S03648,5,2026-02-05,Direct,Mobile,/pricing
S03649,1,2026-01-06,Organic Search,Mobile,/
S03650,1,2026-03-30,Email,Desktop,/products
S03650,2,2026-03-30,Email,Desktop,/features
S03650,3,2026-03-30,Email,Desktop,/blog
S03650,4,2026-03-30,Email,Desktop,/contact
S03650,5,2026-03-30,Email,Desktop,/pricing
S03651,1,2026-03-31,Organic Search,Mobile,/blog
S03652,1,2026-01-07,Organic Search,Desktop,/features
S03652,2,2026-01-07,Organic Search,Desktop,/products
S03652,3,2026-01-07,Organic Search,Desktop,/blog
S03653,1,2026-01-23,Organic Search,Tablet,/features
S03653,2,2026-01-23,Organic Search,Tablet,/products
S03653,3,2026-01-23,Organic Search,Tablet,/pricing
S03654,1,2026-03-24,Organic Search,Mobile,/products
S03654,2,2026-03-24,Organic Search,Mobile,/pricing
S03654,3,2026-03-24,Organic Search,Mobile,/signup
S03654,4,2026-03-24,Organic Search,Mobile,/thank-you
S03655,1,2026-01-12,Organic Search,Mobile,/features
S03655,2,2026-01-12,Organic Search,Mobile,/products
S03655,3,2026-01-12,Organic Search,Mobile,/blog
S03655,4,2026-01-12,Organic Search,Mobile,/contact
S03655,5,2026-01-12,Organic Search,Mobile,/pricing
S03656,1,2026-03-30,Organic Search,Mobile,/blog
S03657,1,2026-01-26,Organic Search,Mobile,/features
S03657,2,2026-01-26,Organic Search,Mobile,/products
S03657,3,2026-01-26,Organic Search,Mobile,/blog
S03657,4,2026-01-26,Organic Search,Mobile,/contact
S03658,1,2026-03-21,Direct,Mobile,/
S03659,1,2026-01-31,Email,Mobile,/products
S03659,2,2026-01-31,Email,Mobile,/features
S03660,1,2026-03-15,Organic Search,Mobile,/pricing
S03660,2,2026-03-15,Organic Search,Mobile,/products
S03660,3,2026-03-15,Organic Search,Mobile,/features
S03661,1,2026-01-22,Organic Search,Mobile,/pricing
S03661,2,2026-01-22,Organic Search,Mobile,/products
S03662,1,2026-02-21,Email,Mobile,/
S03662,2,2026-02-21,Email,Mobile,/features
S03662,3,2026-02-21,Email,Mobile,/blog
S03662,4,2026-02-21,Email,Mobile,/contact
S03663,1,2026-03-13,Email,Tablet,/pricing
S03663,2,2026-03-13,Email,Tablet,/products
S03663,3,2026-03-13,Email,Tablet,/features
S03664,1,2026-03-24,Paid Search,Desktop,/blog
S03665,1,2026-01-19,Organic Search,Mobile,/products
S03666,1,2026-01-10,Direct,Desktop,/pricing
S03666,2,2026-01-10,Direct,Desktop,/products
S03666,3,2026-01-10,Direct,Desktop,/features
S03666,4,2026-01-10,Direct,Desktop,/blog
S03666,5,2026-01-10,Direct,Desktop,/contact
S03667,1,2026-02-23,Organic Search,Mobile,/products
S03667,2,2026-02-23,Organic Search,Mobile,/features
S03667,3,2026-02-23,Organic Search,Mobile,/blog
S03667,4,2026-02-23,Organic Search,Mobile,/contact
S03667,5,2026-02-23,Organic Search,Mobile,/pricing
S03668,1,2026-01-11,Organic Search,Desktop,/features
S03668,2,2026-01-11,Organic Search,Desktop,/products
S03668,3,2026-01-11,Organic Search,Desktop,/pricing
S03668,4,2026-01-11,Organic Search,Desktop,/blog
S03669,1,2026-01-23,Direct,Desktop,/blog
S03669,2,2026-01-23,Direct,Desktop,/features
S03669,3,2026-01-23,Direct,Desktop,/contact
S03669,4,2026-01-23,Direct,Desktop,/products
S03669,5,2026-01-23,Direct,Desktop,/pricing
S03670,1,2026-03-04,Paid Search,Desktop,/pricing
S03671,1,2026-01-20,Direct,Mobile,/contact
S03672,1,2026-01-01,Paid Search,Mobile,/blog
S03673,1,2026-01-13,Organic Search,Tablet,/products
S03673,2,2026-01-13,Organic Search,Tablet,/features
S03673,3,2026-01-13,Organic Search,Tablet,/blog
S03673,4,2026-01-13,Organic Search,Tablet,/contact
S03673,5,2026-01-13,Organic Search,Tablet,/pricing
S03674,1,2026-02-27,Direct,Mobile,/blog
S03674,2,2026-02-27,Direct,Mobile,/products
S03674,3,2026-02-27,Direct,Mobile,/features
S03675,1,2026-01-06,Social,Mobile,/contact
S03676,1,2026-02-25,Email,Desktop,/
S03676,2,2026-02-25,Email,Desktop,/features
S03676,3,2026-02-25,Email,Desktop,/blog
S03676,4,2026-02-25,Email,Desktop,/contact
S03676,5,2026-02-25,Email,Desktop,/products
S03677,1,2026-01-24,Direct,Desktop,/blog
S03677,2,2026-01-24,Direct,Desktop,/features
S03677,3,2026-01-24,Direct,Desktop,/contact
S03677,4,2026-01-24,Direct,Desktop,/products
S03677,5,2026-01-24,Direct,Desktop,/pricing
S03678,1,2026-02-25,Paid Search,Desktop,/
S03679,1,2026-03-26,Organic Search,Desktop,/features
S03680,1,2026-01-16,Organic Search,Desktop,/blog
S03681,1,2026-01-29,Social,Mobile,/contact
S03681,2,2026-01-29,Social,Mobile,/products
S03681,3,2026-01-29,Social,Mobile,/pricing
S03681,4,2026-01-29,Social,Mobile,/features
S03681,5,2026-01-29,Social,Mobile,/blog
S03682,1,2026-03-24,Organic Search,Desktop,/blog
S03683,1,2026-02-05,Direct,Desktop,/
S03683,2,2026-02-05,Direct,Desktop,/features
S03683,3,2026-02-05,Direct,Desktop,/blog
S03683,4,2026-02-05,Direct,Desktop,/contact
S03683,5,2026-02-05,Direct,Desktop,/products
S03683,6,2026-02-05,Direct,Desktop,/pricing
S03684,1,2026-03-08,Direct,Desktop,/pricing
S03684,2,2026-03-08,Direct,Desktop,/products
S03684,3,2026-03-08,Direct,Desktop,/pricing
S03684,4,2026-03-08,Direct,Desktop,/signup
S03684,5,2026-03-08,Direct,Desktop,/thank-you
S03685,1,2026-02-23,Organic Search,Mobile,/features
S03685,2,2026-02-23,Organic Search,Mobile,/products
S03685,3,2026-02-23,Organic Search,Mobile,/pricing
S03685,4,2026-02-23,Organic Search,Mobile,/signup
S03685,5,2026-02-23,Organic Search,Mobile,/thank-you
S03685,6,2026-02-23,Organic Search,Mobile,/blog
S03686,1,2026-01-26,Organic Search,Mobile,/products
S03687,1,2026-03-28,Direct,Desktop,/
S03687,2,2026-03-28,Direct,Desktop,/products
S03687,3,2026-03-28,Direct,Desktop,/pricing
S03687,4,2026-03-28,Direct,Desktop,/signup
S03687,5,2026-03-28,Direct,Desktop,/thank-you
S03687,6,2026-03-28,Direct,Desktop,/features
S03688,1,2026-02-23,Referral,Mobile,/blog
S03689,1,2026-02-27,Paid Search,Mobile,/pricing
S03689,2,2026-02-27,Paid Search,Mobile,/products
S03690,1,2026-02-05,Direct,Desktop,/
S03690,2,2026-02-05,Direct,Desktop,/features
S03690,3,2026-02-05,Direct,Desktop,/blog
S03690,4,2026-02-05,Direct,Desktop,/contact
S03690,5,2026-02-05,Direct,Desktop,/products
S03690,6,2026-02-05,Direct,Desktop,/pricing
S03691,1,2026-03-06,Organic Search,Mobile,/products
S03691,2,2026-03-06,Organic Search,Mobile,/pricing
S03691,3,2026-03-06,Organic Search,Mobile,/signup
S03691,4,2026-03-06,Organic Search,Mobile,/thank-you
S03692,1,2026-03-10,Paid Search,Mobile,/products
S03692,2,2026-03-10,Paid Search,Mobile,/features
S03693,1,2026-02-18,Organic Search,Mobile,/blog
S03693,2,2026-02-18,Organic Search,Mobile,/products
S03693,3,2026-02-18,Organic Search,Mobile,/pricing
S03693,4,2026-02-18,Organic Search,Mobile,/features
S03693,5,2026-02-18,Organic Search,Mobile,/contact
S03694,1,2026-02-14,Direct,Mobile,/pricing
S03695,1,2026-02-11,Social,Desktop,/pricing
S03695,2,2026-02-11,Social,Desktop,/products
S03695,3,2026-02-11,Social,Desktop,/features
S03695,4,2026-02-11,Social,Desktop,/blog
S03695,5,2026-02-11,Social,Desktop,/contact
S03696,1,2026-01-27,Direct,Mobile,/features
S03696,2,2026-01-27,Direct,Mobile,/products
S03696,3,2026-01-27,Direct,Mobile,/blog
S03696,4,2026-01-27,Direct,Mobile,/contact
S03696,5,2026-01-27,Direct,Mobile,/pricing
S03697,1,2026-02-22,Organic Search,Mobile,/products
S03697,2,2026-02-22,Organic Search,Mobile,/pricing
S03697,3,2026-02-22,Organic Search,Mobile,/features
S03697,4,2026-02-22,Organic Search,Mobile,/blog
S03697,5,2026-02-22,Organic Search,Mobile,/contact
S03698,1,2026-03-15,Organic Search,Mobile,/blog
S03698,2,2026-03-15,Organic Search,Mobile,/features
S03698,3,2026-03-15,Organic Search,Mobile,/contact
S03699,1,2026-03-28,Organic Search,Mobile,/products
S03699,2,2026-03-28,Organic Search,Mobile,/pricing
S03699,3,2026-03-28,Organic Search,Mobile,/signup
S03699,4,2026-03-28,Organic Search,Mobile,/thank-you
S03700,1,2026-02-05,Direct,Mobile,/products
S03701,1,2026-03-20,Email,Mobile,/pricing
S03701,2,2026-03-20,Email,Mobile,/products
S03701,3,2026-03-20,Email,Mobile,/features
S03702,1,2026-03-31,Organic Search,Mobile,/blog
S03703,1,2026-02-16,Paid Search,Mobile,/contact
S03703,2,2026-02-16,Paid Search,Mobile,/features
S03703,3,2026-02-16,Paid Search,Mobile,/blog
S03703,4,2026-02-16,Paid Search,Mobile,/products
S03703,5,2026-02-16,Paid Search,Mobile,/pricing
S03704,1,2026-02-05,Paid Search,Mobile,/products
S03705,1,2026-02-16,Organic Search,Mobile,/
S03706,1,2026-02-21,Organic Search,Mobile,/products
S03706,2,2026-02-21,Organic Search,Mobile,/features
S03706,3,2026-02-21,Organic Search,Mobile,/blog
S03707,1,2026-02-14,Direct,Mobile,/pricing
S03708,1,2026-02-05,Paid Search,Mobile,/products
S03709,1,2026-03-28,Direct,Mobile,/features
S03709,2,2026-03-28,Direct,Mobile,/products
S03709,3,2026-03-28,Direct,Mobile,/blog
S03709,4,2026-03-28,Direct,Mobile,/contact
S03710,1,2026-02-18,Social,Mobile,/features
S03710,2,2026-02-18,Social,Mobile,/products
S03710,3,2026-02-18,Social,Mobile,/blog
S03711,1,2026-01-03,Email,Desktop,/pricing
S03711,2,2026-01-03,Email,Desktop,/products
S03711,3,2026-01-03,Email,Desktop,/features
S03712,1,2026-03-31,Social,Mobile,/pricing
S03713,1,2026-01-11,Referral,Desktop,/
S03713,2,2026-01-11,Referral,Desktop,/products
S03713,3,2026-01-11,Referral,Desktop,/pricing
S03713,4,2026-01-11,Referral,Desktop,/signup
S03713,5,2026-01-11,Referral,Desktop,/thank-you
S03714,1,2026-01-11,Social,Desktop,/pricing
S03714,2,2026-01-11,Social,Desktop,/products
S03715,1,2026-02-11,Email,Mobile,/blog
S03716,1,2026-03-15,Social,Mobile,/features
S03717,1,2026-03-15,Social,Mobile,/pricing
S03718,1,2026-03-21,Social,Mobile,/
S03718,2,2026-03-21,Social,Mobile,/products
S03718,3,2026-03-21,Social,Mobile,/features
S03718,4,2026-03-21,Social,Mobile,/blog
S03718,5,2026-03-21,Social,Mobile,/contact
S03719,1,2026-02-21,Referral,Mobile,/products
S03720,1,2026-03-02,Direct,Mobile,/
S03720,2,2026-03-02,Direct,Mobile,/features
S03720,3,2026-03-02,Direct,Mobile,/blog
S03720,4,2026-03-02,Direct,Mobile,/contact
S03721,1,2026-01-24,Paid Search,Desktop,/contact
S03721,2,2026-01-24,Paid Search,Desktop,/features
S03721,3,2026-01-24,Paid Search,Desktop,/blog
S03722,1,2026-02-14,Direct,Mobile,/features
S03722,2,2026-02-14,Direct,Mobile,/products
S03722,3,2026-02-14,Direct,Mobile,/pricing
S03722,4,2026-02-14,Direct,Mobile,/signup
S03722,5,2026-02-14,Direct,Mobile,/thank-you
S03723,1,2026-03-31,Email,Desktop,/features
S03723,2,2026-03-31,Email,Desktop,/products
S03723,3,2026-03-31,Email,Desktop,/pricing
S03724,1,2026-02-18,Direct,Desktop,/features
S03724,2,2026-02-18,Direct,Desktop,/products
S03724,3,2026-02-18,Direct,Desktop,/pricing
S03724,4,2026-02-18,Direct,Desktop,/blog
S03725,1,2026-01-16,Social,Mobile,/
S03725,2,2026-01-16,Social,Mobile,/features
S03725,3,2026-01-16,Social,Mobile,/blog
S03725,4,2026-01-16,Social,Mobile,/contact
S03725,5,2026-01-16,Social,Mobile,/products
S03726,1,2026-03-03,Social,Desktop,/blog
S03727,1,2026-03-07,Referral,Tablet,/blog
S03727,2,2026-03-07,Referral,Tablet,/features
S03727,3,2026-03-07,Referral,Tablet,/contact
S03727,4,2026-03-07,Referral,Tablet,/products
S03727,5,2026-03-07,Referral,Tablet,/pricing
S03728,1,2026-03-27,Organic Search,Mobile,/products
S03729,1,2026-03-20,Paid Search,Mobile,/pricing
S03730,1,2026-02-01,Social,Mobile,/blog
S03731,1,2026-03-18,Referral,Mobile,/features
S03732,1,2026-03-24,Email,Mobile,/
S03733,1,2026-03-21,Paid Search,Mobile,/features
S03733,2,2026-03-21,Paid Search,Mobile,/products
S03733,3,2026-03-21,Paid Search,Mobile,/blog
S03733,4,2026-03-21,Paid Search,Mobile,/contact
S03733,5,2026-03-21,Paid Search,Mobile,/pricing
S03734,1,2026-01-26,Paid Search,Mobile,/contact
S03735,1,2026-02-07,Organic Search,Desktop,/contact
S03735,2,2026-02-07,Organic Search,Desktop,/features
S03735,3,2026-02-07,Organic Search,Desktop,/blog
S03735,4,2026-02-07,Organic Search,Desktop,/products
S03736,1,2026-02-10,Referral,Mobile,/
S03736,2,2026-02-10,Referral,Mobile,/features
S03736,3,2026-02-10,Referral,Mobile,/blog
S03736,4,2026-02-10,Referral,Mobile,/contact
S03737,1,2026-03-23,Organic Search,Mobile,/products
S03737,2,2026-03-23,Organic Search,Mobile,/features
S03737,3,2026-03-23,Organic Search,Mobile,/blog
S03738,1,2026-02-09,Social,Mobile,/blog
S03739,1,2026-01-27,Social,Desktop,/products
S03740,1,2026-01-16,Direct,Desktop,/
S03741,1,2026-02-21,Organic Search,Mobile,/blog
S03741,2,2026-02-21,Organic Search,Mobile,/features
S03741,3,2026-02-21,Organic Search,Mobile,/contact
S03741,4,2026-02-21,Organic Search,Mobile,/products
S03741,5,2026-02-21,Organic Search,Mobile,/pricing
S03742,1,2026-01-18,Organic Search,Desktop,/
S03742,2,2026-01-18,Organic Search,Desktop,/products
S03742,3,2026-01-18,Organic Search,Desktop,/features
S03742,4,2026-01-18,Organic Search,Desktop,/blog
S03742,5,2026-01-18,Organic Search,Desktop,/contact
S03743,1,2026-01-06,Email,Mobile,/pricing
S03743,2,2026-01-06,Email,Mobile,/products
S03743,3,2026-01-06,Email,Mobile,/features
S03744,1,2026-03-19,Direct,Desktop,/contact
S03745,1,2026-01-15,Organic Search,Mobile,/pricing
S03745,2,2026-01-15,Organic Search,Mobile,/products
S03745,3,2026-01-15,Organic Search,Mobile,/pricing
S03746,1,2026-03-31,Paid Search,Mobile,/features
S03746,2,2026-03-31,Paid Search,Mobile,/products
S03746,3,2026-03-31,Paid Search,Mobile,/pricing
S03747,1,2026-02-12,Organic Search,Desktop,/products
S03748,1,2026-03-27,Email,Desktop,/products
S03749,1,2026-02-16,Organic Search,Desktop,/
S03750,1,2026-01-20,Organic Search,Mobile,/products
S03750,2,2026-01-20,Organic Search,Mobile,/features
S03750,3,2026-01-20,Organic Search,Mobile,/blog
S03750,4,2026-01-20,Organic Search,Mobile,/contact
S03750,5,2026-01-20,Organic Search,Mobile,/pricing
S03751,1,2026-02-14,Organic Search,Desktop,/products
S03751,2,2026-02-14,Organic Search,Desktop,/pricing
S03751,3,2026-02-14,Organic Search,Desktop,/signup
S03751,4,2026-02-14,Organic Search,Desktop,/features
S03751,5,2026-02-14,Organic Search,Desktop,/blog
S03751,6,2026-02-14,Organic Search,Desktop,/contact
S03752,1,2026-01-26,Direct,Mobile,/features
S03753,1,2026-01-27,Direct,Desktop,/features
S03753,2,2026-01-27,Direct,Desktop,/products
S03753,3,2026-01-27,Direct,Desktop,/blog
S03753,4,2026-01-27,Direct,Desktop,/contact
S03754,1,2026-01-12,Social,Desktop,/
S03755,1,2026-02-18,Direct,Mobile,/
S03755,2,2026-02-18,Direct,Mobile,/features
S03755,3,2026-02-18,Direct,Mobile,/blog
S03755,4,2026-02-18,Direct,Mobile,/contact
S03755,5,2026-02-18,Direct,Mobile,/products
S03755,6,2026-02-18,Direct,Mobile,/pricing
S03756,1,2026-03-04,Direct,Mobile,/blog
S03756,2,2026-03-04,Direct,Mobile,/features
S03756,3,2026-03-04,Direct,Mobile,/contact
S03756,4,2026-03-04,Direct,Mobile,/products
S03756,5,2026-03-04,Direct,Mobile,/pricing
S03757,1,2026-02-27,Organic Search,Mobile,/pricing
S03757,2,2026-02-27,Organic Search,Mobile,/products
S03757,3,2026-02-27,Organic Search,Mobile,/pricing
S03758,1,2026-01-01,Organic Search,Mobile,/products
S03759,1,2026-01-11,Referral,Mobile,/products
S03760,1,2026-03-03,Organic Search,Mobile,/products
S03760,2,2026-03-03,Organic Search,Mobile,/pricing
S03760,3,2026-03-03,Organic Search,Mobile,/features
S03760,4,2026-03-03,Organic Search,Mobile,/blog
S03761,1,2026-02-18,Referral,Desktop,/pricing
S03761,2,2026-02-18,Referral,Desktop,/products
S03761,3,2026-02-18,Referral,Desktop,/pricing
S03762,1,2026-01-24,Direct,Mobile,/
S03763,1,2026-02-21,Organic Search,Mobile,/blog
S03764,1,2026-03-06,Organic Search,Desktop,/products
S03765,1,2026-01-23,Organic Search,Mobile,/products
S03766,1,2026-01-17,Social,Mobile,/pricing
S03766,2,2026-01-17,Social,Mobile,/products
S03766,3,2026-01-17,Social,Mobile,/features
S03766,4,2026-01-17,Social,Mobile,/blog
S03766,5,2026-01-17,Social,Mobile,/contact
S03767,1,2026-01-09,Direct,Desktop,/products
S03767,2,2026-01-09,Direct,Desktop,/features
S03767,3,2026-01-09,Direct,Desktop,/blog
S03768,1,2026-03-25,Direct,Tablet,/features
S03769,1,2026-01-20,Paid Search,Mobile,/blog
S03770,1,2026-01-11,Paid Search,Mobile,/features
S03770,2,2026-01-11,Paid Search,Mobile,/products
S03770,3,2026-01-11,Paid Search,Mobile,/blog
S03770,4,2026-01-11,Paid Search,Mobile,/contact
S03770,5,2026-01-11,Paid Search,Mobile,/pricing
S03771,1,2026-02-03,Referral,Mobile,/pricing
S03772,1,2026-01-04,Referral,Tablet,/pricing
S03773,1,2026-01-13,Paid Search,Desktop,/products
S03774,1,2026-01-11,Social,Desktop,/pricing
S03775,1,2026-03-01,Social,Desktop,/blog
S03776,1,2026-01-22,Direct,Mobile,/products
S03777,1,2026-01-17,Paid Search,Mobile,/
S03778,1,2026-03-03,Organic Search,Desktop,/products
S03778,2,2026-03-03,Organic Search,Desktop,/pricing
S03778,3,2026-03-03,Organic Search,Desktop,/signup
S03779,1,2026-02-18,Social,Desktop,/
S03780,1,2026-02-09,Referral,Mobile,/products
S03780,2,2026-02-09,Referral,Mobile,/features
S03780,3,2026-02-09,Referral,Mobile,/blog
S03780,4,2026-02-09,Referral,Mobile,/contact
S03780,5,2026-02-09,Referral,Mobile,/pricing
S03781,1,2026-01-03,Organic Search,Desktop,/pricing
S03781,2,2026-01-03,Organic Search,Desktop,/products
S03781,3,2026-01-03,Organic Search,Desktop,/pricing
S03781,4,2026-01-03,Organic Search,Desktop,/signup
S03782,1,2026-02-11,Social,Mobile,/contact
S03783,1,2026-01-16,Referral,Tablet,/
S03784,1,2026-02-23,Organic Search,Mobile,/
S03784,2,2026-02-23,Organic Search,Mobile,/features
S03785,1,2026-01-09,Direct,Desktop,/products
S03785,2,2026-01-09,Direct,Desktop,/pricing
S03785,3,2026-01-09,Direct,Desktop,/features
S03785,4,2026-01-09,Direct,Desktop,/blog
S03786,1,2026-03-02,Referral,Mobile,/
S03786,2,2026-03-02,Referral,Mobile,/features
S03786,3,2026-03-02,Referral,Mobile,/blog
S03787,1,2026-02-09,Referral,Desktop,/blog
S03787,2,2026-02-09,Referral,Desktop,/products
S03787,3,2026-02-09,Referral,Desktop,/features
S03787,4,2026-02-09,Referral,Desktop,/contact
S03787,5,2026-02-09,Referral,Desktop,/pricing
S03788,1,2026-03-06,Organic Search,Desktop,/
S03788,2,2026-03-06,Organic Search,Desktop,/products
S03788,3,2026-03-06,Organic Search,Desktop,/pricing
S03788,4,2026-03-06,Organic Search,Desktop,/features
S03788,5,2026-03-06,Organic Search,Desktop,/blog
S03788,6,2026-03-06,Organic Search,Desktop,/contact
S03789,1,2026-02-10,Direct,Mobile,/contact
S03790,1,2026-02-08,Paid Search,Desktop,/features
S03791,1,2026-03-27,Organic Search,Desktop,/pricing
S03791,2,2026-03-27,Organic Search,Desktop,/products
S03791,3,2026-03-27,Organic Search,Desktop,/features
S03791,4,2026-03-27,Organic Search,Desktop,/blog
S03792,1,2026-01-12,Direct,Desktop,/contact
S03793,1,2026-02-22,Organic Search,Mobile,/blog
S03793,2,2026-02-22,Organic Search,Mobile,/features
S03793,3,2026-02-22,Organic Search,Mobile,/contact
S03793,4,2026-02-22,Organic Search,Mobile,/products
S03794,1,2026-01-09,Organic Search,Desktop,/contact
S03795,1,2026-01-11,Paid Search,Mobile,/products
S03796,1,2026-01-24,Paid Search,Desktop,/contact
S03796,2,2026-01-24,Paid Search,Desktop,/features
S03796,3,2026-01-24,Paid Search,Desktop,/blog
S03797,1,2026-01-11,Paid Search,Mobile,/products
S03797,2,2026-01-11,Paid Search,Mobile,/pricing
S03798,1,2026-01-16,Social,Desktop,/products
S03798,2,2026-01-16,Social,Desktop,/pricing
S03798,3,2026-01-16,Social,Desktop,/features
S03798,4,2026-01-16,Social,Desktop,/blog
S03798,5,2026-01-16,Social,Desktop,/contact
S03799,1,2026-03-13,Direct,Mobile,/contact
S03800,1,2026-02-04,Organic Search,Mobile,/products
S03801,1,2026-03-08,Organic Search,Mobile,/products
S03801,2,2026-03-08,Organic Search,Mobile,/pricing
S03801,3,2026-03-08,Organic Search,Mobile,/signup
S03801,4,2026-03-08,Organic Search,Mobile,/thank-you
S03802,1,2026-03-31,Organic Search,Mobile,/
S03803,1,2026-01-20,Organic Search,Mobile,/
S03803,2,2026-01-20,Organic Search,Mobile,/products
S03803,3,2026-01-20,Organic Search,Mobile,/pricing
S03803,4,2026-01-20,Organic Search,Mobile,/signup
S03803,5,2026-01-20,Organic Search,Mobile,/thank-you
S03804,1,2026-01-28,Organic Search,Mobile,/products
S03804,2,2026-01-28,Organic Search,Mobile,/pricing
S03805,1,2026-01-22,Organic Search,Desktop,/products
S03805,2,2026-01-22,Organic Search,Desktop,/features
S03806,1,2026-03-26,Organic Search,Mobile,/pricing
S03807,1,2026-01-01,Paid Search,Mobile,/features
S03807,2,2026-01-01,Paid Search,Mobile,/products
S03807,3,2026-01-01,Paid Search,Mobile,/pricing
S03807,4,2026-01-01,Paid Search,Mobile,/blog
S03808,1,2026-02-28,Paid Search,Desktop,/
S03809,1,2026-01-20,Referral,Desktop,/features
S03810,1,2026-01-05,Social,Desktop,/pricing
S03810,2,2026-01-05,Social,Desktop,/products
S03810,3,2026-01-05,Social,Desktop,/features
S03810,4,2026-01-05,Social,Desktop,/blog
S03810,5,2026-01-05,Social,Desktop,/contact
S03811,1,2026-02-16,Paid Search,Desktop,/blog
S03812,1,2026-03-09,Organic Search,Tablet,/blog
S03812,2,2026-03-09,Organic Search,Tablet,/features
S03812,3,2026-03-09,Organic Search,Tablet,/contact
S03813,1,2026-03-22,Paid Search,Desktop,/features
S03814,1,2026-03-06,Organic Search,Tablet,/
S03815,1,2026-01-01,Direct,Desktop,/pricing
S03815,2,2026-01-01,Direct,Desktop,/products
S03815,3,2026-01-01,Direct,Desktop,/pricing
S03816,1,2026-03-05,Direct,Mobile,/features
S03817,1,2026-01-08,Direct,Desktop,/blog
S03817,2,2026-01-08,Direct,Desktop,/products
S03817,3,2026-01-08,Direct,Desktop,/pricing
S03817,4,2026-01-08,Direct,Desktop,/features
S03817,5,2026-01-08,Direct,Desktop,/contact
S03818,1,2026-01-13,Organic Search,Desktop,/
S03819,1,2026-01-10,Paid Search,Desktop,/blog
S03819,2,2026-01-10,Paid Search,Desktop,/products
S03819,3,2026-01-10,Paid Search,Desktop,/features
S03819,4,2026-01-10,Paid Search,Desktop,/contact
S03820,1,2026-01-02,Email,Desktop,/features
S03820,2,2026-01-02,Email,Desktop,/products
S03820,3,2026-01-02,Email,Desktop,/blog
S03820,4,2026-01-02,Email,Desktop,/contact
S03820,5,2026-01-02,Email,Desktop,/pricing
S03821,1,2026-03-25,Social,Mobile,/products
S03821,2,2026-03-25,Social,Mobile,/pricing
S03821,3,2026-03-25,Social,Mobile,/features
S03821,4,2026-03-25,Social,Mobile,/blog
S03822,1,2026-03-16,Paid Search,Mobile,/blog
S03823,1,2026-03-16,Direct,Desktop,/features
S03824,1,2026-03-09,Organic Search,Desktop,/pricing
S03825,1,2026-02-15,Social,Desktop,/products
S03825,2,2026-02-15,Social,Desktop,/features
S03825,3,2026-02-15,Social,Desktop,/blog
S03825,4,2026-02-15,Social,Desktop,/contact
S03825,5,2026-02-15,Social,Desktop,/pricing
S03826,1,2026-02-22,Direct,Desktop,/pricing
S03826,2,2026-02-22,Direct,Desktop,/products
S03827,1,2026-02-25,Organic Search,Desktop,/pricing
S03827,2,2026-02-25,Organic Search,Desktop,/products
S03827,3,2026-02-25,Organic Search,Desktop,/features
S03828,1,2026-03-10,Direct,Tablet,/products
S03828,2,2026-03-10,Direct,Tablet,/pricing
S03828,3,2026-03-10,Direct,Tablet,/signup
S03828,4,2026-03-10,Direct,Tablet,/thank-you
S03829,1,2026-01-07,Referral,Mobile,/blog
S03830,1,2026-02-21,Paid Search,Tablet,/pricing
S03831,1,2026-01-27,Direct,Mobile,/features
S03832,1,2026-02-23,Paid Search,Mobile,/features
S03833,1,2026-01-20,Direct,Mobile,/features
S03834,1,2026-03-28,Direct,Mobile,/pricing
S03835,1,2026-01-03,Organic Search,Mobile,/products
S03835,2,2026-01-03,Organic Search,Mobile,/features
S03835,3,2026-01-03,Organic Search,Mobile,/blog
S03836,1,2026-01-14,Direct,Mobile,/blog
S03836,2,2026-01-14,Direct,Mobile,/products
S03836,3,2026-01-14,Direct,Mobile,/features
S03836,4,2026-01-14,Direct,Mobile,/contact
S03837,1,2026-03-21,Paid Search,Desktop,/
S03838,1,2026-01-27,Organic Search,Desktop,/pricing
S03838,2,2026-01-27,Organic Search,Desktop,/products
S03838,3,2026-01-27,Organic Search,Desktop,/pricing
S03838,4,2026-01-27,Organic Search,Desktop,/features
S03838,5,2026-01-27,Organic Search,Desktop,/blog
S03838,6,2026-01-27,Organic Search,Desktop,/contact
S03839,1,2026-02-16,Social,Mobile,/
S03840,1,2026-01-11,Organic Search,Desktop,/pricing
S03841,1,2026-03-01,Paid Search,Mobile,/blog
S03841,2,2026-03-01,Paid Search,Mobile,/products
S03841,3,2026-03-01,Paid Search,Mobile,/pricing
S03841,4,2026-03-01,Paid Search,Mobile,/signup
S03841,5,2026-03-01,Paid Search,Mobile,/features
S03841,6,2026-03-01,Paid Search,Mobile,/contact
S03842,1,2026-01-21,Paid Search,Mobile,/products
S03842,2,2026-01-21,Paid Search,Mobile,/features
S03842,3,2026-01-21,Paid Search,Mobile,/blog
S03842,4,2026-01-21,Paid Search,Mobile,/contact
S03843,1,2026-03-09,Paid Search,Mobile,/products
S03843,2,2026-03-09,Paid Search,Mobile,/features
S03844,1,2026-03-18,Paid Search,Desktop,/
S03844,2,2026-03-18,Paid Search,Desktop,/features
S03844,3,2026-03-18,Paid Search,Desktop,/blog
S03844,4,2026-03-18,Paid Search,Desktop,/contact
S03844,5,2026-03-18,Paid Search,Desktop,/products
S03844,6,2026-03-18,Paid Search,Desktop,/pricing
S03845,1,2026-02-06,Referral,Desktop,/products
S03846,1,2026-03-06,Direct,Desktop,/pricing
S03846,2,2026-03-06,Direct,Desktop,/products
S03846,3,2026-03-06,Direct,Desktop,/features
S03846,4,2026-03-06,Direct,Desktop,/blog
S03846,5,2026-03-06,Direct,Desktop,/contact
S03847,1,2026-02-05,Social,Desktop,/features
S03848,1,2026-02-21,Paid Search,Desktop,/features
S03849,1,2026-01-03,Organic Search,Desktop,/contact
S03849,2,2026-01-03,Organic Search,Desktop,/products
S03849,3,2026-01-03,Organic Search,Desktop,/features
S03849,4,2026-01-03,Organic Search,Desktop,/blog
S03849,5,2026-01-03,Organic Search,Desktop,/pricing
S03850,1,2026-01-20,Organic Search,Tablet,/
S03851,1,2026-02-14,Direct,Mobile,/products
S03852,1,2026-02-13,Organic Search,Mobile,/pricing
S03852,2,2026-02-13,Organic Search,Mobile,/products
S03853,1,2026-01-26,Direct,Mobile,/blog
S03854,1,2026-02-20,Direct,Desktop,/blog
S03854,2,2026-02-20,Direct,Desktop,/products
S03854,3,2026-02-20,Direct,Desktop,/features
S03855,1,2026-01-23,Paid Search,Mobile,/features
S03856,1,2026-01-12,Organic Search,Mobile,/pricing
S03856,2,2026-01-12,Organic Search,Mobile,/products
S03856,3,2026-01-12,Organic Search,Mobile,/pricing
S03856,4,2026-01-12,Organic Search,Mobile,/features
S03857,1,2026-03-21,Social,Desktop,/pricing
S03858,1,2026-01-07,Direct,Tablet,/contact
S03858,2,2026-01-07,Direct,Tablet,/features
S03859,1,2026-01-18,Paid Search,Mobile,/products
S03859,2,2026-01-18,Paid Search,Mobile,/features
S03859,3,2026-01-18,Paid Search,Mobile,/blog
S03859,4,2026-01-18,Paid Search,Mobile,/contact
S03859,5,2026-01-18,Paid Search,Mobile,/pricing
S03860,1,2026-01-17,Organic Search,Mobile,/features
S03860,2,2026-01-17,Organic Search,Mobile,/products
S03860,3,2026-01-17,Organic Search,Mobile,/pricing
S03860,4,2026-01-17,Organic Search,Mobile,/signup
S03860,5,2026-01-17,Organic Search,Mobile,/thank-you
S03860,6,2026-01-17,Organic Search,Mobile,/blog
S03861,1,2026-03-26,Direct,Mobile,/blog
S03862,1,2026-03-13,Organic Search,Mobile,/
S03863,1,2026-03-15,Paid Search,Desktop,/contact
S03863,2,2026-03-15,Paid Search,Desktop,/features
S03863,3,2026-03-15,Paid Search,Desktop,/blog
S03863,4,2026-03-15,Paid Search,Desktop,/products
S03863,5,2026-03-15,Paid Search,Desktop,/pricing
S03864,1,2026-02-21,Direct,Desktop,/features
S03864,2,2026-02-21,Direct,Desktop,/products
S03864,3,2026-02-21,Direct,Desktop,/pricing
S03864,4,2026-02-21,Direct,Desktop,/signup
S03864,5,2026-02-21,Direct,Desktop,/thank-you
S03865,1,2026-03-15,Referral,Mobile,/features
S03865,2,2026-03-15,Referral,Mobile,/products
S03865,3,2026-03-15,Referral,Mobile,/pricing
S03866,1,2026-02-28,Direct,Mobile,/
S03866,2,2026-02-28,Direct,Mobile,/features
S03866,3,2026-02-28,Direct,Mobile,/blog
S03866,4,2026-02-28,Direct,Mobile,/contact
S03867,1,2026-03-11,Paid Search,Mobile,/
S03867,2,2026-03-11,Paid Search,Mobile,/features
S03868,1,2026-01-10,Organic Search,Mobile,/blog
S03869,1,2026-01-23,Paid Search,Mobile,/
S03870,1,2026-01-29,Direct,Desktop,/
S03870,2,2026-01-29,Direct,Desktop,/features
S03870,3,2026-01-29,Direct,Desktop,/blog
S03870,4,2026-01-29,Direct,Desktop,/contact
S03871,1,2026-03-01,Direct,Mobile,/products
S03871,2,2026-03-01,Direct,Mobile,/features
S03871,3,2026-03-01,Direct,Mobile,/blog
S03871,4,2026-03-01,Direct,Mobile,/contact
S03872,1,2026-01-22,Organic Search,Desktop,/
S03872,2,2026-01-22,Organic Search,Desktop,/products
S03873,1,2026-01-09,Organic Search,Mobile,/blog
S03873,2,2026-01-09,Organic Search,Mobile,/features
S03873,3,2026-01-09,Organic Search,Mobile,/contact
S03873,4,2026-01-09,Organic Search,Mobile,/products
S03874,1,2026-03-12,Organic Search,Desktop,/pricing
S03875,1,2026-02-03,Referral,Mobile,/
S03876,1,2026-01-13,Direct,Mobile,/pricing
S03876,2,2026-01-13,Direct,Mobile,/products
S03876,3,2026-01-13,Direct,Mobile,/features
S03876,4,2026-01-13,Direct,Mobile,/blog
S03877,1,2026-03-24,Organic Search,Desktop,/
S03877,2,2026-03-24,Organic Search,Desktop,/products
S03877,3,2026-03-24,Organic Search,Desktop,/features
S03877,4,2026-03-24,Organic Search,Desktop,/blog
S03878,1,2026-01-25,Referral,Desktop,/
S03878,2,2026-01-25,Referral,Desktop,/features
S03878,3,2026-01-25,Referral,Desktop,/blog
S03879,1,2026-03-02,Organic Search,Mobile,/pricing
S03879,2,2026-03-02,Organic Search,Mobile,/products
S03879,3,2026-03-02,Organic Search,Mobile,/features
S03879,4,2026-03-02,Organic Search,Mobile,/blog
S03879,5,2026-03-02,Organic Search,Mobile,/contact
S03880,1,2026-03-04,Direct,Mobile,/pricing
S03880,2,2026-03-04,Direct,Mobile,/products
S03881,1,2026-03-16,Paid Search,Desktop,/products
S03882,1,2026-02-28,Email,Desktop,/blog
S03883,1,2026-02-19,Paid Search,Desktop,/products
S03884,1,2026-03-20,Direct,Mobile,/pricing
S03884,2,2026-03-20,Direct,Mobile,/products
S03885,1,2026-01-03,Referral,Mobile,/products
S03885,2,2026-01-03,Referral,Mobile,/pricing
S03885,3,2026-01-03,Referral,Mobile,/features
S03885,4,2026-01-03,Referral,Mobile,/blog
S03886,1,2026-03-18,Organic Search,Mobile,/blog
S03887,1,2026-03-23,Referral,Mobile,/pricing
S03887,2,2026-03-23,Referral,Mobile,/products
S03887,3,2026-03-23,Referral,Mobile,/features
S03887,4,2026-03-23,Referral,Mobile,/blog
S03887,5,2026-03-23,Referral,Mobile,/contact
S03888,1,2026-03-17,Email,Desktop,/
S03888,2,2026-03-17,Email,Desktop,/features
S03888,3,2026-03-17,Email,Desktop,/blog
S03889,1,2026-03-04,Referral,Desktop,/blog
S03889,2,2026-03-04,Referral,Desktop,/features
S03890,1,2026-03-09,Organic Search,Mobile,/features
S03891,1,2026-03-17,Organic Search,Desktop,/
S03891,2,2026-03-17,Organic Search,Desktop,/features
S03891,3,2026-03-17,Organic Search,Desktop,/blog
S03891,4,2026-03-17,Organic Search,Desktop,/contact
S03891,5,2026-03-17,Organic Search,Desktop,/products
S03892,1,2026-01-14,Paid Search,Desktop,/blog
S03893,1,2026-02-28,Direct,Desktop,/features
S03893,2,2026-02-28,Direct,Desktop,/products
S03893,3,2026-02-28,Direct,Desktop,/blog
S03893,4,2026-02-28,Direct,Desktop,/contact
S03894,1,2026-02-18,Direct,Mobile,/
S03894,2,2026-02-18,Direct,Mobile,/features
S03894,3,2026-02-18,Direct,Mobile,/blog
S03894,4,2026-02-18,Direct,Mobile,/contact
S03895,1,2026-03-10,Referral,Mobile,/features
S03895,2,2026-03-10,Referral,Mobile,/products
S03895,3,2026-03-10,Referral,Mobile,/pricing
S03895,4,2026-03-10,Referral,Mobile,/signup
S03895,5,2026-03-10,Referral,Mobile,/thank-you
S03896,1,2026-01-11,Paid Search,Mobile,/products
S03896,2,2026-01-11,Paid Search,Mobile,/features
S03896,3,2026-01-11,Paid Search,Mobile,/blog
S03896,4,2026-01-11,Paid Search,Mobile,/contact
S03897,1,2026-01-09,Organic Search,Mobile,/blog
S03897,2,2026-01-09,Organic Search,Mobile,/features
S03898,1,2026-02-14,Direct,Mobile,/features
S03898,2,2026-02-14,Direct,Mobile,/products
S03898,3,2026-02-14,Direct,Mobile,/blog
S03899,1,2026-01-08,Organic Search,Mobile,/contact
S03900,1,2026-03-12,Organic Search,Mobile,/pricing
S03901,1,2026-01-24,Organic Search,Mobile,/blog
S03902,1,2026-02-15,Social,Desktop,/products
S03903,1,2026-01-06,Paid Search,Desktop,/products
S03904,1,2026-02-01,Direct,Mobile,/features
S03904,2,2026-02-01,Direct,Mobile,/products
S03904,3,2026-02-01,Direct,Mobile,/blog
S03904,4,2026-02-01,Direct,Mobile,/contact
S03905,1,2026-03-02,Direct,Desktop,/products
S03905,2,2026-03-02,Direct,Desktop,/pricing
S03906,1,2026-03-31,Paid Search,Mobile,/features
S03907,1,2026-02-28,Social,Mobile,/
S03907,2,2026-02-28,Social,Mobile,/products
S03907,3,2026-02-28,Social,Mobile,/features
S03907,4,2026-02-28,Social,Mobile,/blog
S03907,5,2026-02-28,Social,Mobile,/contact
S03907,6,2026-02-28,Social,Mobile,/pricing
S03908,1,2026-01-28,Email,Desktop,/products
S03908,2,2026-01-28,Email,Desktop,/features
S03908,3,2026-01-28,Email,Desktop,/blog
S03909,1,2026-02-22,Direct,Mobile,/
S03909,2,2026-02-22,Direct,Mobile,/features
S03909,3,2026-02-22,Direct,Mobile,/blog
S03909,4,2026-02-22,Direct,Mobile,/contact
S03909,5,2026-02-22,Direct,Mobile,/products
S03910,1,2026-01-17,Social,Mobile,/pricing
S03910,2,2026-01-17,Social,Mobile,/products
S03910,3,2026-01-17,Social,Mobile,/features
S03910,4,2026-01-17,Social,Mobile,/blog
S03910,5,2026-01-17,Social,Mobile,/contact
S03911,1,2026-02-12,Direct,Mobile,/
S03911,2,2026-02-12,Direct,Mobile,/features
S03911,3,2026-02-12,Direct,Mobile,/blog
S03912,1,2026-02-15,Direct,Mobile,/products
S03912,2,2026-02-15,Direct,Mobile,/pricing
S03912,3,2026-02-15,Direct,Mobile,/signup
S03912,4,2026-02-15,Direct,Mobile,/thank-you
S03913,1,2026-01-11,Email,Desktop,/contact
S03913,2,2026-01-11,Email,Desktop,/features
S03913,3,2026-01-11,Email,Desktop,/blog
S03913,4,2026-01-11,Email,Desktop,/products
S03913,5,2026-01-11,Email,Desktop,/pricing
S03914,1,2026-02-10,Direct,Mobile,/features
S03915,1,2026-03-10,Direct,Mobile,/blog
S03916,1,2026-01-31,Organic Search,Mobile,/
S03916,2,2026-01-31,Organic Search,Mobile,/features
S03916,3,2026-01-31,Organic Search,Mobile,/blog
S03917,1,2026-01-08,Direct,Mobile,/products
S03918,1,2026-01-25,Direct,Mobile,/blog
S03919,1,2026-03-10,Paid Search,Desktop,/
S03920,1,2026-03-31,Direct,Desktop,/pricing
S03920,2,2026-03-31,Direct,Desktop,/products
S03921,1,2026-03-20,Organic Search,Mobile,/contact
S03922,1,2026-02-02,Email,Desktop,/
S03922,2,2026-02-02,Email,Desktop,/products
S03922,3,2026-02-02,Email,Desktop,/features
S03922,4,2026-02-02,Email,Desktop,/blog
S03923,1,2026-02-17,Direct,Mobile,/features
S03923,2,2026-02-17,Direct,Mobile,/products
S03923,3,2026-02-17,Direct,Mobile,/blog
S03923,4,2026-02-17,Direct,Mobile,/contact
S03924,1,2026-02-19,Referral,Mobile,/products
S03924,2,2026-02-19,Referral,Mobile,/pricing
S03924,3,2026-02-19,Referral,Mobile,/signup
S03924,4,2026-02-19,Referral,Mobile,/features
S03924,5,2026-02-19,Referral,Mobile,/blog
S03925,1,2026-03-03,Organic Search,Mobile,/products
S03926,1,2026-01-08,Paid Search,Mobile,/products
S03926,2,2026-01-08,Paid Search,Mobile,/pricing
S03926,3,2026-01-08,Paid Search,Mobile,/features
S03926,4,2026-01-08,Paid Search,Mobile,/blog
S03926,5,2026-01-08,Paid Search,Mobile,/contact
S03927,1,2026-02-14,Direct,Desktop,/contact
S03927,2,2026-02-14,Direct,Desktop,/products
S03927,3,2026-02-14,Direct,Desktop,/pricing
S03928,1,2026-02-11,Social,Tablet,/blog
S03928,2,2026-02-11,Social,Tablet,/products
S03928,3,2026-02-11,Social,Tablet,/pricing
S03928,4,2026-02-11,Social,Tablet,/signup
S03929,1,2026-01-21,Organic Search,Mobile,/blog
S03929,2,2026-01-21,Organic Search,Mobile,/features
S03929,3,2026-01-21,Organic Search,Mobile,/contact
S03929,4,2026-01-21,Organic Search,Mobile,/products
S03929,5,2026-01-21,Organic Search,Mobile,/pricing
S03930,1,2026-02-15,Email,Mobile,/products
S03930,2,2026-02-15,Email,Mobile,/pricing
S03930,3,2026-02-15,Email,Mobile,/signup
S03930,4,2026-02-15,Email,Mobile,/thank-you
S03930,5,2026-02-15,Email,Mobile,/features
S03931,1,2026-01-05,Direct,Desktop,/features
S03931,2,2026-01-05,Direct,Desktop,/products
S03931,3,2026-01-05,Direct,Desktop,/blog
S03932,1,2026-02-01,Paid Search,Mobile,/pricing
S03932,2,2026-02-01,Paid Search,Mobile,/products
S03932,3,2026-02-01,Paid Search,Mobile,/pricing
S03932,4,2026-02-01,Paid Search,Mobile,/features
S03933,1,2026-03-03,Direct,Mobile,/blog
S03933,2,2026-03-03,Direct,Mobile,/products
S03933,3,2026-03-03,Direct,Mobile,/pricing
S03933,4,2026-03-03,Direct,Mobile,/features
S03933,5,2026-03-03,Direct,Mobile,/contact
S03934,1,2026-01-04,Organic Search,Tablet,/blog
S03934,2,2026-01-04,Organic Search,Tablet,/features
S03934,3,2026-01-04,Organic Search,Tablet,/contact
S03934,4,2026-01-04,Organic Search,Tablet,/products
S03934,5,2026-01-04,Organic Search,Tablet,/pricing
S03935,1,2026-01-11,Direct,Desktop,/features
S03935,2,2026-01-11,Direct,Desktop,/products
S03935,3,2026-01-11,Direct,Desktop,/pricing
S03935,4,2026-01-11,Direct,Desktop,/blog
S03936,1,2026-02-17,Organic Search,Tablet,/blog
S03936,2,2026-02-17,Organic Search,Tablet,/products
S03936,3,2026-02-17,Organic Search,Tablet,/features
S03937,1,2026-02-17,Direct,Mobile,/
S03937,2,2026-02-17,Direct,Mobile,/features
S03937,3,2026-02-17,Direct,Mobile,/blog
S03937,4,2026-02-17,Direct,Mobile,/contact
S03937,5,2026-02-17,Direct,Mobile,/products
S03937,6,2026-02-17,Direct,Mobile,/pricing
S03938,1,2026-01-04,Paid Search,Mobile,/features
S03939,1,2026-01-20,Direct,Mobile,/products
S03939,2,2026-01-20,Direct,Mobile,/pricing
S03939,3,2026-01-20,Direct,Mobile,/features
S03940,1,2026-01-20,Organic Search,Desktop,/contact
S03941,1,2026-01-03,Organic Search,Mobile,/products
S03941,2,2026-01-03,Organic Search,Mobile,/features
S03941,3,2026-01-03,Organic Search,Mobile,/blog
S03941,4,2026-01-03,Organic Search,Mobile,/contact
S03942,1,2026-03-26,Organic Search,Mobile,/
S03942,2,2026-03-26,Organic Search,Mobile,/features
S03943,1,2026-03-14,Organic Search,Mobile,/products
S03944,1,2026-02-01,Paid Search,Desktop,/pricing
S03945,1,2026-02-08,Organic Search,Desktop,/products
S03945,2,2026-02-08,Organic Search,Desktop,/pricing
S03945,3,2026-02-08,Organic Search,Desktop,/features
S03945,4,2026-02-08,Organic Search,Desktop,/blog
S03945,5,2026-02-08,Organic Search,Desktop,/contact
S03946,1,2026-02-07,Email,Desktop,/features
S03947,1,2026-01-02,Organic Search,Mobile,/blog
S03948,1,2026-02-17,Organic Search,Desktop,/products
S03948,2,2026-02-17,Organic Search,Desktop,/features
S03948,3,2026-02-17,Organic Search,Desktop,/blog
S03948,4,2026-02-17,Organic Search,Desktop,/contact
S03948,5,2026-02-17,Organic Search,Desktop,/pricing
S03949,1,2026-01-25,Email,Mobile,/pricing
S03950,1,2026-03-20,Organic Search,Mobile,/features
S03950,2,2026-03-20,Organic Search,Mobile,/products
S03950,3,2026-03-20,Organic Search,Mobile,/blog
S03950,4,2026-03-20,Organic Search,Mobile,/contact
S03950,5,2026-03-20,Organic Search,Mobile,/pricing
S03951,1,2026-02-20,Direct,Mobile,/features
S03952,1,2026-01-24,Referral,Mobile,/products
S03953,1,2026-02-27,Referral,Mobile,/contact
S03954,1,2026-03-27,Paid Search,Tablet,/
S03954,2,2026-03-27,Paid Search,Tablet,/products
S03954,3,2026-03-27,Paid Search,Tablet,/features
S03955,1,2026-03-21,Organic Search,Mobile,/blog
S03956,1,2026-03-09,Paid Search,Mobile,/features
S03957,1,2026-02-17,Referral,Desktop,/products
S03957,2,2026-02-17,Referral,Desktop,/features
S03957,3,2026-02-17,Referral,Desktop,/blog
S03957,4,2026-02-17,Referral,Desktop,/contact
S03958,1,2026-01-12,Referral,Desktop,/
S03958,2,2026-01-12,Referral,Desktop,/features
S03959,1,2026-01-28,Organic Search,Mobile,/blog
S03959,2,2026-01-28,Organic Search,Mobile,/products
S03959,3,2026-01-28,Organic Search,Mobile,/features
S03959,4,2026-01-28,Organic Search,Mobile,/contact
S03960,1,2026-03-09,Direct,Desktop,/products
S03961,1,2026-01-23,Organic Search,Mobile,/
S03962,1,2026-03-07,Organic Search,Mobile,/
S03962,2,2026-03-07,Organic Search,Mobile,/products
S03962,3,2026-03-07,Organic Search,Mobile,/pricing
S03962,4,2026-03-07,Organic Search,Mobile,/features
S03962,5,2026-03-07,Organic Search,Mobile,/blog
S03962,6,2026-03-07,Organic Search,Mobile,/contact
S03963,1,2026-03-11,Paid Search,Desktop,/blog
S03963,2,2026-03-11,Paid Search,Desktop,/products
S03963,3,2026-03-11,Paid Search,Desktop,/features
S03963,4,2026-03-11,Paid Search,Desktop,/contact
S03963,5,2026-03-11,Paid Search,Desktop,/pricing
S03964,1,2026-02-26,Organic Search,Mobile,/products
S03964,2,2026-02-26,Organic Search,Mobile,/pricing
S03964,3,2026-02-26,Organic Search,Mobile,/signup
S03964,4,2026-02-26,Organic Search,Mobile,/thank-you
S03965,1,2026-02-03,Direct,Mobile,/pricing
S03965,2,2026-02-03,Direct,Mobile,/products
S03965,3,2026-02-03,Direct,Mobile,/pricing
S03965,4,2026-02-03,Direct,Mobile,/features
S03965,5,2026-02-03,Direct,Mobile,/blog
S03965,6,2026-02-03,Direct,Mobile,/contact
S03966,1,2026-02-05,Organic Search,Mobile,/contact
S03966,2,2026-02-05,Organic Search,Mobile,/features
S03966,3,2026-02-05,Organic Search,Mobile,/blog
S03966,4,2026-02-05,Organic Search,Mobile,/products
S03967,1,2026-03-11,Direct,Mobile,/blog
S03968,1,2026-03-13,Organic Search,Mobile,/pricing
S03968,2,2026-03-13,Organic Search,Mobile,/products
S03969,1,2026-01-07,Direct,Desktop,/pricing
S03969,2,2026-01-07,Direct,Desktop,/products
S03969,3,2026-01-07,Direct,Desktop,/pricing
S03969,4,2026-01-07,Direct,Desktop,/signup
S03969,5,2026-01-07,Direct,Desktop,/thank-you
S03970,1,2026-03-19,Organic Search,Mobile,/
S03971,1,2026-02-27,Referral,Desktop,/pricing
S03971,2,2026-02-27,Referral,Desktop,/products
S03971,3,2026-02-27,Referral,Desktop,/pricing
S03971,4,2026-02-27,Referral,Desktop,/signup
S03972,1,2026-01-07,Organic Search,Mobile,/
S03973,1,2026-01-10,Direct,Desktop,/
S03973,2,2026-01-10,Direct,Desktop,/features
S03973,3,2026-01-10,Direct,Desktop,/blog
S03973,4,2026-01-10,Direct,Desktop,/contact
S03974,1,2026-02-03,Organic Search,Mobile,/
S03974,2,2026-02-03,Organic Search,Mobile,/features
S03974,3,2026-02-03,Organic Search,Mobile,/blog
S03974,4,2026-02-03,Organic Search,Mobile,/contact
S03975,1,2026-03-15,Organic Search,Mobile,/blog
S03975,2,2026-03-15,Organic Search,Mobile,/features
S03975,3,2026-03-15,Organic Search,Mobile,/contact
S03975,4,2026-03-15,Organic Search,Mobile,/products
S03975,5,2026-03-15,Organic Search,Mobile,/pricing
S03976,1,2026-02-18,Organic Search,Mobile,/products
S03977,1,2026-02-20,Organic Search,Mobile,/
S03977,2,2026-02-20,Organic Search,Mobile,/products
S03977,3,2026-02-20,Organic Search,Mobile,/features
S03977,4,2026-02-20,Organic Search,Mobile,/blog
S03977,5,2026-02-20,Organic Search,Mobile,/contact
S03977,6,2026-02-20,Organic Search,Mobile,/pricing
S03978,1,2026-03-30,Organic Search,Desktop,/features
S03979,1,2026-01-05,Direct,Desktop,/
S03980,1,2026-02-14,Paid Search,Desktop,/blog
S03980,2,2026-02-14,Paid Search,Desktop,/products
S03980,3,2026-02-14,Paid Search,Desktop,/pricing
S03981,1,2026-01-13,Organic Search,Mobile,/products
S03982,1,2026-01-30,Direct,Mobile,/pricing
S03982,2,2026-01-30,Direct,Mobile,/products
S03982,3,2026-01-30,Direct,Mobile,/pricing
S03982,4,2026-01-30,Direct,Mobile,/signup
S03982,5,2026-01-30,Direct,Mobile,/thank-you
S03983,1,2026-01-06,Paid Search,Desktop,/
S03984,1,2026-01-09,Organic Search,Desktop,/
S03984,2,2026-01-09,Organic Search,Desktop,/features
S03984,3,2026-01-09,Organic Search,Desktop,/blog
S03984,4,2026-01-09,Organic Search,Desktop,/contact
S03985,1,2026-03-23,Direct,Desktop,/features
S03985,2,2026-03-23,Direct,Desktop,/products
S03985,3,2026-03-23,Direct,Desktop,/blog
S03985,4,2026-03-23,Direct,Desktop,/contact
S03985,5,2026-03-23,Direct,Desktop,/pricing
S03986,1,2026-02-24,Organic Search,Desktop,/pricing
S03986,2,2026-02-24,Organic Search,Desktop,/products
S03986,3,2026-02-24,Organic Search,Desktop,/pricing
S03987,1,2026-03-26,Organic Search,Mobile,/
S03987,2,2026-03-26,Organic Search,Mobile,/products
S03987,3,2026-03-26,Organic Search,Mobile,/pricing
S03987,4,2026-03-26,Organic Search,Mobile,/features
S03988,1,2026-03-14,Direct,Tablet,/products
S03989,1,2026-02-04,Referral,Mobile,/pricing
S03989,2,2026-02-04,Referral,Mobile,/products
S03989,3,2026-02-04,Referral,Mobile,/pricing
S03989,4,2026-02-04,Referral,Mobile,/features
S03990,1,2026-03-31,Referral,Mobile,/
S03990,2,2026-03-31,Referral,Mobile,/products
S03990,3,2026-03-31,Referral,Mobile,/pricing
S03990,4,2026-03-31,Referral,Mobile,/signup
S03990,5,2026-03-31,Referral,Mobile,/thank-you
S03991,1,2026-01-06,Referral,Desktop,/pricing
S03991,2,2026-01-06,Referral,Desktop,/products
S03991,3,2026-01-06,Referral,Desktop,/pricing
S03991,4,2026-01-06,Referral,Desktop,/signup
S03991,5,2026-01-06,Referral,Desktop,/thank-you
S03992,1,2026-02-27,Direct,Mobile,/pricing
S03992,2,2026-02-27,Direct,Mobile,/products
S03992,3,2026-02-27,Direct,Mobile,/pricing
S03992,4,2026-02-27,Direct,Mobile,/signup
S03992,5,2026-02-27,Direct,Mobile,/thank-you
S03993,1,2026-01-02,Organic Search,Mobile,/blog
S03993,2,2026-01-02,Organic Search,Mobile,/features
S03993,3,2026-01-02,Organic Search,Mobile,/contact
S03993,4,2026-01-02,Organic Search,Mobile,/products
S03994,1,2026-02-25,Direct,Mobile,/features
S03994,2,2026-02-25,Direct,Mobile,/products
S03994,3,2026-02-25,Direct,Mobile,/blog
S03994,4,2026-02-25,Direct,Mobile,/contact
S03994,5,2026-02-25,Direct,Mobile,/pricing
S03995,1,2026-03-03,Organic Search,Mobile,/products
S03995,2,2026-03-03,Organic Search,Mobile,/pricing
S03995,3,2026-03-03,Organic Search,Mobile,/features
S03995,4,2026-03-03,Organic Search,Mobile,/blog
S03996,1,2026-02-20,Organic Search,Desktop,/features
S03997,1,2026-01-28,Organic Search,Desktop,/pricing
S03997,2,2026-01-28,Organic Search,Desktop,/products
S03997,3,2026-01-28,Organic Search,Desktop,/features
S03997,4,2026-01-28,Organic Search,Desktop,/blog
S03997,5,2026-01-28,Organic Search,Desktop,/contact
S03998,1,2026-03-10,Direct,Mobile,/pricing
S03998,2,2026-03-10,Direct,Mobile,/products
S03998,3,2026-03-10,Direct,Mobile,/pricing
S03998,4,2026-03-10,Direct,Mobile,/features
S03998,5,2026-03-10,Direct,Mobile,/blog
S03999,1,2026-03-04,Direct,Tablet,/blog
S04000,1,2026-02-15,Organic Search,Desktop,/blog
S04001,1,2026-02-08,Paid Search,Desktop,/
S04001,2,2026-02-08,Paid Search,Desktop,/products
S04001,3,2026-02-08,Paid Search,Desktop,/features
S04001,4,2026-02-08,Paid Search,Desktop,/blog
S04001,5,2026-02-08,Paid Search,Desktop,/contact
S04001,6,2026-02-08,Paid Search,Desktop,/pricing
S04002,1,2026-01-25,Direct,Mobile,/contact
S04002,2,2026-01-25,Direct,Mobile,/features
S04002,3,2026-01-25,Direct,Mobile,/blog
S04002,4,2026-01-25,Direct,Mobile,/products
S04002,5,2026-01-25,Direct,Mobile,/pricing
S04003,1,2026-02-10,Email,Mobile,/contact
S04004,1,2026-02-02,Organic Search,Mobile,/products
S04005,1,2026-03-03,Direct,Mobile,/pricing
S04005,2,2026-03-03,Direct,Mobile,/products
S04005,3,2026-03-03,Direct,Mobile,/features
S04005,4,2026-03-03,Direct,Mobile,/blog
S04005,5,2026-03-03,Direct,Mobile,/contact
S04006,1,2026-03-05,Organic Search,Desktop,/features
S04007,1,2026-03-21,Direct,Mobile,/contact
S04008,1,2026-03-16,Organic Search,Mobile,/pricing
S04008,2,2026-03-16,Organic Search,Mobile,/products
S04008,3,2026-03-16,Organic Search,Mobile,/pricing
S04008,4,2026-03-16,Organic Search,Mobile,/features
S04008,5,2026-03-16,Organic Search,Mobile,/blog
S04009,1,2026-02-14,Organic Search,Desktop,/
S04010,1,2026-02-25,Paid Search,Mobile,/blog
S04010,2,2026-02-25,Paid Search,Mobile,/features
S04010,3,2026-02-25,Paid Search,Mobile,/contact
S04010,4,2026-02-25,Paid Search,Mobile,/products
S04011,1,2026-03-29,Organic Search,Mobile,/
S04011,2,2026-03-29,Organic Search,Mobile,/features
S04012,1,2026-03-07,Organic Search,Desktop,/blog
S04013,1,2026-01-14,Referral,Desktop,/pricing
S04013,2,2026-01-14,Referral,Desktop,/products
S04013,3,2026-01-14,Referral,Desktop,/pricing
S04013,4,2026-01-14,Referral,Desktop,/features
S04013,5,2026-01-14,Referral,Desktop,/blog
S04013,6,2026-01-14,Referral,Desktop,/contact
S04014,1,2026-01-01,Organic Search,Mobile,/blog
S04015,1,2026-02-27,Paid Search,Tablet,/products
S04015,2,2026-02-27,Paid Search,Tablet,/pricing
S04015,3,2026-02-27,Paid Search,Tablet,/signup
S04016,1,2026-03-28,Direct,Desktop,/pricing
S04016,2,2026-03-28,Direct,Desktop,/products
S04016,3,2026-03-28,Direct,Desktop,/pricing
S04016,4,2026-03-28,Direct,Desktop,/features
S04016,5,2026-03-28,Direct,Desktop,/blog
S04017,1,2026-03-10,Organic Search,Desktop,/blog
S04017,2,2026-03-10,Organic Search,Desktop,/features
S04017,3,2026-03-10,Organic Search,Desktop,/contact
S04017,4,2026-03-10,Organic Search,Desktop,/products
S04018,1,2026-01-17,Direct,Mobile,/products
S04019,1,2026-01-01,Organic Search,Desktop,/products
S04020,1,2026-01-24,Social,Desktop,/products
S04021,1,2026-03-05,Organic Search,Mobile,/features
S04021,2,2026-03-05,Organic Search,Mobile,/products
S04021,3,2026-03-05,Organic Search,Mobile,/pricing
S04021,4,2026-03-05,Organic Search,Mobile,/signup
S04022,1,2026-01-24,Organic Search,Tablet,/pricing
S04023,1,2026-02-02,Organic Search,Desktop,/blog
S04023,2,2026-02-02,Organic Search,Desktop,/products
S04023,3,2026-02-02,Organic Search,Desktop,/pricing
S04023,4,2026-02-02,Organic Search,Desktop,/signup
S04024,1,2026-01-26,Email,Mobile,/pricing
S04024,2,2026-01-26,Email,Mobile,/products
S04024,3,2026-01-26,Email,Mobile,/pricing
S04024,4,2026-01-26,Email,Mobile,/signup
S04025,1,2026-03-08,Social,Desktop,/features
S04026,1,2026-01-17,Referral,Mobile,/pricing
S04027,1,2026-02-04,Paid Search,Desktop,/
S04028,1,2026-01-02,Paid Search,Desktop,/products
S04028,2,2026-01-02,Paid Search,Desktop,/features
S04028,3,2026-01-02,Paid Search,Desktop,/blog
S04029,1,2026-01-21,Direct,Mobile,/
S04030,1,2026-03-27,Email,Mobile,/features
S04030,2,2026-03-27,Email,Mobile,/products
S04030,3,2026-03-27,Email,Mobile,/pricing
S04030,4,2026-03-27,Email,Mobile,/signup
S04030,5,2026-03-27,Email,Mobile,/thank-you
S04031,1,2026-01-13,Direct,Mobile,/blog
S04031,2,2026-01-13,Direct,Mobile,/features
S04031,3,2026-01-13,Direct,Mobile,/contact
S04031,4,2026-01-13,Direct,Mobile,/products
S04031,5,2026-01-13,Direct,Mobile,/pricing
S04032,1,2026-02-07,Direct,Desktop,/blog
S04033,1,2026-01-23,Paid Search,Mobile,/blog
S04033,2,2026-01-23,Paid Search,Mobile,/features
S04033,3,2026-01-23,Paid Search,Mobile,/contact
S04033,4,2026-01-23,Paid Search,Mobile,/products
S04033,5,2026-01-23,Paid Search,Mobile,/pricing
S04034,1,2026-01-14,Direct,Desktop,/features
S04034,2,2026-01-14,Direct,Desktop,/products
S04035,1,2026-01-22,Organic Search,Mobile,/contact
S04035,2,2026-01-22,Organic Search,Mobile,/features
S04035,3,2026-01-22,Organic Search,Mobile,/blog
S04035,4,2026-01-22,Organic Search,Mobile,/products
S04035,5,2026-01-22,Organic Search,Mobile,/pricing
S04036,1,2026-02-10,Direct,Mobile,/blog
S04037,1,2026-01-05,Organic Search,Desktop,/products
S04038,1,2026-02-20,Email,Mobile,/
S04038,2,2026-02-20,Email,Mobile,/features
S04038,3,2026-02-20,Email,Mobile,/blog
S04039,1,2026-02-08,Direct,Mobile,/pricing
S04039,2,2026-02-08,Direct,Mobile,/products
S04039,3,2026-02-08,Direct,Mobile,/pricing
S04039,4,2026-02-08,Direct,Mobile,/signup
S04039,5,2026-02-08,Direct,Mobile,/thank-you
S04040,1,2026-03-09,Social,Mobile,/features
S04041,1,2026-02-24,Direct,Mobile,/pricing
S04042,1,2026-02-16,Social,Mobile,/products
S04043,1,2026-02-10,Organic Search,Mobile,/blog
S04043,2,2026-02-10,Organic Search,Mobile,/features
S04043,3,2026-02-10,Organic Search,Mobile,/contact
S04044,1,2026-02-28,Referral,Desktop,/pricing
S04045,1,2026-03-02,Direct,Mobile,/products
S04045,2,2026-03-02,Direct,Mobile,/pricing
S04045,3,2026-03-02,Direct,Mobile,/signup
S04045,4,2026-03-02,Direct,Mobile,/thank-you
S04046,1,2026-01-18,Organic Search,Mobile,/features
S04047,1,2026-02-03,Organic Search,Mobile,/pricing
S04047,2,2026-02-03,Organic Search,Mobile,/products
S04047,3,2026-02-03,Organic Search,Mobile,/features
S04047,4,2026-02-03,Organic Search,Mobile,/blog
S04048,1,2026-03-19,Organic Search,Mobile,/products
S04049,1,2026-02-25,Direct,Tablet,/products
S04049,2,2026-02-25,Direct,Tablet,/features
S04049,3,2026-02-25,Direct,Tablet,/blog
S04050,1,2026-03-19,Paid Search,Mobile,/pricing
S04051,1,2026-01-14,Referral,Mobile,/products
S04052,1,2026-01-08,Paid Search,Desktop,/
S04052,2,2026-01-08,Paid Search,Desktop,/products
S04052,3,2026-01-08,Paid Search,Desktop,/features
S04052,4,2026-01-08,Paid Search,Desktop,/blog
S04052,5,2026-01-08,Paid Search,Desktop,/contact
S04052,6,2026-01-08,Paid Search,Desktop,/pricing
S04053,1,2026-03-05,Direct,Desktop,/blog
S04053,2,2026-03-05,Direct,Desktop,/products
S04053,3,2026-03-05,Direct,Desktop,/features
S04053,4,2026-03-05,Direct,Desktop,/contact
S04054,1,2026-02-03,Direct,Desktop,/blog
S04055,1,2026-02-08,Social,Desktop,/
S04055,2,2026-02-08,Social,Desktop,/features
S04055,3,2026-02-08,Social,Desktop,/blog
S04055,4,2026-02-08,Social,Desktop,/contact
S04056,1,2026-03-16,Email,Desktop,/pricing
S04056,2,2026-03-16,Email,Desktop,/products
S04056,3,2026-03-16,Email,Desktop,/features
S04057,1,2026-01-18,Organic Search,Desktop,/pricing
S04058,1,2026-01-26,Referral,Tablet,/products
S04059,1,2026-01-23,Direct,Mobile,/products
S04059,2,2026-01-23,Direct,Mobile,/features
S04059,3,2026-01-23,Direct,Mobile,/blog
S04059,4,2026-01-23,Direct,Mobile,/contact
S04060,1,2026-01-09,Social,Desktop,/products
S04060,2,2026-01-09,Social,Desktop,/features
S04060,3,2026-01-09,Social,Desktop,/blog
S04060,4,2026-01-09,Social,Desktop,/contact
S04061,1,2026-03-23,Referral,Desktop,/pricing
S04062,1,2026-01-05,Paid Search,Desktop,/features
S04062,2,2026-01-05,Paid Search,Desktop,/products
S04062,3,2026-01-05,Paid Search,Desktop,/pricing
S04062,4,2026-01-05,Paid Search,Desktop,/signup
S04063,1,2026-03-13,Organic Search,Mobile,/pricing
S04064,1,2026-01-18,Paid Search,Desktop,/contact
S04065,1,2026-01-29,Organic Search,Mobile,/products
S04065,2,2026-01-29,Organic Search,Mobile,/pricing
S04065,3,2026-01-29,Organic Search,Mobile,/features
S04065,4,2026-01-29,Organic Search,Mobile,/blog
S04065,5,2026-01-29,Organic Search,Mobile,/contact
S04066,1,2026-01-20,Social,Desktop,/blog
S04066,2,2026-01-20,Social,Desktop,/features
S04066,3,2026-01-20,Social,Desktop,/contact
S04066,4,2026-01-20,Social,Desktop,/products
S04067,1,2026-01-07,Organic Search,Mobile,/pricing
S04067,2,2026-01-07,Organic Search,Mobile,/products
S04067,3,2026-01-07,Organic Search,Mobile,/features
S04068,1,2026-03-09,Paid Search,Desktop,/blog
S04069,1,2026-01-10,Email,Desktop,/features
S04070,1,2026-01-02,Organic Search,Mobile,/pricing
S04070,2,2026-01-02,Organic Search,Mobile,/products
S04070,3,2026-01-02,Organic Search,Mobile,/pricing
S04070,4,2026-01-02,Organic Search,Mobile,/features
S04071,1,2026-02-01,Direct,Mobile,/pricing
S04071,2,2026-02-01,Direct,Mobile,/products
S04071,3,2026-02-01,Direct,Mobile,/features
S04072,1,2026-02-20,Paid Search,Mobile,/contact
S04073,1,2026-01-18,Direct,Desktop,/contact
S04074,1,2026-03-24,Organic Search,Desktop,/contact
S04074,2,2026-03-24,Organic Search,Desktop,/products
S04074,3,2026-03-24,Organic Search,Desktop,/features
S04074,4,2026-03-24,Organic Search,Desktop,/blog
S04075,1,2026-01-24,Organic Search,Desktop,/
S04076,1,2026-03-26,Direct,Mobile,/
S04076,2,2026-03-26,Direct,Mobile,/features
S04076,3,2026-03-26,Direct,Mobile,/blog
S04077,1,2026-01-21,Paid Search,Desktop,/pricing
S04077,2,2026-01-21,Paid Search,Desktop,/products
S04077,3,2026-01-21,Paid Search,Desktop,/pricing
S04077,4,2026-01-21,Paid Search,Desktop,/features
S04077,5,2026-01-21,Paid Search,Desktop,/blog
S04077,6,2026-01-21,Paid Search,Desktop,/contact
S04078,1,2026-02-24,Paid Search,Desktop,/blog
S04079,1,2026-01-10,Organic Search,Mobile,/
S04079,2,2026-01-10,Organic Search,Mobile,/products
S04079,3,2026-01-10,Organic Search,Mobile,/pricing
S04079,4,2026-01-10,Organic Search,Mobile,/features
S04079,5,2026-01-10,Organic Search,Mobile,/blog
S04079,6,2026-01-10,Organic Search,Mobile,/contact
S04080,1,2026-02-05,Direct,Mobile,/products
S04080,2,2026-02-05,Direct,Mobile,/features
S04080,3,2026-02-05,Direct,Mobile,/blog
S04080,4,2026-02-05,Direct,Mobile,/contact
S04080,5,2026-02-05,Direct,Mobile,/pricing
S04081,1,2026-03-14,Direct,Mobile,/pricing
S04081,2,2026-03-14,Direct,Mobile,/products
S04081,3,2026-03-14,Direct,Mobile,/features
S04081,4,2026-03-14,Direct,Mobile,/blog
S04082,1,2026-01-30,Organic Search,Mobile,/products
S04082,2,2026-01-30,Organic Search,Mobile,/features
S04082,3,2026-01-30,Organic Search,Mobile,/blog
S04082,4,2026-01-30,Organic Search,Mobile,/contact
S04082,5,2026-01-30,Organic Search,Mobile,/pricing
S04083,1,2026-01-24,Social,Mobile,/blog
S04084,1,2026-02-17,Organic Search,Mobile,/products
S04085,1,2026-01-29,Direct,Mobile,/features
S04086,1,2026-03-18,Referral,Mobile,/products
S04086,2,2026-03-18,Referral,Mobile,/pricing
S04086,3,2026-03-18,Referral,Mobile,/features
S04086,4,2026-03-18,Referral,Mobile,/blog
S04087,1,2026-01-27,Direct,Mobile,/blog
S04088,1,2026-01-22,Paid Search,Desktop,/pricing
S04088,2,2026-01-22,Paid Search,Desktop,/products
S04088,3,2026-01-22,Paid Search,Desktop,/features
S04089,1,2026-02-04,Organic Search,Mobile,/products
S04090,1,2026-01-17,Organic Search,Mobile,/pricing
S04091,1,2026-02-23,Organic Search,Desktop,/features
S04092,1,2026-01-17,Social,Mobile,/pricing
S04092,2,2026-01-17,Social,Mobile,/products
S04092,3,2026-01-17,Social,Mobile,/pricing
S04093,1,2026-01-27,Social,Mobile,/
S04093,2,2026-01-27,Social,Mobile,/features
S04093,3,2026-01-27,Social,Mobile,/blog
S04093,4,2026-01-27,Social,Mobile,/contact
S04094,1,2026-02-14,Organic Search,Mobile,/blog
S04094,2,2026-02-14,Organic Search,Mobile,/features
S04094,3,2026-02-14,Organic Search,Mobile,/contact
S04094,4,2026-02-14,Organic Search,Mobile,/products
S04094,5,2026-02-14,Organic Search,Mobile,/pricing
S04095,1,2026-01-25,Organic Search,Mobile,/products
S04096,1,2026-02-01,Direct,Desktop,/pricing
S04096,2,2026-02-01,Direct,Desktop,/products
S04096,3,2026-02-01,Direct,Desktop,/pricing
S04096,4,2026-02-01,Direct,Desktop,/features
S04096,5,2026-02-01,Direct,Desktop,/blog
S04096,6,2026-02-01,Direct,Desktop,/contact
S04097,1,2026-01-19,Paid Search,Mobile,/pricing
S04097,2,2026-01-19,Paid Search,Mobile,/products
S04097,3,2026-01-19,Paid Search,Mobile,/features
S04097,4,2026-01-19,Paid Search,Mobile,/blog
S04098,1,2026-03-25,Paid Search,Mobile,/pricing
S04099,1,2026-02-18,Paid Search,Mobile,/
S04099,2,2026-02-18,Paid Search,Mobile,/features
S04099,3,2026-02-18,Paid Search,Mobile,/blog
S04099,4,2026-02-18,Paid Search,Mobile,/contact
S04100,1,2026-02-06,Email,Tablet,/products
S04100,2,2026-02-06,Email,Tablet,/features
S04100,3,2026-02-06,Email,Tablet,/blog
S04100,4,2026-02-06,Email,Tablet,/contact
S04101,1,2026-01-20,Organic Search,Mobile,/
S04102,1,2026-03-02,Paid Search,Mobile,/products
S04103,1,2026-02-19,Direct,Mobile,/blog
S04103,2,2026-02-19,Direct,Mobile,/products
S04103,3,2026-02-19,Direct,Mobile,/pricing
S04103,4,2026-02-19,Direct,Mobile,/features
S04103,5,2026-02-19,Direct,Mobile,/contact
S04104,1,2026-03-17,Organic Search,Desktop,/blog
S04105,1,2026-01-01,Email,Desktop,/
S04105,2,2026-01-01,Email,Desktop,/features
S04105,3,2026-01-01,Email,Desktop,/blog
S04105,4,2026-01-01,Email,Desktop,/contact
S04106,1,2026-03-16,Organic Search,Desktop,/
S04106,2,2026-03-16,Organic Search,Desktop,/products
S04106,3,2026-03-16,Organic Search,Desktop,/pricing
S04106,4,2026-03-16,Organic Search,Desktop,/signup
S04106,5,2026-03-16,Organic Search,Desktop,/thank-you
S04107,1,2026-03-10,Paid Search,Mobile,/blog
S04108,1,2026-01-17,Social,Mobile,/pricing
S04109,1,2026-02-16,Email,Desktop,/features
S04109,2,2026-02-16,Email,Desktop,/products
S04109,3,2026-02-16,Email,Desktop,/pricing
S04109,4,2026-02-16,Email,Desktop,/signup
S04110,1,2026-03-07,Direct,Mobile,/products
S04111,1,2026-02-28,Direct,Tablet,/
S04111,2,2026-02-28,Direct,Tablet,/features
S04112,1,2026-02-26,Social,Mobile,/products
S04113,1,2026-01-14,Social,Mobile,/blog
S04113,2,2026-01-14,Social,Mobile,/products
S04113,3,2026-01-14,Social,Mobile,/features
S04113,4,2026-01-14,Social,Mobile,/contact
S04113,5,2026-01-14,Social,Mobile,/pricing
S04114,1,2026-02-11,Direct,Mobile,/pricing
S04115,1,2026-03-18,Social,Mobile,/
S04116,1,2026-03-16,Organic Search,Desktop,/
S04116,2,2026-03-16,Organic Search,Desktop,/features
S04116,3,2026-03-16,Organic Search,Desktop,/blog
S04116,4,2026-03-16,Organic Search,Desktop,/contact
S04116,5,2026-03-16,Organic Search,Desktop,/products
S04116,6,2026-03-16,Organic Search,Desktop,/pricing
S04117,1,2026-01-11,Paid Search,Mobile,/blog
S04118,1,2026-02-02,Email,Mobile,/products
S04118,2,2026-02-02,Email,Mobile,/features
S04119,1,2026-03-19,Organic Search,Desktop,/blog
S04120,1,2026-01-06,Direct,Desktop,/products
S04120,2,2026-01-06,Direct,Desktop,/pricing
S04120,3,2026-01-06,Direct,Desktop,/features
S04120,4,2026-01-06,Direct,Desktop,/blog
S04120,5,2026-01-06,Direct,Desktop,/contact
S04121,1,2026-02-23,Referral,Desktop,/products
S04122,1,2026-01-02,Social,Tablet,/products
S04123,1,2026-03-27,Email,Desktop,/contact
S04124,1,2026-02-27,Direct,Mobile,/
S04124,2,2026-02-27,Direct,Mobile,/features
S04124,3,2026-02-27,Direct,Mobile,/blog
S04124,4,2026-02-27,Direct,Mobile,/contact
S04124,5,2026-02-27,Direct,Mobile,/products
S04125,1,2026-03-17,Referral,Desktop,/
S04125,2,2026-03-17,Referral,Desktop,/products
S04125,3,2026-03-17,Referral,Desktop,/features
S04126,1,2026-02-11,Organic Search,Tablet,/features
S04127,1,2026-01-03,Direct,Mobile,/
S04128,1,2026-03-11,Direct,Desktop,/products
S04129,1,2026-03-29,Social,Mobile,/products
S04130,1,2026-03-22,Email,Desktop,/blog
S04131,1,2026-01-14,Social,Mobile,/products
S04131,2,2026-01-14,Social,Mobile,/pricing
S04131,3,2026-01-14,Social,Mobile,/signup
S04132,1,2026-02-26,Paid Search,Desktop,/features
S04133,1,2026-01-11,Direct,Mobile,/blog
S04133,2,2026-01-11,Direct,Mobile,/features
S04133,3,2026-01-11,Direct,Mobile,/contact
S04133,4,2026-01-11,Direct,Mobile,/products
S04134,1,2026-02-19,Direct,Desktop,/pricing
S04135,1,2026-02-05,Direct,Mobile,/products
S04135,2,2026-02-05,Direct,Mobile,/features
S04136,1,2026-01-17,Organic Search,Desktop,/features
S04136,2,2026-01-17,Organic Search,Desktop,/products
S04136,3,2026-01-17,Organic Search,Desktop,/blog
S04136,4,2026-01-17,Organic Search,Desktop,/contact
S04136,5,2026-01-17,Organic Search,Desktop,/pricing
S04137,1,2026-02-20,Direct,Mobile,/features
S04138,1,2026-02-20,Email,Desktop,/features
S04138,2,2026-02-20,Email,Desktop,/products
S04138,3,2026-02-20,Email,Desktop,/blog
S04138,4,2026-02-20,Email,Desktop,/contact
S04138,5,2026-02-20,Email,Desktop,/pricing
S04139,1,2026-02-17,Paid Search,Mobile,/
S04140,1,2026-02-15,Social,Mobile,/blog
S04140,2,2026-02-15,Social,Mobile,/products
S04140,3,2026-02-15,Social,Mobile,/pricing
S04140,4,2026-02-15,Social,Mobile,/signup
S04141,1,2026-01-31,Direct,Mobile,/blog
S04141,2,2026-01-31,Direct,Mobile,/products
S04142,1,2026-02-24,Direct,Desktop,/contact
S04142,2,2026-02-24,Direct,Desktop,/products
S04142,3,2026-02-24,Direct,Desktop,/pricing
S04142,4,2026-02-24,Direct,Desktop,/signup
S04142,5,2026-02-24,Direct,Desktop,/thank-you
S04143,1,2026-01-01,Organic Search,Mobile,/products
S04143,2,2026-01-01,Organic Search,Mobile,/features
S04143,3,2026-01-01,Organic Search,Mobile,/blog
S04143,4,2026-01-01,Organic Search,Mobile,/contact
S04143,5,2026-01-01,Organic Search,Mobile,/pricing
S04144,1,2026-02-14,Direct,Desktop,/features
S04145,1,2026-02-15,Direct,Mobile,/blog
S04146,1,2026-02-21,Organic Search,Desktop,/features
S04146,2,2026-02-21,Organic Search,Desktop,/products
S04146,3,2026-02-21,Organic Search,Desktop,/blog
S04147,1,2026-03-25,Organic Search,Mobile,/blog
S04148,1,2026-03-09,Paid Search,Mobile,/features
S04148,2,2026-03-09,Paid Search,Mobile,/products
S04149,1,2026-03-11,Direct,Mobile,/products
S04150,1,2026-03-22,Direct,Mobile,/
S04150,2,2026-03-22,Direct,Mobile,/features
S04150,3,2026-03-22,Direct,Mobile,/blog
S04151,1,2026-03-27,Organic Search,Mobile,/products
S04152,1,2026-02-16,Direct,Mobile,/features
S04153,1,2026-02-13,Direct,Mobile,/
S04153,2,2026-02-13,Direct,Mobile,/products
S04153,3,2026-02-13,Direct,Mobile,/features
S04153,4,2026-02-13,Direct,Mobile,/blog
S04153,5,2026-02-13,Direct,Mobile,/contact
S04154,1,2026-03-19,Direct,Tablet,/blog
S04154,2,2026-03-19,Direct,Tablet,/features
S04155,1,2026-03-17,Paid Search,Mobile,/contact
S04156,1,2026-02-23,Organic Search,Desktop,/features
S04157,1,2026-03-11,Email,Mobile,/blog
S04157,2,2026-03-11,Email,Mobile,/features
S04158,1,2026-02-01,Organic Search,Mobile,/features
S04159,1,2026-01-19,Direct,Mobile,/
S04159,2,2026-01-19,Direct,Mobile,/products
S04159,3,2026-01-19,Direct,Mobile,/pricing
S04159,4,2026-01-19,Direct,Mobile,/signup
S04159,5,2026-01-19,Direct,Mobile,/thank-you
S04159,6,2026-01-19,Direct,Mobile,/features
S04160,1,2026-02-03,Organic Search,Mobile,/pricing
S04160,2,2026-02-03,Organic Search,Mobile,/products
S04160,3,2026-02-03,Organic Search,Mobile,/features
S04160,4,2026-02-03,Organic Search,Mobile,/blog
S04160,5,2026-02-03,Organic Search,Mobile,/contact
S04161,1,2026-03-02,Direct,Mobile,/pricing
S04162,1,2026-03-10,Organic Search,Desktop,/features
S04163,1,2026-02-12,Email,Desktop,/products
S04164,1,2026-02-13,Direct,Mobile,/
S04165,1,2026-03-17,Paid Search,Mobile,/blog
S04165,2,2026-03-17,Paid Search,Mobile,/products
S04165,3,2026-03-17,Paid Search,Mobile,/features
S04165,4,2026-03-17,Paid Search,Mobile,/contact
S04165,5,2026-03-17,Paid Search,Mobile,/pricing
S04166,1,2026-03-12,Organic Search,Mobile,/pricing
S04167,1,2026-02-13,Organic Search,Desktop,/features
S04167,2,2026-02-13,Organic Search,Desktop,/products
S04167,3,2026-02-13,Organic Search,Desktop,/blog
S04167,4,2026-02-13,Organic Search,Desktop,/contact
S04167,5,2026-02-13,Organic Search,Desktop,/pricing
S04168,1,2026-02-21,Direct,Mobile,/pricing
S04168,2,2026-02-21,Direct,Mobile,/products
S04168,3,2026-02-21,Direct,Mobile,/pricing
S04168,4,2026-02-21,Direct,Mobile,/signup
S04168,5,2026-02-21,Direct,Mobile,/thank-you
S04169,1,2026-02-26,Direct,Mobile,/features
S04170,1,2026-01-04,Direct,Mobile,/pricing
S04170,2,2026-01-04,Direct,Mobile,/products
S04170,3,2026-01-04,Direct,Mobile,/pricing
S04171,1,2026-02-10,Referral,Mobile,/features
S04172,1,2026-02-13,Paid Search,Desktop,/blog
S04173,1,2026-03-27,Referral,Mobile,/products
S04173,2,2026-03-27,Referral,Mobile,/pricing
S04173,3,2026-03-27,Referral,Mobile,/features
S04174,1,2026-02-14,Organic Search,Mobile,/products
S04175,1,2026-01-01,Social,Desktop,/features
S04176,1,2026-03-05,Direct,Tablet,/products
S04177,1,2026-03-16,Paid Search,Mobile,/blog
S04178,1,2026-03-13,Referral,Mobile,/
S04178,2,2026-03-13,Referral,Mobile,/features
S04178,3,2026-03-13,Referral,Mobile,/blog
S04178,4,2026-03-13,Referral,Mobile,/contact
S04179,1,2026-03-09,Paid Search,Desktop,/blog
S04179,2,2026-03-09,Paid Search,Desktop,/features
S04179,3,2026-03-09,Paid Search,Desktop,/contact
S04180,1,2026-01-11,Email,Mobile,/products
S04180,2,2026-01-11,Email,Mobile,/features
S04180,3,2026-01-11,Email,Mobile,/blog
S04181,1,2026-02-17,Social,Mobile,/blog
S04181,2,2026-02-17,Social,Mobile,/features
S04181,3,2026-02-17,Social,Mobile,/contact
S04181,4,2026-02-17,Social,Mobile,/products
S04181,5,2026-02-17,Social,Mobile,/pricing
S04182,1,2026-02-25,Organic Search,Mobile,/pricing
S04182,2,2026-02-25,Organic Search,Mobile,/products
S04182,3,2026-02-25,Organic Search,Mobile,/features
S04182,4,2026-02-25,Organic Search,Mobile,/blog
S04183,1,2026-03-22,Paid Search,Mobile,/products
S04184,1,2026-03-04,Direct,Tablet,/pricing
S04184,2,2026-03-04,Direct,Tablet,/products
S04184,3,2026-03-04,Direct,Tablet,/pricing
S04184,4,2026-03-04,Direct,Tablet,/features
S04184,5,2026-03-04,Direct,Tablet,/blog
S04184,6,2026-03-04,Direct,Tablet,/contact
S04185,1,2026-02-22,Email,Desktop,/features
S04186,1,2026-03-17,Social,Tablet,/blog
S04187,1,2026-02-01,Organic Search,Desktop,/contact
S04187,2,2026-02-01,Organic Search,Desktop,/products
S04187,3,2026-02-01,Organic Search,Desktop,/pricing
S04188,1,2026-02-14,Organic Search,Desktop,/features
S04188,2,2026-02-14,Organic Search,Desktop,/products
S04188,3,2026-02-14,Organic Search,Desktop,/pricing
S04188,4,2026-02-14,Organic Search,Desktop,/blog
S04189,1,2026-03-21,Organic Search,Desktop,/blog
S04189,2,2026-03-21,Organic Search,Desktop,/features
S04189,3,2026-03-21,Organic Search,Desktop,/contact
S04190,1,2026-01-04,Direct,Desktop,/pricing
S04191,1,2026-03-09,Organic Search,Mobile,/contact
S04191,2,2026-03-09,Organic Search,Mobile,/features
S04191,3,2026-03-09,Organic Search,Mobile,/blog
S04191,4,2026-03-09,Organic Search,Mobile,/products
S04191,5,2026-03-09,Organic Search,Mobile,/pricing
S04192,1,2026-01-07,Social,Mobile,/pricing
S04193,1,2026-01-21,Direct,Mobile,/products
S04193,2,2026-01-21,Direct,Mobile,/features
S04193,3,2026-01-21,Direct,Mobile,/blog
S04193,4,2026-01-21,Direct,Mobile,/contact
S04194,1,2026-02-08,Social,Mobile,/features
S04194,2,2026-02-08,Social,Mobile,/products
S04195,1,2026-01-27,Organic Search,Mobile,/contact
S04196,1,2026-03-07,Direct,Mobile,/pricing
S04196,2,2026-03-07,Direct,Mobile,/products
S04196,3,2026-03-07,Direct,Mobile,/features
S04196,4,2026-03-07,Direct,Mobile,/blog
S04196,5,2026-03-07,Direct,Mobile,/contact
S04197,1,2026-02-07,Organic Search,Mobile,/
S04197,2,2026-02-07,Organic Search,Mobile,/features
S04198,1,2026-03-27,Email,Mobile,/blog
S04198,2,2026-03-27,Email,Mobile,/features
S04199,1,2026-03-04,Organic Search,Mobile,/blog
S04200,1,2026-02-03,Organic Search,Mobile,/products
S04201,1,2026-01-09,Organic Search,Mobile,/blog
S04201,2,2026-01-09,Organic Search,Mobile,/features
S04202,1,2026-02-27,Social,Tablet,/pricing
S04202,2,2026-02-27,Social,Tablet,/products
S04202,3,2026-02-27,Social,Tablet,/features
S04203,1,2026-01-02,Organic Search,Mobile,/products
S04203,2,2026-01-02,Organic Search,Mobile,/pricing
S04203,3,2026-01-02,Organic Search,Mobile,/signup
S04203,4,2026-01-02,Organic Search,Mobile,/thank-you
S04204,1,2026-03-06,Paid Search,Mobile,/blog
S04205,1,2026-01-07,Social,Mobile,/products
S04206,1,2026-01-07,Social,Desktop,/features
S04206,2,2026-01-07,Social,Desktop,/products
S04206,3,2026-01-07,Social,Desktop,/blog
S04206,4,2026-01-07,Social,Desktop,/contact
S04206,5,2026-01-07,Social,Desktop,/pricing
S04207,1,2026-03-03,Organic Search,Desktop,/
S04207,2,2026-03-03,Organic Search,Desktop,/products
S04207,3,2026-03-03,Organic Search,Desktop,/pricing
S04207,4,2026-03-03,Organic Search,Desktop,/signup
S04207,5,2026-03-03,Organic Search,Desktop,/thank-you
S04208,1,2026-02-16,Organic Search,Mobile,/features
S04208,2,2026-02-16,Organic Search,Mobile,/products
S04208,3,2026-02-16,Organic Search,Mobile,/pricing
S04208,4,2026-02-16,Organic Search,Mobile,/blog
S04209,1,2026-03-26,Direct,Mobile,/products
S04210,1,2026-01-08,Organic Search,Desktop,/contact
S04211,1,2026-01-28,Paid Search,Desktop,/blog
S04211,2,2026-01-28,Paid Search,Desktop,/features
S04211,3,2026-01-28,Paid Search,Desktop,/contact
S04212,1,2026-02-12,Direct,Mobile,/products
S04212,2,2026-02-12,Direct,Mobile,/features
S04212,3,2026-02-12,Direct,Mobile,/blog
S04213,1,2026-03-25,Direct,Mobile,/contact
S04214,1,2026-03-20,Organic Search,Mobile,/pricing
S04215,1,2026-03-29,Paid Search,Mobile,/pricing
S04215,2,2026-03-29,Paid Search,Mobile,/products
S04215,3,2026-03-29,Paid Search,Mobile,/pricing
S04215,4,2026-03-29,Paid Search,Mobile,/signup
S04216,1,2026-03-13,Organic Search,Desktop,/features
S04217,1,2026-02-08,Paid Search,Tablet,/features
S04218,1,2026-03-03,Organic Search,Tablet,/blog
S04218,2,2026-03-03,Organic Search,Tablet,/features
S04218,3,2026-03-03,Organic Search,Tablet,/contact
S04218,4,2026-03-03,Organic Search,Tablet,/products
S04218,5,2026-03-03,Organic Search,Tablet,/pricing
S04219,1,2026-03-03,Referral,Desktop,/contact
S04220,1,2026-03-23,Paid Search,Mobile,/products
S04220,2,2026-03-23,Paid Search,Mobile,/features
S04220,3,2026-03-23,Paid Search,Mobile,/blog
S04220,4,2026-03-23,Paid Search,Mobile,/contact
S04220,5,2026-03-23,Paid Search,Mobile,/pricing
S04221,1,2026-01-04,Organic Search,Tablet,/products
S04222,1,2026-01-28,Organic Search,Mobile,/
S04222,2,2026-01-28,Organic Search,Mobile,/products
S04222,3,2026-01-28,Organic Search,Mobile,/pricing
S04222,4,2026-01-28,Organic Search,Mobile,/signup
S04222,5,2026-01-28,Organic Search,Mobile,/thank-you
S04223,1,2026-01-30,Direct,Mobile,/products
S04223,2,2026-01-30,Direct,Mobile,/pricing
S04223,3,2026-01-30,Direct,Mobile,/signup
S04223,4,2026-01-30,Direct,Mobile,/thank-you
S04224,1,2026-02-10,Organic Search,Desktop,/blog
S04224,2,2026-02-10,Organic Search,Desktop,/features
S04224,3,2026-02-10,Organic Search,Desktop,/contact
S04224,4,2026-02-10,Organic Search,Desktop,/products
S04224,5,2026-02-10,Organic Search,Desktop,/pricing
S04225,1,2026-03-08,Organic Search,Mobile,/products
S04225,2,2026-03-08,Organic Search,Mobile,/features
S04226,1,2026-01-26,Email,Desktop,/pricing
S04226,2,2026-01-26,Email,Desktop,/products
S04226,3,2026-01-26,Email,Desktop,/features
S04226,4,2026-01-26,Email,Desktop,/blog
S04227,1,2026-01-30,Paid Search,Tablet,/
S04228,1,2026-01-31,Organic Search,Desktop,/products
S04228,2,2026-01-31,Organic Search,Desktop,/features
S04228,3,2026-01-31,Organic Search,Desktop,/blog
S04229,1,2026-02-15,Direct,Desktop,/blog
S04230,1,2026-03-01,Organic Search,Mobile,/
S04230,2,2026-03-01,Organic Search,Mobile,/products
S04230,3,2026-03-01,Organic Search,Mobile,/pricing
S04231,1,2026-01-31,Referral,Mobile,/blog
S04232,1,2026-03-02,Organic Search,Desktop,/blog
S04233,1,2026-03-03,Social,Desktop,/pricing
S04233,2,2026-03-03,Social,Desktop,/products
S04233,3,2026-03-03,Social,Desktop,/features
S04233,4,2026-03-03,Social,Desktop,/blog
S04234,1,2026-01-12,Social,Desktop,/features
S04234,2,2026-01-12,Social,Desktop,/products
S04234,3,2026-01-12,Social,Desktop,/blog
S04234,4,2026-01-12,Social,Desktop,/contact
S04234,5,2026-01-12,Social,Desktop,/pricing
S04235,1,2026-01-01,Organic Search,Mobile,/contact
S04236,1,2026-03-18,Organic Search,Mobile,/
S04237,1,2026-03-11,Direct,Mobile,/blog
S04237,2,2026-03-11,Direct,Mobile,/products
S04237,3,2026-03-11,Direct,Mobile,/pricing
S04237,4,2026-03-11,Direct,Mobile,/features
S04238,1,2026-01-23,Email,Desktop,/products
S04238,2,2026-01-23,Email,Desktop,/pricing
S04238,3,2026-01-23,Email,Desktop,/features
S04238,4,2026-01-23,Email,Desktop,/blog
S04239,1,2026-02-10,Direct,Desktop,/products
S04239,2,2026-02-10,Direct,Desktop,/pricing
S04239,3,2026-02-10,Direct,Desktop,/signup
S04239,4,2026-02-10,Direct,Desktop,/thank-you
S04240,1,2026-01-22,Paid Search,Tablet,/blog
S04241,1,2026-01-01,Social,Mobile,/blog
S04241,2,2026-01-01,Social,Mobile,/features
S04241,3,2026-01-01,Social,Mobile,/contact
S04241,4,2026-01-01,Social,Mobile,/products
S04241,5,2026-01-01,Social,Mobile,/pricing
S04242,1,2026-02-01,Social,Mobile,/features
S04243,1,2026-01-21,Direct,Mobile,/blog
S04244,1,2026-02-04,Direct,Mobile,/features
S04245,1,2026-03-31,Paid Search,Mobile,/blog
S04246,1,2026-03-01,Organic Search,Desktop,/
S04246,2,2026-03-01,Organic Search,Desktop,/features
S04246,3,2026-03-01,Organic Search,Desktop,/blog
S04246,4,2026-03-01,Organic Search,Desktop,/contact
S04247,1,2026-02-16,Email,Mobile,/
S04247,2,2026-02-16,Email,Mobile,/products
S04247,3,2026-02-16,Email,Mobile,/pricing
S04248,1,2026-03-04,Organic Search,Mobile,/pricing
S04248,2,2026-03-04,Organic Search,Mobile,/products
S04248,3,2026-03-04,Organic Search,Mobile,/features
S04249,1,2026-02-14,Organic Search,Desktop,/blog
S04249,2,2026-02-14,Organic Search,Desktop,/features
S04249,3,2026-02-14,Organic Search,Desktop,/contact
S04249,4,2026-02-14,Organic Search,Desktop,/products
S04249,5,2026-02-14,Organic Search,Desktop,/pricing
S04250,1,2026-03-03,Social,Desktop,/
S04251,1,2026-02-16,Direct,Mobile,/products
S04251,2,2026-02-16,Direct,Mobile,/features
S04251,3,2026-02-16,Direct,Mobile,/blog
S04251,4,2026-02-16,Direct,Mobile,/contact
S04251,5,2026-02-16,Direct,Mobile,/pricing
S04252,1,2026-02-18,Organic Search,Mobile,/products
S04252,2,2026-02-18,Organic Search,Mobile,/pricing
S04252,3,2026-02-18,Organic Search,Mobile,/signup
S04252,4,2026-02-18,Organic Search,Mobile,/thank-you
S04252,5,2026-02-18,Organic Search,Mobile,/features
S04252,6,2026-02-18,Organic Search,Mobile,/blog
S04253,1,2026-03-26,Organic Search,Desktop,/pricing
S04253,2,2026-03-26,Organic Search,Desktop,/products
S04253,3,2026-03-26,Organic Search,Desktop,/pricing
S04253,4,2026-03-26,Organic Search,Desktop,/features
S04253,5,2026-03-26,Organic Search,Desktop,/blog
S04254,1,2026-01-22,Direct,Desktop,/products
S04254,2,2026-01-22,Direct,Desktop,/pricing
S04254,3,2026-01-22,Direct,Desktop,/signup
S04255,1,2026-03-07,Email,Desktop,/products
S04255,2,2026-03-07,Email,Desktop,/features
S04255,3,2026-03-07,Email,Desktop,/blog
S04255,4,2026-03-07,Email,Desktop,/contact
S04255,5,2026-03-07,Email,Desktop,/pricing
S04256,1,2026-01-23,Organic Search,Mobile,/
S04256,2,2026-01-23,Organic Search,Mobile,/products
S04256,3,2026-01-23,Organic Search,Mobile,/features
S04256,4,2026-01-23,Organic Search,Mobile,/blog
S04256,5,2026-01-23,Organic Search,Mobile,/contact
S04256,6,2026-01-23,Organic Search,Mobile,/pricing
S04257,1,2026-01-12,Organic Search,Mobile,/products
S04258,1,2026-03-27,Direct,Desktop,/pricing
S04258,2,2026-03-27,Direct,Desktop,/products
S04258,3,2026-03-27,Direct,Desktop,/pricing
S04259,1,2026-03-08,Referral,Mobile,/contact
S04260,1,2026-01-16,Organic Search,Mobile,/products
S04261,1,2026-03-21,Referral,Tablet,/pricing
S04261,2,2026-03-21,Referral,Tablet,/products
S04262,1,2026-02-10,Email,Mobile,/pricing
S04262,2,2026-02-10,Email,Mobile,/products
S04262,3,2026-02-10,Email,Mobile,/pricing
S04262,4,2026-02-10,Email,Mobile,/features
S04262,5,2026-02-10,Email,Mobile,/blog
S04263,1,2026-02-01,Organic Search,Desktop,/blog
S04263,2,2026-02-01,Organic Search,Desktop,/features
S04264,1,2026-03-15,Social,Desktop,/products
S04265,1,2026-02-24,Paid Search,Mobile,/
S04265,2,2026-02-24,Paid Search,Mobile,/features
S04265,3,2026-02-24,Paid Search,Mobile,/blog
S04266,1,2026-02-17,Direct,Desktop,/contact
S04266,2,2026-02-17,Direct,Desktop,/products
S04266,3,2026-02-17,Direct,Desktop,/features
S04267,1,2026-02-14,Direct,Mobile,/contact
S04267,2,2026-02-14,Direct,Mobile,/features
S04268,1,2026-03-28,Social,Desktop,/pricing
S04268,2,2026-03-28,Social,Desktop,/products
S04268,3,2026-03-28,Social,Desktop,/pricing
S04268,4,2026-03-28,Social,Desktop,/features
S04268,5,2026-03-28,Social,Desktop,/blog
S04269,1,2026-02-02,Social,Desktop,/pricing
S04270,1,2026-03-29,Social,Desktop,/
S04270,2,2026-03-29,Social,Desktop,/features
S04270,3,2026-03-29,Social,Desktop,/blog
S04270,4,2026-03-29,Social,Desktop,/contact
S04270,5,2026-03-29,Social,Desktop,/products
S04270,6,2026-03-29,Social,Desktop,/pricing
S04271,1,2026-02-13,Referral,Mobile,/
S04271,2,2026-02-13,Referral,Mobile,/products
S04271,3,2026-02-13,Referral,Mobile,/pricing
S04271,4,2026-02-13,Referral,Mobile,/signup
S04271,5,2026-02-13,Referral,Mobile,/thank-you
S04272,1,2026-03-17,Direct,Desktop,/
S04273,1,2026-01-05,Social,Desktop,/blog
S04274,1,2026-02-06,Email,Desktop,/products
S04274,2,2026-02-06,Email,Desktop,/pricing
S04274,3,2026-02-06,Email,Desktop,/signup
S04274,4,2026-02-06,Email,Desktop,/features
S04275,1,2026-02-12,Organic Search,Desktop,/products
S04275,2,2026-02-12,Organic Search,Desktop,/pricing
S04275,3,2026-02-12,Organic Search,Desktop,/signup
S04275,4,2026-02-12,Organic Search,Desktop,/thank-you
S04275,5,2026-02-12,Organic Search,Desktop,/features
S04275,6,2026-02-12,Organic Search,Desktop,/blog
S04276,1,2026-03-18,Organic Search,Mobile,/
S04276,2,2026-03-18,Organic Search,Mobile,/products
S04276,3,2026-03-18,Organic Search,Mobile,/features
S04276,4,2026-03-18,Organic Search,Mobile,/blog
S04277,1,2026-01-14,Direct,Desktop,/
S04277,2,2026-01-14,Direct,Desktop,/products
S04277,3,2026-01-14,Direct,Desktop,/features
S04277,4,2026-01-14,Direct,Desktop,/blog
S04278,1,2026-03-04,Email,Mobile,/products
S04278,2,2026-03-04,Email,Mobile,/features
S04278,3,2026-03-04,Email,Mobile,/blog
S04279,1,2026-03-24,Organic Search,Mobile,/pricing
S04279,2,2026-03-24,Organic Search,Mobile,/products
S04279,3,2026-03-24,Organic Search,Mobile,/pricing
S04279,4,2026-03-24,Organic Search,Mobile,/features
S04280,1,2026-03-21,Paid Search,Desktop,/pricing
S04281,1,2026-02-12,Organic Search,Desktop,/pricing
S04282,1,2026-01-23,Direct,Tablet,/pricing
S04283,1,2026-03-17,Paid Search,Mobile,/blog
S04283,2,2026-03-17,Paid Search,Mobile,/products
S04283,3,2026-03-17,Paid Search,Mobile,/features
S04283,4,2026-03-17,Paid Search,Mobile,/contact
S04283,5,2026-03-17,Paid Search,Mobile,/pricing
S04284,1,2026-01-09,Organic Search,Mobile,/products
S04285,1,2026-03-22,Email,Mobile,/products
S04286,1,2026-02-19,Organic Search,Mobile,/features
S04287,1,2026-01-20,Email,Desktop,/blog
S04288,1,2026-02-11,Organic Search,Mobile,/pricing
S04288,2,2026-02-11,Organic Search,Mobile,/products
S04288,3,2026-02-11,Organic Search,Mobile,/pricing
S04288,4,2026-02-11,Organic Search,Mobile,/features
S04288,5,2026-02-11,Organic Search,Mobile,/blog
S04289,1,2026-01-22,Referral,Mobile,/products
S04289,2,2026-01-22,Referral,Mobile,/features
S04289,3,2026-01-22,Referral,Mobile,/blog
S04289,4,2026-01-22,Referral,Mobile,/contact
S04289,5,2026-01-22,Referral,Mobile,/pricing
S04290,1,2026-02-22,Paid Search,Mobile,/
S04291,1,2026-01-24,Organic Search,Mobile,/
S04291,2,2026-01-24,Organic Search,Mobile,/products
S04291,3,2026-01-24,Organic Search,Mobile,/features
S04291,4,2026-01-24,Organic Search,Mobile,/blog
S04292,1,2026-03-20,Organic Search,Desktop,/features
S04293,1,2026-03-22,Organic Search,Desktop,/blog
S04294,1,2026-03-17,Paid Search,Mobile,/
S04295,1,2026-02-13,Social,Mobile,/
S04296,1,2026-01-07,Direct,Mobile,/products
S04296,2,2026-01-07,Direct,Mobile,/pricing
S04296,3,2026-01-07,Direct,Mobile,/signup
S04296,4,2026-01-07,Direct,Mobile,/thank-you
S04297,1,2026-01-07,Direct,Mobile,/products
S04297,2,2026-01-07,Direct,Mobile,/features
S04298,1,2026-01-14,Paid Search,Desktop,/pricing
S04298,2,2026-01-14,Paid Search,Desktop,/products
S04298,3,2026-01-14,Paid Search,Desktop,/features
S04298,4,2026-01-14,Paid Search,Desktop,/blog
S04299,1,2026-01-20,Direct,Desktop,/products
S04300,1,2026-03-03,Paid Search,Mobile,/features
S04300,2,2026-03-03,Paid Search,Mobile,/products
S04300,3,2026-03-03,Paid Search,Mobile,/blog
S04300,4,2026-03-03,Paid Search,Mobile,/contact
S04300,5,2026-03-03,Paid Search,Mobile,/pricing
S04301,1,2026-01-17,Direct,Desktop,/blog
S04301,2,2026-01-17,Direct,Desktop,/features
S04302,1,2026-02-18,Paid Search,Mobile,/features
S04303,1,2026-03-18,Referral,Mobile,/features
S04304,1,2026-01-16,Direct,Mobile,/contact
S04305,1,2026-02-02,Organic Search,Mobile,/contact
S04306,1,2026-01-03,Organic Search,Mobile,/products
S04307,1,2026-03-19,Direct,Desktop,/products
S04307,2,2026-03-19,Direct,Desktop,/features
S04307,3,2026-03-19,Direct,Desktop,/blog
S04307,4,2026-03-19,Direct,Desktop,/contact
S04307,5,2026-03-19,Direct,Desktop,/pricing
S04308,1,2026-01-27,Direct,Desktop,/
S04308,2,2026-01-27,Direct,Desktop,/features
S04309,1,2026-02-10,Referral,Mobile,/blog
S04309,2,2026-02-10,Referral,Mobile,/features
S04309,3,2026-02-10,Referral,Mobile,/contact
S04310,1,2026-01-23,Paid Search,Desktop,/blog
S04310,2,2026-01-23,Paid Search,Desktop,/features
S04310,3,2026-01-23,Paid Search,Desktop,/contact
S04310,4,2026-01-23,Paid Search,Desktop,/products
S04311,1,2026-03-14,Direct,Mobile,/
S04311,2,2026-03-14,Direct,Mobile,/products
S04311,3,2026-03-14,Direct,Mobile,/pricing
S04311,4,2026-03-14,Direct,Mobile,/signup
S04311,5,2026-03-14,Direct,Mobile,/thank-you
S04312,1,2026-01-11,Social,Mobile,/features
S04312,2,2026-01-11,Social,Mobile,/products
S04312,3,2026-01-11,Social,Mobile,/pricing
S04312,4,2026-01-11,Social,Mobile,/blog
S04313,1,2026-03-25,Organic Search,Mobile,/features
S04314,1,2026-03-30,Social,Mobile,/blog
S04315,1,2026-03-31,Organic Search,Mobile,/pricing
S04315,2,2026-03-31,Organic Search,Mobile,/products
S04315,3,2026-03-31,Organic Search,Mobile,/pricing
S04315,4,2026-03-31,Organic Search,Mobile,/signup
S04315,5,2026-03-31,Organic Search,Mobile,/thank-you
S04316,1,2026-03-25,Paid Search,Desktop,/
S04316,2,2026-03-25,Paid Search,Desktop,/products
S04316,3,2026-03-25,Paid Search,Desktop,/pricing
S04317,1,2026-01-01,Referral,Desktop,/pricing
S04317,2,2026-01-01,Referral,Desktop,/products
S04318,1,2026-01-16,Social,Mobile,/
S04319,1,2026-01-21,Email,Desktop,/blog
S04319,2,2026-01-21,Email,Desktop,/products
S04319,3,2026-01-21,Email,Desktop,/pricing
S04319,4,2026-01-21,Email,Desktop,/signup
S04319,5,2026-01-21,Email,Desktop,/thank-you
S04320,1,2026-03-02,Direct,Mobile,/products
S04321,1,2026-02-23,Social,Desktop,/products
S04322,1,2026-03-11,Direct,Mobile,/pricing
S04322,2,2026-03-11,Direct,Mobile,/products
S04323,1,2026-02-28,Paid Search,Mobile,/pricing
S04323,2,2026-02-28,Paid Search,Mobile,/products
S04323,3,2026-02-28,Paid Search,Mobile,/features
S04323,4,2026-02-28,Paid Search,Mobile,/blog
S04324,1,2026-02-15,Organic Search,Desktop,/products
S04325,1,2026-03-22,Organic Search,Mobile,/contact
S04326,1,2026-02-15,Direct,Mobile,/
S04326,2,2026-02-15,Direct,Mobile,/products
S04326,3,2026-02-15,Direct,Mobile,/pricing
S04326,4,2026-02-15,Direct,Mobile,/signup
S04326,5,2026-02-15,Direct,Mobile,/thank-you
S04327,1,2026-02-12,Organic Search,Mobile,/features
S04328,1,2026-01-26,Social,Mobile,/
S04328,2,2026-01-26,Social,Mobile,/products
S04328,3,2026-01-26,Social,Mobile,/pricing
S04329,1,2026-03-21,Email,Mobile,/products
S04329,2,2026-03-21,Email,Mobile,/features
S04330,1,2026-03-05,Referral,Desktop,/contact
S04330,2,2026-03-05,Referral,Desktop,/features
S04330,3,2026-03-05,Referral,Desktop,/blog
S04330,4,2026-03-05,Referral,Desktop,/products
S04330,5,2026-03-05,Referral,Desktop,/pricing
S04331,1,2026-03-05,Organic Search,Desktop,/blog
S04332,1,2026-01-01,Referral,Mobile,/blog
S04332,2,2026-01-01,Referral,Mobile,/features
S04332,3,2026-01-01,Referral,Mobile,/contact
S04332,4,2026-01-01,Referral,Mobile,/products
S04332,5,2026-01-01,Referral,Mobile,/pricing
S04333,1,2026-01-01,Organic Search,Mobile,/blog
S04333,2,2026-01-01,Organic Search,Mobile,/features
S04333,3,2026-01-01,Organic Search,Mobile,/contact
S04334,1,2026-02-18,Direct,Desktop,/products
S04335,1,2026-02-25,Email,Desktop,/features
S04335,2,2026-02-25,Email,Desktop,/products
S04335,3,2026-02-25,Email,Desktop,/blog
S04335,4,2026-02-25,Email,Desktop,/contact
S04336,1,2026-02-06,Organic Search,Desktop,/
S04336,2,2026-02-06,Organic Search,Desktop,/features
S04336,3,2026-02-06,Organic Search,Desktop,/blog
S04336,4,2026-02-06,Organic Search,Desktop,/contact
S04337,1,2026-03-09,Organic Search,Mobile,/features
S04338,1,2026-03-17,Organic Search,Mobile,/contact
S04338,2,2026-03-17,Organic Search,Mobile,/products
S04338,3,2026-03-17,Organic Search,Mobile,/pricing
S04339,1,2026-02-13,Direct,Mobile,/features
S04339,2,2026-02-13,Direct,Mobile,/products
S04339,3,2026-02-13,Direct,Mobile,/pricing
S04339,4,2026-02-13,Direct,Mobile,/blog
S04340,1,2026-03-18,Social,Mobile,/blog
S04341,1,2026-01-24,Organic Search,Mobile,/blog
S04341,2,2026-01-24,Organic Search,Mobile,/features
S04341,3,2026-01-24,Organic Search,Mobile,/contact
S04341,4,2026-01-24,Organic Search,Mobile,/products
S04341,5,2026-01-24,Organic Search,Mobile,/pricing
S04342,1,2026-02-21,Organic Search,Mobile,/pricing
S04343,1,2026-01-25,Paid Search,Desktop,/products
S04343,2,2026-01-25,Paid Search,Desktop,/features
S04343,3,2026-01-25,Paid Search,Desktop,/blog
S04344,1,2026-01-27,Organic Search,Mobile,/features
S04344,2,2026-01-27,Organic Search,Mobile,/products
S04344,3,2026-01-27,Organic Search,Mobile,/pricing
S04344,4,2026-01-27,Organic Search,Mobile,/blog
S04344,5,2026-01-27,Organic Search,Mobile,/contact
S04345,1,2026-03-02,Social,Desktop,/blog
S04346,1,2026-02-23,Referral,Mobile,/pricing
S04346,2,2026-02-23,Referral,Mobile,/products
S04346,3,2026-02-23,Referral,Mobile,/features
S04346,4,2026-02-23,Referral,Mobile,/blog
S04347,1,2026-02-13,Social,Mobile,/features
S04348,1,2026-02-22,Email,Desktop,/
S04348,2,2026-02-22,Email,Desktop,/products
S04349,1,2026-02-11,Direct,Desktop,/features
S04350,1,2026-02-20,Social,Mobile,/features
S04351,1,2026-02-28,Organic Search,Desktop,/products
S04351,2,2026-02-28,Organic Search,Desktop,/features
S04352,1,2026-02-12,Organic Search,Mobile,/
S04353,1,2026-03-07,Paid Search,Mobile,/blog
S04354,1,2026-01-14,Organic Search,Desktop,/products
S04354,2,2026-01-14,Organic Search,Desktop,/features
S04355,1,2026-02-21,Email,Desktop,/contact
S04355,2,2026-02-21,Email,Desktop,/features
S04355,3,2026-02-21,Email,Desktop,/blog
S04355,4,2026-02-21,Email,Desktop,/products
S04355,5,2026-02-21,Email,Desktop,/pricing
S04356,1,2026-02-21,Paid Search,Mobile,/
S04357,1,2026-01-17,Referral,Tablet,/products
S04357,2,2026-01-17,Referral,Tablet,/features
S04357,3,2026-01-17,Referral,Tablet,/blog
S04357,4,2026-01-17,Referral,Tablet,/contact
S04357,5,2026-01-17,Referral,Tablet,/pricing
S04358,1,2026-02-03,Organic Search,Desktop,/
S04358,2,2026-02-03,Organic Search,Desktop,/products
S04358,3,2026-02-03,Organic Search,Desktop,/features
S04359,1,2026-03-27,Direct,Desktop,/features
S04359,2,2026-03-27,Direct,Desktop,/products
S04359,3,2026-03-27,Direct,Desktop,/blog
S04359,4,2026-03-27,Direct,Desktop,/contact
S04359,5,2026-03-27,Direct,Desktop,/pricing
S04360,1,2026-02-14,Social,Mobile,/pricing
S04361,1,2026-03-08,Organic Search,Mobile,/features
S04361,2,2026-03-08,Organic Search,Mobile,/products
S04361,3,2026-03-08,Organic Search,Mobile,/pricing
S04361,4,2026-03-08,Organic Search,Mobile,/blog
S04361,5,2026-03-08,Organic Search,Mobile,/contact
S04362,1,2026-03-10,Direct,Mobile,/contact
S04362,2,2026-03-10,Direct,Mobile,/features
S04363,1,2026-01-24,Paid Search,Desktop,/blog
S04363,2,2026-01-24,Paid Search,Desktop,/products
S04363,3,2026-01-24,Paid Search,Desktop,/pricing
S04363,4,2026-01-24,Paid Search,Desktop,/signup
S04363,5,2026-01-24,Paid Search,Desktop,/thank-you
S04364,1,2026-02-26,Referral,Mobile,/products
S04365,1,2026-02-01,Social,Desktop,/
S04366,1,2026-03-19,Organic Search,Mobile,/features
S04367,1,2026-03-31,Direct,Desktop,/products
S04368,1,2026-01-28,Paid Search,Desktop,/features
S04368,2,2026-01-28,Paid Search,Desktop,/products
S04368,3,2026-01-28,Paid Search,Desktop,/pricing
S04368,4,2026-01-28,Paid Search,Desktop,/blog
S04368,5,2026-01-28,Paid Search,Desktop,/contact
S04369,1,2026-01-28,Organic Search,Desktop,/features
S04369,2,2026-01-28,Organic Search,Desktop,/products
S04369,3,2026-01-28,Organic Search,Desktop,/pricing
S04369,4,2026-01-28,Organic Search,Desktop,/blog
S04370,1,2026-02-03,Direct,Desktop,/blog
S04370,2,2026-02-03,Direct,Desktop,/products
S04370,3,2026-02-03,Direct,Desktop,/pricing
S04371,1,2026-03-05,Organic Search,Desktop,/blog
S04372,1,2026-02-03,Organic Search,Mobile,/contact
S04373,1,2026-02-07,Direct,Desktop,/blog
S04374,1,2026-01-11,Organic Search,Tablet,/blog
S04375,1,2026-02-10,Paid Search,Mobile,/pricing
S04375,2,2026-02-10,Paid Search,Mobile,/products
S04376,1,2026-01-13,Organic Search,Mobile,/pricing
S04377,1,2026-03-03,Social,Tablet,/products
S04378,1,2026-03-19,Organic Search,Mobile,/contact
S04378,2,2026-03-19,Organic Search,Mobile,/products
S04378,3,2026-03-19,Organic Search,Mobile,/features
S04378,4,2026-03-19,Organic Search,Mobile,/blog
S04378,5,2026-03-19,Organic Search,Mobile,/pricing
S04379,1,2026-01-17,Email,Mobile,/blog
S04380,1,2026-03-25,Organic Search,Mobile,/features
S04381,1,2026-03-24,Direct,Mobile,/
S04381,2,2026-03-24,Direct,Mobile,/products
S04381,3,2026-03-24,Direct,Mobile,/features
S04381,4,2026-03-24,Direct,Mobile,/blog
S04382,1,2026-01-13,Direct,Mobile,/features
S04383,1,2026-02-08,Organic Search,Mobile,/products
S04383,2,2026-02-08,Organic Search,Mobile,/pricing
S04383,3,2026-02-08,Organic Search,Mobile,/signup
S04383,4,2026-02-08,Organic Search,Mobile,/thank-you
S04384,1,2026-01-07,Direct,Desktop,/blog
S04384,2,2026-01-07,Direct,Desktop,/products
S04384,3,2026-01-07,Direct,Desktop,/pricing
S04384,4,2026-01-07,Direct,Desktop,/signup
S04385,1,2026-01-22,Email,Mobile,/
S04385,2,2026-01-22,Email,Mobile,/products
S04385,3,2026-01-22,Email,Mobile,/features
S04385,4,2026-01-22,Email,Mobile,/blog
S04385,5,2026-01-22,Email,Mobile,/contact
S04386,1,2026-01-25,Email,Mobile,/features
S04387,1,2026-01-09,Organic Search,Desktop,/blog
S04388,1,2026-03-14,Organic Search,Desktop,/pricing
S04388,2,2026-03-14,Organic Search,Desktop,/products
S04388,3,2026-03-14,Organic Search,Desktop,/pricing
S04389,1,2026-03-14,Social,Mobile,/products
S04390,1,2026-03-05,Paid Search,Mobile,/products
S04391,1,2026-03-13,Organic Search,Desktop,/products
S04392,1,2026-03-30,Social,Desktop,/
S04393,1,2026-01-05,Direct,Mobile,/pricing
S04394,1,2026-03-31,Paid Search,Mobile,/pricing
S04394,2,2026-03-31,Paid Search,Mobile,/products
S04394,3,2026-03-31,Paid Search,Mobile,/features
S04394,4,2026-03-31,Paid Search,Mobile,/blog
S04394,5,2026-03-31,Paid Search,Mobile,/contact
S04395,1,2026-01-23,Direct,Desktop,/products
S04395,2,2026-01-23,Direct,Desktop,/pricing
S04395,3,2026-01-23,Direct,Desktop,/signup
S04396,1,2026-01-29,Direct,Desktop,/blog
S04396,2,2026-01-29,Direct,Desktop,/products
S04396,3,2026-01-29,Direct,Desktop,/pricing
S04396,4,2026-01-29,Direct,Desktop,/signup
S04396,5,2026-01-29,Direct,Desktop,/features
S04397,1,2026-02-10,Organic Search,Mobile,/products
S04398,1,2026-01-23,Social,Desktop,/
S04399,1,2026-03-30,Organic Search,Desktop,/features
S04399,2,2026-03-30,Organic Search,Desktop,/products
S04399,3,2026-03-30,Organic Search,Desktop,/pricing
S04399,4,2026-03-30,Organic Search,Desktop,/signup
S04399,5,2026-03-30,Organic Search,Desktop,/thank-you
S04400,1,2026-01-11,Social,Desktop,/products
S04400,2,2026-01-11,Social,Desktop,/features
S04400,3,2026-01-11,Social,Desktop,/blog
S04400,4,2026-01-11,Social,Desktop,/contact
S04401,1,2026-02-16,Social,Desktop,/blog
S04401,2,2026-02-16,Social,Desktop,/products
S04401,3,2026-02-16,Social,Desktop,/pricing
S04402,1,2026-02-16,Social,Desktop,/contact
S04403,1,2026-01-04,Organic Search,Mobile,/blog
S04404,1,2026-03-16,Organic Search,Mobile,/pricing
S04404,2,2026-03-16,Organic Search,Mobile,/products
S04404,3,2026-03-16,Organic Search,Mobile,/pricing
S04404,4,2026-03-16,Organic Search,Mobile,/features
S04404,5,2026-03-16,Organic Search,Mobile,/blog
S04405,1,2026-02-15,Direct,Desktop,/pricing
S04405,2,2026-02-15,Direct,Desktop,/products
S04405,3,2026-02-15,Direct,Desktop,/features
S04406,1,2026-03-07,Paid Search,Desktop,/features
S04407,1,2026-03-14,Email,Mobile,/features
S04408,1,2026-01-20,Direct,Mobile,/
S04409,1,2026-02-01,Email,Desktop,/blog
S04409,2,2026-02-01,Email,Desktop,/features
S04410,1,2026-02-06,Organic Search,Desktop,/features
S04410,2,2026-02-06,Organic Search,Desktop,/products
S04410,3,2026-02-06,Organic Search,Desktop,/blog
S04410,4,2026-02-06,Organic Search,Desktop,/contact
S04411,1,2026-02-01,Direct,Mobile,/features
S04411,2,2026-02-01,Direct,Mobile,/products
S04412,1,2026-03-13,Organic Search,Mobile,/
S04413,1,2026-01-19,Social,Mobile,/pricing
S04413,2,2026-01-19,Social,Mobile,/products
S04413,3,2026-01-19,Social,Mobile,/features
S04414,1,2026-02-01,Organic Search,Tablet,/pricing
S04414,2,2026-02-01,Organic Search,Tablet,/products
S04414,3,2026-02-01,Organic Search,Tablet,/pricing
S04414,4,2026-02-01,Organic Search,Tablet,/signup
S04415,1,2026-01-13,Organic Search,Desktop,/products
S04415,2,2026-01-13,Organic Search,Desktop,/features
S04415,3,2026-01-13,Organic Search,Desktop,/blog
S04415,4,2026-01-13,Organic Search,Desktop,/contact
S04415,5,2026-01-13,Organic Search,Desktop,/pricing
S04416,1,2026-01-29,Social,Mobile,/blog
S04417,1,2026-01-04,Direct,Mobile,/pricing
S04417,2,2026-01-04,Direct,Mobile,/products
S04417,3,2026-01-04,Direct,Mobile,/pricing
S04418,1,2026-03-11,Organic Search,Desktop,/products
S04419,1,2026-02-22,Organic Search,Mobile,/products
S04419,2,2026-02-22,Organic Search,Mobile,/features
S04420,1,2026-02-08,Direct,Tablet,/features
S04420,2,2026-02-08,Direct,Tablet,/products
S04421,1,2026-03-24,Organic Search,Mobile,/features
S04421,2,2026-03-24,Organic Search,Mobile,/products
S04421,3,2026-03-24,Organic Search,Mobile,/pricing
S04421,4,2026-03-24,Organic Search,Mobile,/signup
S04421,5,2026-03-24,Organic Search,Mobile,/thank-you
S04422,1,2026-01-02,Organic Search,Mobile,/features
S04422,2,2026-01-02,Organic Search,Mobile,/products
S04422,3,2026-01-02,Organic Search,Mobile,/blog
S04422,4,2026-01-02,Organic Search,Mobile,/contact
S04422,5,2026-01-02,Organic Search,Mobile,/pricing
S04423,1,2026-02-13,Paid Search,Mobile,/features
S04424,1,2026-03-19,Organic Search,Mobile,/contact
S04424,2,2026-03-19,Organic Search,Mobile,/products
S04424,3,2026-03-19,Organic Search,Mobile,/pricing
S04425,1,2026-03-28,Paid Search,Desktop,/pricing
S04426,1,2026-03-23,Direct,Desktop,/
S04426,2,2026-03-23,Direct,Desktop,/features
S04427,1,2026-02-25,Organic Search,Mobile,/features
S04428,1,2026-03-15,Organic Search,Mobile,/blog
S04429,1,2026-03-22,Organic Search,Desktop,/products
S04429,2,2026-03-22,Organic Search,Desktop,/pricing
S04429,3,2026-03-22,Organic Search,Desktop,/features
S04430,1,2026-02-15,Organic Search,Desktop,/contact
S04430,2,2026-02-15,Organic Search,Desktop,/features
S04430,3,2026-02-15,Organic Search,Desktop,/blog
S04430,4,2026-02-15,Organic Search,Desktop,/products
S04431,1,2026-02-12,Organic Search,Mobile,/products
S04431,2,2026-02-12,Organic Search,Mobile,/features
S04432,1,2026-03-12,Email,Mobile,/features
S04433,1,2026-02-11,Social,Desktop,/blog
S04434,1,2026-03-08,Direct,Mobile,/
S04435,1,2026-01-13,Paid Search,Desktop,/features
S04436,1,2026-02-10,Paid Search,Mobile,/blog
S04436,2,2026-02-10,Paid Search,Mobile,/products
S04437,1,2026-01-30,Social,Mobile,/blog
S04438,1,2026-02-01,Organic Search,Desktop,/blog
S04439,1,2026-03-13,Organic Search,Mobile,/products
S04439,2,2026-03-13,Organic Search,Mobile,/features
S04439,3,2026-03-13,Organic Search,Mobile,/blog
S04439,4,2026-03-13,Organic Search,Mobile,/contact
S04440,1,2026-03-27,Organic Search,Mobile,/products
S04441,1,2026-02-24,Organic Search,Mobile,/
S04442,1,2026-02-09,Organic Search,Desktop,/
S04443,1,2026-02-26,Email,Desktop,/products
S04443,2,2026-02-26,Email,Desktop,/pricing
S04443,3,2026-02-26,Email,Desktop,/signup
S04443,4,2026-02-26,Email,Desktop,/features
S04444,1,2026-01-13,Email,Mobile,/pricing
S04444,2,2026-01-13,Email,Mobile,/products
S04445,1,2026-03-10,Organic Search,Desktop,/
S04445,2,2026-03-10,Organic Search,Desktop,/products
S04445,3,2026-03-10,Organic Search,Desktop,/features
S04445,4,2026-03-10,Organic Search,Desktop,/blog
S04445,5,2026-03-10,Organic Search,Desktop,/contact
S04446,1,2026-01-12,Direct,Mobile,/pricing
S04446,2,2026-01-12,Direct,Mobile,/products
S04446,3,2026-01-12,Direct,Mobile,/pricing
S04446,4,2026-01-12,Direct,Mobile,/features
S04446,5,2026-01-12,Direct,Mobile,/blog
S04446,6,2026-01-12,Direct,Mobile,/contact
S04447,1,2026-03-23,Direct,Mobile,/products
S04447,2,2026-03-23,Direct,Mobile,/pricing
S04447,3,2026-03-23,Direct,Mobile,/features
S04447,4,2026-03-23,Direct,Mobile,/blog
S04448,1,2026-02-04,Direct,Mobile,/products
S04448,2,2026-02-04,Direct,Mobile,/pricing
S04448,3,2026-02-04,Direct,Mobile,/features
S04448,4,2026-02-04,Direct,Mobile,/blog
S04449,1,2026-02-08,Direct,Mobile,/contact
S04449,2,2026-02-08,Direct,Mobile,/products
S04449,3,2026-02-08,Direct,Mobile,/features
S04449,4,2026-02-08,Direct,Mobile,/blog
S04449,5,2026-02-08,Direct,Mobile,/pricing
S04450,1,2026-02-07,Organic Search,Mobile,/contact
S04450,2,2026-02-07,Organic Search,Mobile,/features
S04450,3,2026-02-07,Organic Search,Mobile,/blog
S04450,4,2026-02-07,Organic Search,Mobile,/products
S04451,1,2026-01-24,Email,Desktop,/features
S04451,2,2026-01-24,Email,Desktop,/products
S04451,3,2026-01-24,Email,Desktop,/pricing
S04451,4,2026-01-24,Email,Desktop,/blog
S04452,1,2026-01-12,Referral,Mobile,/
S04452,2,2026-01-12,Referral,Mobile,/features
S04453,1,2026-02-27,Paid Search,Desktop,/blog
S04454,1,2026-02-10,Paid Search,Desktop,/
S04455,1,2026-03-04,Direct,Mobile,/pricing
S04455,2,2026-03-04,Direct,Mobile,/products
S04455,3,2026-03-04,Direct,Mobile,/pricing
S04455,4,2026-03-04,Direct,Mobile,/signup
S04456,1,2026-01-20,Direct,Mobile,/features
S04456,2,2026-01-20,Direct,Mobile,/products
S04456,3,2026-01-20,Direct,Mobile,/pricing
S04457,1,2026-03-23,Organic Search,Mobile,/products
S04457,2,2026-03-23,Organic Search,Mobile,/features
S04457,3,2026-03-23,Organic Search,Mobile,/blog
S04457,4,2026-03-23,Organic Search,Mobile,/contact
S04458,1,2026-03-23,Paid Search,Mobile,/contact
S04458,2,2026-03-23,Paid Search,Mobile,/products
S04458,3,2026-03-23,Paid Search,Mobile,/pricing
S04458,4,2026-03-23,Paid Search,Mobile,/features
S04458,5,2026-03-23,Paid Search,Mobile,/blog
S04459,1,2026-02-20,Organic Search,Desktop,/blog
S04459,2,2026-02-20,Organic Search,Desktop,/products
S04459,3,2026-02-20,Organic Search,Desktop,/pricing
S04460,1,2026-02-26,Social,Tablet,/products
S04460,2,2026-02-26,Social,Tablet,/pricing
S04460,3,2026-02-26,Social,Tablet,/signup
S04460,4,2026-02-26,Social,Tablet,/thank-you
S04461,1,2026-02-07,Direct,Desktop,/
S04461,2,2026-02-07,Direct,Desktop,/features
S04462,1,2026-02-07,Direct,Mobile,/features
S04463,1,2026-01-18,Direct,Mobile,/pricing
S04463,2,2026-01-18,Direct,Mobile,/products
S04463,3,2026-01-18,Direct,Mobile,/features
S04463,4,2026-01-18,Direct,Mobile,/blog
S04463,5,2026-01-18,Direct,Mobile,/contact
S04464,1,2026-03-05,Referral,Mobile,/
S04465,1,2026-03-30,Organic Search,Tablet,/
S04466,1,2026-03-24,Organic Search,Mobile,/contact
S04466,2,2026-03-24,Organic Search,Mobile,/products
S04466,3,2026-03-24,Organic Search,Mobile,/pricing
S04466,4,2026-03-24,Organic Search,Mobile,/features
S04466,5,2026-03-24,Organic Search,Mobile,/blog
S04467,1,2026-03-09,Organic Search,Mobile,/products
S04468,1,2026-01-04,Paid Search,Desktop,/contact
S04468,2,2026-01-04,Paid Search,Desktop,/products
S04469,1,2026-01-16,Referral,Mobile,/blog
S04470,1,2026-03-03,Organic Search,Mobile,/products
S04470,2,2026-03-03,Organic Search,Mobile,/features
S04470,3,2026-03-03,Organic Search,Mobile,/blog
S04470,4,2026-03-03,Organic Search,Mobile,/contact
S04471,1,2026-01-03,Email,Desktop,/products
S04472,1,2026-02-01,Organic Search,Mobile,/features
S04472,2,2026-02-01,Organic Search,Mobile,/products
S04473,1,2026-02-26,Paid Search,Mobile,/pricing
S04474,1,2026-02-25,Organic Search,Mobile,/
S04474,2,2026-02-25,Organic Search,Mobile,/features
S04475,1,2026-03-23,Direct,Mobile,/products
S04475,2,2026-03-23,Direct,Mobile,/features
S04475,3,2026-03-23,Direct,Mobile,/blog
S04476,1,2026-02-23,Paid Search,Tablet,/features
S04476,2,2026-02-23,Paid Search,Tablet,/products
S04476,3,2026-02-23,Paid Search,Tablet,/pricing
S04477,1,2026-02-01,Direct,Mobile,/blog
S04477,2,2026-02-01,Direct,Mobile,/features
S04477,3,2026-02-01,Direct,Mobile,/contact
S04477,4,2026-02-01,Direct,Mobile,/products
S04478,1,2026-01-08,Organic Search,Desktop,/pricing
S04478,2,2026-01-08,Organic Search,Desktop,/products
S04478,3,2026-01-08,Organic Search,Desktop,/pricing
S04478,4,2026-01-08,Organic Search,Desktop,/features
S04478,5,2026-01-08,Organic Search,Desktop,/blog
S04479,1,2026-02-17,Social,Mobile,/products
S04479,2,2026-02-17,Social,Mobile,/features
S04480,1,2026-03-02,Referral,Desktop,/pricing
S04481,1,2026-03-19,Direct,Tablet,/features
S04481,2,2026-03-19,Direct,Tablet,/products
S04481,3,2026-03-19,Direct,Tablet,/blog
S04481,4,2026-03-19,Direct,Tablet,/contact
S04481,5,2026-03-19,Direct,Tablet,/pricing
S04482,1,2026-01-17,Paid Search,Mobile,/
S04483,1,2026-03-28,Social,Tablet,/contact
S04484,1,2026-03-15,Organic Search,Desktop,/features
S04485,1,2026-02-25,Email,Desktop,/products
S04485,2,2026-02-25,Email,Desktop,/features
S04486,1,2026-01-19,Organic Search,Mobile,/features
S04487,1,2026-01-20,Social,Desktop,/blog
S04487,2,2026-01-20,Social,Desktop,/features
S04487,3,2026-01-20,Social,Desktop,/contact
S04488,1,2026-02-01,Organic Search,Mobile,/blog
S04489,1,2026-03-29,Organic Search,Tablet,/
S04489,2,2026-03-29,Organic Search,Tablet,/features
S04489,3,2026-03-29,Organic Search,Tablet,/blog
S04489,4,2026-03-29,Organic Search,Tablet,/contact
S04489,5,2026-03-29,Organic Search,Tablet,/products
S04490,1,2026-03-15,Direct,Desktop,/features
S04491,1,2026-01-25,Direct,Mobile,/pricing
S04491,2,2026-01-25,Direct,Mobile,/products
S04491,3,2026-01-25,Direct,Mobile,/features
S04491,4,2026-01-25,Direct,Mobile,/blog
S04491,5,2026-01-25,Direct,Mobile,/contact
S04492,1,2026-01-23,Email,Desktop,/features
S04493,1,2026-01-07,Referral,Desktop,/products
S04493,2,2026-01-07,Referral,Desktop,/features
S04493,3,2026-01-07,Referral,Desktop,/blog
S04493,4,2026-01-07,Referral,Desktop,/contact
S04493,5,2026-01-07,Referral,Desktop,/pricing
S04494,1,2026-02-24,Organic Search,Desktop,/products
S04494,2,2026-02-24,Organic Search,Desktop,/pricing
S04494,3,2026-02-24,Organic Search,Desktop,/signup
S04494,4,2026-02-24,Organic Search,Desktop,/thank-you
S04495,1,2026-02-13,Organic Search,Mobile,/contact
S04495,2,2026-02-13,Organic Search,Mobile,/features
S04495,3,2026-02-13,Organic Search,Mobile,/blog
S04495,4,2026-02-13,Organic Search,Mobile,/products
S04495,5,2026-02-13,Organic Search,Mobile,/pricing
S04496,1,2026-01-02,Direct,Mobile,/pricing
S04496,2,2026-01-02,Direct,Mobile,/products
S04496,3,2026-01-02,Direct,Mobile,/features
S04497,1,2026-03-05,Direct,Mobile,/
S04498,1,2026-01-08,Direct,Mobile,/features
S04499,1,2026-01-09,Email,Tablet,/products
S04499,2,2026-01-09,Email,Tablet,/features
S04499,3,2026-01-09,Email,Tablet,/blog
S04499,4,2026-01-09,Email,Tablet,/contact
S04499,5,2026-01-09,Email,Tablet,/pricing
S04500,1,2026-03-23,Social,Mobile,/features
S04501,1,2026-03-27,Organic Search,Desktop,/features
S04501,2,2026-03-27,Organic Search,Desktop,/products
S04501,3,2026-03-27,Organic Search,Desktop,/pricing
S04501,4,2026-03-27,Organic Search,Desktop,/blog
S04502,1,2026-01-05,Direct,Desktop,/
S04502,2,2026-01-05,Direct,Desktop,/products
S04502,3,2026-01-05,Direct,Desktop,/features
S04502,4,2026-01-05,Direct,Desktop,/blog
S04502,5,2026-01-05,Direct,Desktop,/contact
S04502,6,2026-01-05,Direct,Desktop,/pricing
S04503,1,2026-03-20,Paid Search,Desktop,/pricing
S04503,2,2026-03-20,Paid Search,Desktop,/products
S04503,3,2026-03-20,Paid Search,Desktop,/features
S04504,1,2026-01-23,Direct,Mobile,/contact
S04504,2,2026-01-23,Direct,Mobile,/products
S04504,3,2026-01-23,Direct,Mobile,/pricing
S04505,1,2026-02-15,Organic Search,Mobile,/contact
S04506,1,2026-03-17,Direct,Desktop,/pricing
S04506,2,2026-03-17,Direct,Desktop,/products
S04506,3,2026-03-17,Direct,Desktop,/pricing
S04507,1,2026-02-24,Direct,Mobile,/blog
S04507,2,2026-02-24,Direct,Mobile,/products
S04507,3,2026-02-24,Direct,Mobile,/pricing
S04507,4,2026-02-24,Direct,Mobile,/signup
S04507,5,2026-02-24,Direct,Mobile,/features
S04508,1,2026-02-21,Organic Search,Mobile,/blog
S04509,1,2026-02-19,Social,Desktop,/products
S04509,2,2026-02-19,Social,Desktop,/pricing
S04509,3,2026-02-19,Social,Desktop,/signup
S04509,4,2026-02-19,Social,Desktop,/thank-you
S04510,1,2026-01-25,Direct,Mobile,/blog
S04510,2,2026-01-25,Direct,Mobile,/features
S04510,3,2026-01-25,Direct,Mobile,/contact
S04510,4,2026-01-25,Direct,Mobile,/products
S04511,1,2026-01-25,Paid Search,Desktop,/products
S04511,2,2026-01-25,Paid Search,Desktop,/pricing
S04511,3,2026-01-25,Paid Search,Desktop,/features
S04512,1,2026-01-22,Direct,Mobile,/products
S04512,2,2026-01-22,Direct,Mobile,/features
S04513,1,2026-03-18,Email,Mobile,/products
S04513,2,2026-03-18,Email,Mobile,/features
S04513,3,2026-03-18,Email,Mobile,/blog
S04514,1,2026-01-24,Organic Search,Desktop,/features
S04514,2,2026-01-24,Organic Search,Desktop,/products
S04514,3,2026-01-24,Organic Search,Desktop,/pricing
S04514,4,2026-01-24,Organic Search,Desktop,/signup
S04515,1,2026-03-18,Organic Search,Mobile,/products
S04515,2,2026-03-18,Organic Search,Mobile,/pricing
S04515,3,2026-03-18,Organic Search,Mobile,/features
S04515,4,2026-03-18,Organic Search,Mobile,/blog
S04515,5,2026-03-18,Organic Search,Mobile,/contact
S04516,1,2026-01-29,Organic Search,Desktop,/products
S04517,1,2026-03-07,Direct,Desktop,/
S04517,2,2026-03-07,Direct,Desktop,/features
S04517,3,2026-03-07,Direct,Desktop,/blog
S04517,4,2026-03-07,Direct,Desktop,/contact
S04518,1,2026-01-29,Organic Search,Mobile,/
S04518,2,2026-01-29,Organic Search,Mobile,/features
S04518,3,2026-01-29,Organic Search,Mobile,/blog
S04518,4,2026-01-29,Organic Search,Mobile,/contact
S04518,5,2026-01-29,Organic Search,Mobile,/products
S04518,6,2026-01-29,Organic Search,Mobile,/pricing
S04519,1,2026-01-23,Social,Mobile,/contact
S04519,2,2026-01-23,Social,Mobile,/features
S04519,3,2026-01-23,Social,Mobile,/blog
S04519,4,2026-01-23,Social,Mobile,/products
S04520,1,2026-02-11,Organic Search,Mobile,/pricing
S04520,2,2026-02-11,Organic Search,Mobile,/products
S04520,3,2026-02-11,Organic Search,Mobile,/features
S04520,4,2026-02-11,Organic Search,Mobile,/blog
S04521,1,2026-03-12,Organic Search,Desktop,/products
S04522,1,2026-02-05,Direct,Desktop,/contact
S04523,1,2026-03-31,Social,Mobile,/
S04523,2,2026-03-31,Social,Mobile,/products
S04523,3,2026-03-31,Social,Mobile,/features
S04523,4,2026-03-31,Social,Mobile,/blog
S04523,5,2026-03-31,Social,Mobile,/contact
S04524,1,2026-03-12,Email,Mobile,/pricing
S04524,2,2026-03-12,Email,Mobile,/products
S04524,3,2026-03-12,Email,Mobile,/features
S04524,4,2026-03-12,Email,Mobile,/blog
S04524,5,2026-03-12,Email,Mobile,/contact
S04525,1,2026-01-28,Social,Mobile,/features
S04525,2,2026-01-28,Social,Mobile,/products
S04525,3,2026-01-28,Social,Mobile,/blog
S04525,4,2026-01-28,Social,Mobile,/contact
S04525,5,2026-01-28,Social,Mobile,/pricing
S04526,1,2026-03-17,Direct,Mobile,/features
S04526,2,2026-03-17,Direct,Mobile,/products
S04526,3,2026-03-17,Direct,Mobile,/pricing
S04526,4,2026-03-17,Direct,Mobile,/blog
S04526,5,2026-03-17,Direct,Mobile,/contact
S04527,1,2026-03-04,Social,Mobile,/products
S04528,1,2026-02-17,Paid Search,Mobile,/blog
S04529,1,2026-02-03,Organic Search,Desktop,/blog
S04530,1,2026-01-03,Direct,Mobile,/blog
S04530,2,2026-01-03,Direct,Mobile,/features
S04530,3,2026-01-03,Direct,Mobile,/contact
S04530,4,2026-01-03,Direct,Mobile,/products
S04531,1,2026-03-25,Social,Mobile,/products
S04532,1,2026-02-22,Organic Search,Desktop,/features
S04533,1,2026-03-23,Paid Search,Tablet,/pricing
S04533,2,2026-03-23,Paid Search,Tablet,/products
S04533,3,2026-03-23,Paid Search,Tablet,/pricing
S04534,1,2026-02-02,Direct,Mobile,/blog
S04534,2,2026-02-02,Direct,Mobile,/features
S04534,3,2026-02-02,Direct,Mobile,/contact
S04534,4,2026-02-02,Direct,Mobile,/products
S04534,5,2026-02-02,Direct,Mobile,/pricing
S04535,1,2026-03-22,Direct,Desktop,/contact
S04535,2,2026-03-22,Direct,Desktop,/features
S04535,3,2026-03-22,Direct,Desktop,/blog
S04535,4,2026-03-22,Direct,Desktop,/products
S04536,1,2026-01-19,Organic Search,Mobile,/features
S04537,1,2026-03-05,Paid Search,Desktop,/features
S04537,2,2026-03-05,Paid Search,Desktop,/products
S04537,3,2026-03-05,Paid Search,Desktop,/pricing
S04538,1,2026-02-15,Email,Mobile,/products
S04538,2,2026-02-15,Email,Mobile,/pricing
S04538,3,2026-02-15,Email,Mobile,/signup
S04539,1,2026-02-21,Organic Search,Desktop,/
S04540,1,2026-03-31,Direct,Mobile,/pricing
S04540,2,2026-03-31,Direct,Mobile,/products
S04540,3,2026-03-31,Direct,Mobile,/pricing
S04540,4,2026-03-31,Direct,Mobile,/features
S04541,1,2026-01-30,Organic Search,Tablet,/
S04542,1,2026-01-28,Organic Search,Tablet,/blog
S04542,2,2026-01-28,Organic Search,Tablet,/products
S04542,3,2026-01-28,Organic Search,Tablet,/features
S04542,4,2026-01-28,Organic Search,Tablet,/contact
S04542,5,2026-01-28,Organic Search,Tablet,/pricing
S04543,1,2026-02-26,Referral,Mobile,/blog
S04544,1,2026-01-10,Direct,Mobile,/pricing
S04544,2,2026-01-10,Direct,Mobile,/products
S04544,3,2026-01-10,Direct,Mobile,/pricing
S04544,4,2026-01-10,Direct,Mobile,/signup
S04544,5,2026-01-10,Direct,Mobile,/thank-you
S04544,6,2026-01-10,Direct,Mobile,/features
S04545,1,2026-03-10,Direct,Desktop,/
S04545,2,2026-03-10,Direct,Desktop,/products
S04545,3,2026-03-10,Direct,Desktop,/pricing
S04545,4,2026-03-10,Direct,Desktop,/signup
S04546,1,2026-01-11,Organic Search,Mobile,/features
S04546,2,2026-01-11,Organic Search,Mobile,/products
S04546,3,2026-01-11,Organic Search,Mobile,/pricing
S04546,4,2026-01-11,Organic Search,Mobile,/signup
S04546,5,2026-01-11,Organic Search,Mobile,/thank-you
S04546,6,2026-01-11,Organic Search,Mobile,/blog
S04547,1,2026-03-24,Referral,Desktop,/blog
S04548,1,2026-01-29,Organic Search,Desktop,/pricing
S04549,1,2026-02-27,Social,Mobile,/pricing
S04549,2,2026-02-27,Social,Mobile,/products
S04549,3,2026-02-27,Social,Mobile,/pricing
S04549,4,2026-02-27,Social,Mobile,/features
S04549,5,2026-02-27,Social,Mobile,/blog
S04550,1,2026-02-21,Organic Search,Mobile,/
S04550,2,2026-02-21,Organic Search,Mobile,/features
S04550,3,2026-02-21,Organic Search,Mobile,/blog
S04550,4,2026-02-21,Organic Search,Mobile,/contact
S04550,5,2026-02-21,Organic Search,Mobile,/products
S04550,6,2026-02-21,Organic Search,Mobile,/pricing
S04551,1,2026-02-19,Organic Search,Desktop,/blog
S04552,1,2026-01-12,Paid Search,Mobile,/
S04553,1,2026-02-07,Organic Search,Desktop,/pricing
S04553,2,2026-02-07,Organic Search,Desktop,/products
S04553,3,2026-02-07,Organic Search,Desktop,/features
S04554,1,2026-03-09,Paid Search,Mobile,/
S04555,1,2026-02-14,Organic Search,Mobile,/products
S04555,2,2026-02-14,Organic Search,Mobile,/pricing
S04555,3,2026-02-14,Organic Search,Mobile,/features
S04555,4,2026-02-14,Organic Search,Mobile,/blog
S04555,5,2026-02-14,Organic Search,Mobile,/contact
S04556,1,2026-03-26,Social,Mobile,/products
S04556,2,2026-03-26,Social,Mobile,/features
S04556,3,2026-03-26,Social,Mobile,/blog
S04557,1,2026-02-28,Social,Mobile,/
S04558,1,2026-03-31,Social,Desktop,/features
S04559,1,2026-03-07,Organic Search,Mobile,/features
S04559,2,2026-03-07,Organic Search,Mobile,/products
S04559,3,2026-03-07,Organic Search,Mobile,/pricing
S04559,4,2026-03-07,Organic Search,Mobile,/signup
S04559,5,2026-03-07,Organic Search,Mobile,/thank-you
S04560,1,2026-02-19,Paid Search,Desktop,/
S04561,1,2026-01-12,Referral,Desktop,/
S04561,2,2026-01-12,Referral,Desktop,/products
S04561,3,2026-01-12,Referral,Desktop,/features
S04562,1,2026-01-09,Organic Search,Mobile,/features
S04563,1,2026-01-20,Organic Search,Mobile,/
S04563,2,2026-01-20,Organic Search,Mobile,/features
S04563,3,2026-01-20,Organic Search,Mobile,/blog
S04563,4,2026-01-20,Organic Search,Mobile,/contact
S04564,1,2026-03-17,Social,Desktop,/pricing
S04564,2,2026-03-17,Social,Desktop,/products
S04565,1,2026-02-07,Organic Search,Desktop,/
S04565,2,2026-02-07,Organic Search,Desktop,/features
S04565,3,2026-02-07,Organic Search,Desktop,/blog
S04565,4,2026-02-07,Organic Search,Desktop,/contact
S04565,5,2026-02-07,Organic Search,Desktop,/products
S04566,1,2026-03-20,Paid Search,Mobile,/blog
S04567,1,2026-02-14,Social,Mobile,/contact
S04568,1,2026-01-26,Organic Search,Desktop,/
S04568,2,2026-01-26,Organic Search,Desktop,/products
S04568,3,2026-01-26,Organic Search,Desktop,/features
S04568,4,2026-01-26,Organic Search,Desktop,/blog
S04568,5,2026-01-26,Organic Search,Desktop,/contact
S04568,6,2026-01-26,Organic Search,Desktop,/pricing
S04569,1,2026-03-15,Direct,Mobile,/contact
S04570,1,2026-02-22,Paid Search,Desktop,/features
S04570,2,2026-02-22,Paid Search,Desktop,/products
S04570,3,2026-02-22,Paid Search,Desktop,/blog
S04571,1,2026-01-12,Organic Search,Mobile,/contact
S04571,2,2026-01-12,Organic Search,Mobile,/features
S04571,3,2026-01-12,Organic Search,Mobile,/blog
S04571,4,2026-01-12,Organic Search,Mobile,/products
S04572,1,2026-01-28,Email,Desktop,/blog
S04573,1,2026-01-13,Organic Search,Mobile,/features
S04573,2,2026-01-13,Organic Search,Mobile,/products
S04573,3,2026-01-13,Organic Search,Mobile,/blog
S04573,4,2026-01-13,Organic Search,Mobile,/contact
S04573,5,2026-01-13,Organic Search,Mobile,/pricing
S04574,1,2026-03-03,Direct,Desktop,/blog
S04574,2,2026-03-03,Direct,Desktop,/features
S04575,1,2026-03-07,Email,Mobile,/features
S04576,1,2026-03-10,Organic Search,Mobile,/
S04577,1,2026-01-24,Social,Mobile,/blog
S04578,1,2026-01-31,Organic Search,Desktop,/blog
S04579,1,2026-02-08,Direct,Mobile,/
S04580,1,2026-01-02,Organic Search,Mobile,/products
S04580,2,2026-01-02,Organic Search,Mobile,/features
S04580,3,2026-01-02,Organic Search,Mobile,/blog
S04580,4,2026-01-02,Organic Search,Mobile,/contact
S04580,5,2026-01-02,Organic Search,Mobile,/pricing
S04581,1,2026-03-23,Paid Search,Desktop,/products
S04581,2,2026-03-23,Paid Search,Desktop,/features
S04581,3,2026-03-23,Paid Search,Desktop,/blog
S04581,4,2026-03-23,Paid Search,Desktop,/contact
S04581,5,2026-03-23,Paid Search,Desktop,/pricing
S04582,1,2026-02-05,Social,Mobile,/products
S04583,1,2026-01-18,Email,Mobile,/products
S04583,2,2026-01-18,Email,Mobile,/pricing
S04583,3,2026-01-18,Email,Mobile,/signup
S04583,4,2026-01-18,Email,Mobile,/features
S04583,5,2026-01-18,Email,Mobile,/blog
S04583,6,2026-01-18,Email,Mobile,/contact
S04584,1,2026-01-20,Referral,Desktop,/products
S04584,2,2026-01-20,Referral,Desktop,/features
S04584,3,2026-01-20,Referral,Desktop,/blog
S04584,4,2026-01-20,Referral,Desktop,/contact
S04585,1,2026-01-05,Paid Search,Desktop,/products
S04585,2,2026-01-05,Paid Search,Desktop,/pricing
S04586,1,2026-02-07,Social,Desktop,/blog
S04586,2,2026-02-07,Social,Desktop,/products
S04586,3,2026-02-07,Social,Desktop,/pricing
S04586,4,2026-02-07,Social,Desktop,/features
S04586,5,2026-02-07,Social,Desktop,/contact
S04587,1,2026-03-30,Direct,Mobile,/
S04588,1,2026-03-30,Email,Mobile,/products
S04589,1,2026-01-30,Paid Search,Desktop,/products
S04590,1,2026-01-03,Email,Mobile,/pricing
S04590,2,2026-01-03,Email,Mobile,/products
S04591,1,2026-01-13,Organic Search,Desktop,/
S04591,2,2026-01-13,Organic Search,Desktop,/products
S04591,3,2026-01-13,Organic Search,Desktop,/features
S04591,4,2026-01-13,Organic Search,Desktop,/blog
S04591,5,2026-01-13,Organic Search,Desktop,/contact
S04591,6,2026-01-13,Organic Search,Desktop,/pricing
S04592,1,2026-01-30,Direct,Mobile,/contact
S04593,1,2026-02-26,Social,Desktop,/products
S04593,2,2026-02-26,Social,Desktop,/pricing
S04593,3,2026-02-26,Social,Desktop,/signup
S04593,4,2026-02-26,Social,Desktop,/thank-you
S04594,1,2026-02-14,Organic Search,Desktop,/products
S04594,2,2026-02-14,Organic Search,Desktop,/features
S04594,3,2026-02-14,Organic Search,Desktop,/blog
S04594,4,2026-02-14,Organic Search,Desktop,/contact
S04594,5,2026-02-14,Organic Search,Desktop,/pricing
S04595,1,2026-03-05,Organic Search,Mobile,/pricing
S04595,2,2026-03-05,Organic Search,Mobile,/products
S04595,3,2026-03-05,Organic Search,Mobile,/features
S04595,4,2026-03-05,Organic Search,Mobile,/blog
S04596,1,2026-02-13,Referral,Mobile,/features
S04596,2,2026-02-13,Referral,Mobile,/products
S04596,3,2026-02-13,Referral,Mobile,/blog
S04597,1,2026-02-20,Direct,Mobile,/pricing
S04597,2,2026-02-20,Direct,Mobile,/products
S04597,3,2026-02-20,Direct,Mobile,/pricing
S04597,4,2026-02-20,Direct,Mobile,/signup
S04597,5,2026-02-20,Direct,Mobile,/thank-you
S04598,1,2026-01-19,Organic Search,Mobile,/products
S04598,2,2026-01-19,Organic Search,Mobile,/pricing
S04598,3,2026-01-19,Organic Search,Mobile,/signup
S04598,4,2026-01-19,Organic Search,Mobile,/thank-you
S04599,1,2026-02-14,Direct,Desktop,/pricing
S04599,2,2026-02-14,Direct,Desktop,/products
S04599,3,2026-02-14,Direct,Desktop,/pricing
S04600,1,2026-03-11,Direct,Mobile,/pricing
S04600,2,2026-03-11,Direct,Mobile,/products
S04600,3,2026-03-11,Direct,Mobile,/pricing
S04600,4,2026-03-11,Direct,Mobile,/features
S04601,1,2026-01-15,Paid Search,Mobile,/products
S04602,1,2026-01-27,Referral,Mobile,/contact
S04603,1,2026-02-27,Referral,Desktop,/contact
S04603,2,2026-02-27,Referral,Desktop,/products
S04604,1,2026-01-16,Paid Search,Mobile,/pricing
S04605,1,2026-02-13,Paid Search,Mobile,/
S04606,1,2026-03-19,Direct,Desktop,/pricing
S04607,1,2026-01-26,Email,Mobile,/contact
S04607,2,2026-01-26,Email,Mobile,/features
S04607,3,2026-01-26,Email,Mobile,/blog
S04607,4,2026-01-26,Email,Mobile,/products
S04607,5,2026-01-26,Email,Mobile,/pricing
S04608,1,2026-03-14,Organic Search,Mobile,/contact
S04609,1,2026-02-12,Organic Search,Tablet,/products
S04609,2,2026-02-12,Organic Search,Tablet,/features
S04609,3,2026-02-12,Organic Search,Tablet,/blog
S04609,4,2026-02-12,Organic Search,Tablet,/contact
S04609,5,2026-02-12,Organic Search,Tablet,/pricing
S04610,1,2026-02-20,Referral,Mobile,/products
S04611,1,2026-02-12,Email,Desktop,/
S04612,1,2026-01-21,Organic Search,Desktop,/features
S04612,2,2026-01-21,Organic Search,Desktop,/products
S04612,3,2026-01-21,Organic Search,Desktop,/pricing
S04612,4,2026-01-21,Organic Search,Desktop,/blog
S04612,5,2026-01-21,Organic Search,Desktop,/contact
S04613,1,2026-03-15,Paid Search,Desktop,/pricing
S04614,1,2026-03-27,Direct,Mobile,/products
S04615,1,2026-02-22,Direct,Mobile,/products
S04615,2,2026-02-22,Direct,Mobile,/pricing
S04615,3,2026-02-22,Direct,Mobile,/features
S04616,1,2026-01-26,Organic Search,Mobile,/products
S04616,2,2026-01-26,Organic Search,Mobile,/features
S04616,3,2026-01-26,Organic Search,Mobile,/blog
S04616,4,2026-01-26,Organic Search,Mobile,/contact
S04617,1,2026-02-02,Organic Search,Mobile,/features
S04617,2,2026-02-02,Organic Search,Mobile,/products
S04617,3,2026-02-02,Organic Search,Mobile,/pricing
S04617,4,2026-02-02,Organic Search,Mobile,/blog
S04617,5,2026-02-02,Organic Search,Mobile,/contact
S04618,1,2026-02-13,Direct,Mobile,/products
S04618,2,2026-02-13,Direct,Mobile,/pricing
S04618,3,2026-02-13,Direct,Mobile,/features
S04618,4,2026-02-13,Direct,Mobile,/blog
S04618,5,2026-02-13,Direct,Mobile,/contact
S04619,1,2026-02-04,Direct,Desktop,/products
S04620,1,2026-03-23,Direct,Desktop,/blog
S04621,1,2026-01-22,Organic Search,Mobile,/blog
S04622,1,2026-03-10,Referral,Desktop,/blog
S04623,1,2026-02-24,Paid Search,Desktop,/features
S04624,1,2026-02-13,Email,Desktop,/
S04624,2,2026-02-13,Email,Desktop,/features
S04624,3,2026-02-13,Email,Desktop,/blog
S04624,4,2026-02-13,Email,Desktop,/contact
S04624,5,2026-02-13,Email,Desktop,/products
S04624,6,2026-02-13,Email,Desktop,/pricing
S04625,1,2026-03-13,Organic Search,Desktop,/
S04626,1,2026-02-10,Paid Search,Desktop,/
S04627,1,2026-01-17,Email,Mobile,/blog
S04627,2,2026-01-17,Email,Mobile,/features
S04627,3,2026-01-17,Email,Mobile,/contact
S04627,4,2026-01-17,Email,Mobile,/products
S04627,5,2026-01-17,Email,Mobile,/pricing
S04628,1,2026-01-27,Direct,Mobile,/contact
S04628,2,2026-01-27,Direct,Mobile,/features
S04628,3,2026-01-27,Direct,Mobile,/blog
S04628,4,2026-01-27,Direct,Mobile,/products
S04628,5,2026-01-27,Direct,Mobile,/pricing
S04629,1,2026-03-13,Organic Search,Desktop,/products
S04629,2,2026-03-13,Organic Search,Desktop,/features
S04629,3,2026-03-13,Organic Search,Desktop,/blog
S04630,1,2026-03-13,Organic Search,Desktop,/features
S04631,1,2026-03-04,Organic Search,Desktop,/blog
S04631,2,2026-03-04,Organic Search,Desktop,/features
S04631,3,2026-03-04,Organic Search,Desktop,/contact
S04631,4,2026-03-04,Organic Search,Desktop,/products
S04631,5,2026-03-04,Organic Search,Desktop,/pricing
S04632,1,2026-03-27,Direct,Tablet,/contact
S04632,2,2026-03-27,Direct,Tablet,/features
S04632,3,2026-03-27,Direct,Tablet,/blog
S04632,4,2026-03-27,Direct,Tablet,/products
S04632,5,2026-03-27,Direct,Tablet,/pricing
S04633,1,2026-03-06,Direct,Mobile,/pricing
S04633,2,2026-03-06,Direct,Mobile,/products
S04633,3,2026-03-06,Direct,Mobile,/pricing
S04634,1,2026-03-19,Organic Search,Mobile,/
S04634,2,2026-03-19,Organic Search,Mobile,/features
S04635,1,2026-01-26,Paid Search,Desktop,/blog
S04636,1,2026-02-10,Organic Search,Mobile,/features
S04637,1,2026-03-01,Direct,Mobile,/blog
S04638,1,2026-03-28,Paid Search,Desktop,/features
S04639,1,2026-03-07,Organic Search,Desktop,/products
S04639,2,2026-03-07,Organic Search,Desktop,/features
S04640,1,2026-01-02,Organic Search,Mobile,/blog
S04641,1,2026-03-06,Organic Search,Desktop,/products
S04642,1,2026-01-29,Organic Search,Mobile,/pricing
S04642,2,2026-01-29,Organic Search,Mobile,/products
S04642,3,2026-01-29,Organic Search,Mobile,/features
S04642,4,2026-01-29,Organic Search,Mobile,/blog
S04642,5,2026-01-29,Organic Search,Mobile,/contact
S04643,1,2026-01-13,Direct,Desktop,/products
S04643,2,2026-01-13,Direct,Desktop,/pricing
S04643,3,2026-01-13,Direct,Desktop,/features
S04643,4,2026-01-13,Direct,Desktop,/blog
S04643,5,2026-01-13,Direct,Desktop,/contact
S04644,1,2026-03-13,Organic Search,Mobile,/
S04644,2,2026-03-13,Organic Search,Mobile,/features
S04644,3,2026-03-13,Organic Search,Mobile,/blog
S04644,4,2026-03-13,Organic Search,Mobile,/contact
S04645,1,2026-03-05,Organic Search,Desktop,/
S04646,1,2026-03-28,Referral,Mobile,/blog
S04646,2,2026-03-28,Referral,Mobile,/features
S04646,3,2026-03-28,Referral,Mobile,/contact
S04646,4,2026-03-28,Referral,Mobile,/products
S04646,5,2026-03-28,Referral,Mobile,/pricing
S04647,1,2026-02-16,Email,Mobile,/features
S04648,1,2026-03-29,Organic Search,Mobile,/products
S04648,2,2026-03-29,Organic Search,Mobile,/features
S04648,3,2026-03-29,Organic Search,Mobile,/blog
S04648,4,2026-03-29,Organic Search,Mobile,/contact
S04648,5,2026-03-29,Organic Search,Mobile,/pricing
S04649,1,2026-03-08,Organic Search,Mobile,/products
S04649,2,2026-03-08,Organic Search,Mobile,/features
S04649,3,2026-03-08,Organic Search,Mobile,/blog
S04650,1,2026-02-15,Direct,Mobile,/
S04650,2,2026-02-15,Direct,Mobile,/features
S04650,3,2026-02-15,Direct,Mobile,/blog
S04650,4,2026-02-15,Direct,Mobile,/contact
S04651,1,2026-03-28,Email,Desktop,/products
S04651,2,2026-03-28,Email,Desktop,/features
S04651,3,2026-03-28,Email,Desktop,/blog
S04651,4,2026-03-28,Email,Desktop,/contact
S04651,5,2026-03-28,Email,Desktop,/pricing
S04652,1,2026-03-27,Social,Desktop,/products
S04652,2,2026-03-27,Social,Desktop,/pricing
S04652,3,2026-03-27,Social,Desktop,/signup
S04652,4,2026-03-27,Social,Desktop,/thank-you
S04653,1,2026-03-06,Organic Search,Mobile,/pricing
S04654,1,2026-02-24,Organic Search,Desktop,/features
S04654,2,2026-02-24,Organic Search,Desktop,/products
S04654,3,2026-02-24,Organic Search,Desktop,/blog
S04654,4,2026-02-24,Organic Search,Desktop,/contact
S04655,1,2026-01-18,Direct,Desktop,/pricing
S04655,2,2026-01-18,Direct,Desktop,/products
S04656,1,2026-03-08,Email,Desktop,/blog
S04656,2,2026-03-08,Email,Desktop,/products
S04656,3,2026-03-08,Email,Desktop,/pricing
S04656,4,2026-03-08,Email,Desktop,/signup
S04656,5,2026-03-08,Email,Desktop,/features
S04657,1,2026-02-08,Email,Mobile,/blog
S04657,2,2026-02-08,Email,Mobile,/products
S04657,3,2026-02-08,Email,Mobile,/pricing
S04657,4,2026-02-08,Email,Mobile,/features
S04658,1,2026-02-19,Organic Search,Mobile,/
S04658,2,2026-02-19,Organic Search,Mobile,/products
S04658,3,2026-02-19,Organic Search,Mobile,/features
S04658,4,2026-02-19,Organic Search,Mobile,/blog
S04659,1,2026-01-22,Paid Search,Desktop,/products
S04660,1,2026-01-27,Organic Search,Mobile,/
S04661,1,2026-01-12,Paid Search,Mobile,/pricing
S04662,1,2026-01-17,Email,Desktop,/features
S04662,2,2026-01-17,Email,Desktop,/products
S04662,3,2026-01-17,Email,Desktop,/pricing
S04662,4,2026-01-17,Email,Desktop,/signup
S04662,5,2026-01-17,Email,Desktop,/thank-you
S04663,1,2026-01-31,Direct,Mobile,/pricing
S04663,2,2026-01-31,Direct,Mobile,/products
S04663,3,2026-01-31,Direct,Mobile,/pricing
S04663,4,2026-01-31,Direct,Mobile,/signup
S04663,5,2026-01-31,Direct,Mobile,/thank-you
S04664,1,2026-02-28,Organic Search,Desktop,/pricing
S04665,1,2026-02-02,Paid Search,Mobile,/products
S04665,2,2026-02-02,Paid Search,Mobile,/pricing
S04665,3,2026-02-02,Paid Search,Mobile,/signup
S04665,4,2026-02-02,Paid Search,Mobile,/features
S04665,5,2026-02-02,Paid Search,Mobile,/blog
S04665,6,2026-02-02,Paid Search,Mobile,/contact
S04666,1,2026-03-19,Direct,Desktop,/products
S04667,1,2026-03-03,Social,Tablet,/contact
S04668,1,2026-02-25,Direct,Tablet,/products
S04668,2,2026-02-25,Direct,Tablet,/features
S04668,3,2026-02-25,Direct,Tablet,/blog
S04668,4,2026-02-25,Direct,Tablet,/contact
S04668,5,2026-02-25,Direct,Tablet,/pricing
S04669,1,2026-02-17,Email,Desktop,/blog
S04669,2,2026-02-17,Email,Desktop,/features
S04669,3,2026-02-17,Email,Desktop,/contact
S04669,4,2026-02-17,Email,Desktop,/products
S04670,1,2026-02-22,Organic Search,Desktop,/
S04671,1,2026-02-23,Organic Search,Mobile,/
S04671,2,2026-02-23,Organic Search,Mobile,/features
S04671,3,2026-02-23,Organic Search,Mobile,/blog
S04672,1,2026-02-08,Organic Search,Tablet,/products
S04672,2,2026-02-08,Organic Search,Tablet,/features
S04672,3,2026-02-08,Organic Search,Tablet,/blog
S04672,4,2026-02-08,Organic Search,Tablet,/contact
S04673,1,2026-02-08,Organic Search,Desktop,/features
S04673,2,2026-02-08,Organic Search,Desktop,/products
S04673,3,2026-02-08,Organic Search,Desktop,/pricing
S04673,4,2026-02-08,Organic Search,Desktop,/signup
S04673,5,2026-02-08,Organic Search,Desktop,/thank-you
S04674,1,2026-02-03,Organic Search,Mobile,/products
S04674,2,2026-02-03,Organic Search,Mobile,/features
S04674,3,2026-02-03,Organic Search,Mobile,/blog
S04674,4,2026-02-03,Organic Search,Mobile,/contact
S04675,1,2026-02-24,Paid Search,Mobile,/blog
S04676,1,2026-03-25,Organic Search,Mobile,/
S04677,1,2026-02-13,Organic Search,Desktop,/blog
S04678,1,2026-01-07,Organic Search,Desktop,/pricing
S04678,2,2026-01-07,Organic Search,Desktop,/products
S04678,3,2026-01-07,Organic Search,Desktop,/features
S04678,4,2026-01-07,Organic Search,Desktop,/blog
S04679,1,2026-03-11,Organic Search,Mobile,/blog
S04680,1,2026-02-21,Email,Mobile,/products
S04680,2,2026-02-21,Email,Mobile,/pricing
S04680,3,2026-02-21,Email,Mobile,/signup
S04681,1,2026-01-08,Referral,Mobile,/
S04681,2,2026-01-08,Referral,Mobile,/features
S04681,3,2026-01-08,Referral,Mobile,/blog
S04681,4,2026-01-08,Referral,Mobile,/contact
S04681,5,2026-01-08,Referral,Mobile,/products
S04682,1,2026-01-13,Organic Search,Mobile,/features
S04682,2,2026-01-13,Organic Search,Mobile,/products
S04682,3,2026-01-13,Organic Search,Mobile,/pricing
S04683,1,2026-03-14,Social,Tablet,/pricing
S04684,1,2026-02-21,Social,Mobile,/products
S04684,2,2026-02-21,Social,Mobile,/features
S04684,3,2026-02-21,Social,Mobile,/blog
S04684,4,2026-02-21,Social,Mobile,/contact
S04685,1,2026-02-07,Referral,Mobile,/products
S04685,2,2026-02-07,Referral,Mobile,/pricing
S04686,1,2026-02-01,Direct,Mobile,/
S04686,2,2026-02-01,Direct,Mobile,/features
S04686,3,2026-02-01,Direct,Mobile,/blog
S04686,4,2026-02-01,Direct,Mobile,/contact
S04687,1,2026-03-20,Organic Search,Desktop,/pricing
S04687,2,2026-03-20,Organic Search,Desktop,/products
S04687,3,2026-03-20,Organic Search,Desktop,/features
S04688,1,2026-01-09,Direct,Desktop,/products
S04689,1,2026-02-01,Email,Mobile,/
S04689,2,2026-02-01,Email,Mobile,/features
S04689,3,2026-02-01,Email,Mobile,/blog
S04689,4,2026-02-01,Email,Mobile,/contact
S04689,5,2026-02-01,Email,Mobile,/products
S04690,1,2026-01-06,Social,Mobile,/pricing
S04690,2,2026-01-06,Social,Mobile,/products
S04690,3,2026-01-06,Social,Mobile,/pricing
S04690,4,2026-01-06,Social,Mobile,/features
S04690,5,2026-01-06,Social,Mobile,/blog
S04691,1,2026-03-22,Direct,Mobile,/blog
S04691,2,2026-03-22,Direct,Mobile,/features
S04691,3,2026-03-22,Direct,Mobile,/contact
S04691,4,2026-03-22,Direct,Mobile,/products
S04691,5,2026-03-22,Direct,Mobile,/pricing
S04692,1,2026-03-13,Organic Search,Mobile,/contact
S04693,1,2026-01-25,Social,Desktop,/blog
S04694,1,2026-01-04,Email,Mobile,/pricing
S04695,1,2026-01-18,Direct,Mobile,/features
S04695,2,2026-01-18,Direct,Mobile,/products
S04695,3,2026-01-18,Direct,Mobile,/blog
S04695,4,2026-01-18,Direct,Mobile,/contact
S04696,1,2026-03-29,Paid Search,Mobile,/products
S04697,1,2026-03-24,Direct,Mobile,/blog
S04697,2,2026-03-24,Direct,Mobile,/products
S04698,1,2026-01-30,Direct,Mobile,/
S04698,2,2026-01-30,Direct,Mobile,/products
S04699,1,2026-01-25,Direct,Mobile,/
S04700,1,2026-03-30,Social,Mobile,/blog
S04700,2,2026-03-30,Social,Mobile,/features
S04700,3,2026-03-30,Social,Mobile,/contact
S04701,1,2026-03-31,Referral,Mobile,/products
S04702,1,2026-02-06,Direct,Mobile,/blog
S04703,1,2026-03-29,Direct,Tablet,/blog
S04704,1,2026-03-13,Direct,Mobile,/
S04704,2,2026-03-13,Direct,Mobile,/features
S04705,1,2026-01-16,Organic Search,Mobile,/products
S04705,2,2026-01-16,Organic Search,Mobile,/pricing
S04705,3,2026-01-16,Organic Search,Mobile,/features
S04705,4,2026-01-16,Organic Search,Mobile,/blog
S04706,1,2026-01-16,Organic Search,Mobile,/blog
S04707,1,2026-01-20,Organic Search,Desktop,/blog
S04708,1,2026-01-19,Direct,Desktop,/features
S04708,2,2026-01-19,Direct,Desktop,/products
S04709,1,2026-02-02,Organic Search,Desktop,/products
S04709,2,2026-02-02,Organic Search,Desktop,/features
S04709,3,2026-02-02,Organic Search,Desktop,/blog
S04709,4,2026-02-02,Organic Search,Desktop,/contact
S04710,1,2026-02-25,Direct,Desktop,/features
S04711,1,2026-01-08,Social,Desktop,/products
S04711,2,2026-01-08,Social,Desktop,/features
S04712,1,2026-03-27,Organic Search,Mobile,/
S04712,2,2026-03-27,Organic Search,Mobile,/products
S04713,1,2026-01-19,Paid Search,Desktop,/blog
S04714,1,2026-03-23,Email,Desktop,/products
S04714,2,2026-03-23,Email,Desktop,/pricing
S04714,3,2026-03-23,Email,Desktop,/features
S04714,4,2026-03-23,Email,Desktop,/blog
S04714,5,2026-03-23,Email,Desktop,/contact
S04715,1,2026-01-09,Paid Search,Mobile,/
S04715,2,2026-01-09,Paid Search,Mobile,/products
S04715,3,2026-01-09,Paid Search,Mobile,/pricing
S04715,4,2026-01-09,Paid Search,Mobile,/features
S04716,1,2026-03-10,Organic Search,Mobile,/products
S04716,2,2026-03-10,Organic Search,Mobile,/pricing
S04716,3,2026-03-10,Organic Search,Mobile,/features
S04716,4,2026-03-10,Organic Search,Mobile,/blog
S04716,5,2026-03-10,Organic Search,Mobile,/contact
S04717,1,2026-02-17,Direct,Mobile,/features
S04717,2,2026-02-17,Direct,Mobile,/products
S04718,1,2026-03-14,Paid Search,Mobile,/features
S04719,1,2026-02-01,Direct,Desktop,/contact
S04719,2,2026-02-01,Direct,Desktop,/features
S04720,1,2026-03-31,Organic Search,Mobile,/products
S04721,1,2026-03-09,Direct,Desktop,/pricing
S04721,2,2026-03-09,Direct,Desktop,/products
S04721,3,2026-03-09,Direct,Desktop,/features
S04721,4,2026-03-09,Direct,Desktop,/blog
S04721,5,2026-03-09,Direct,Desktop,/contact
S04722,1,2026-03-10,Direct,Tablet,/features
S04723,1,2026-01-25,Organic Search,Mobile,/products
S04724,1,2026-02-04,Paid Search,Mobile,/products
S04724,2,2026-02-04,Paid Search,Mobile,/pricing
S04724,3,2026-02-04,Paid Search,Mobile,/features
S04724,4,2026-02-04,Paid Search,Mobile,/blog
S04724,5,2026-02-04,Paid Search,Mobile,/contact
S04725,1,2026-01-08,Organic Search,Desktop,/products
S04725,2,2026-01-08,Organic Search,Desktop,/pricing
S04725,3,2026-01-08,Organic Search,Desktop,/signup
S04725,4,2026-01-08,Organic Search,Desktop,/thank-you
S04726,1,2026-01-30,Direct,Desktop,/pricing
S04727,1,2026-01-23,Social,Mobile,/blog
S04728,1,2026-02-15,Organic Search,Mobile,/products
S04728,2,2026-02-15,Organic Search,Mobile,/pricing
S04728,3,2026-02-15,Organic Search,Mobile,/features
S04728,4,2026-02-15,Organic Search,Mobile,/blog
S04728,5,2026-02-15,Organic Search,Mobile,/contact
S04729,1,2026-03-09,Paid Search,Desktop,/
S04729,2,2026-03-09,Paid Search,Desktop,/features
S04729,3,2026-03-09,Paid Search,Desktop,/blog
S04729,4,2026-03-09,Paid Search,Desktop,/contact
S04730,1,2026-03-26,Direct,Desktop,/blog
S04731,1,2026-02-13,Organic Search,Mobile,/blog
S04731,2,2026-02-13,Organic Search,Mobile,/features
S04731,3,2026-02-13,Organic Search,Mobile,/contact
S04732,1,2026-01-02,Email,Mobile,/products
S04732,2,2026-01-02,Email,Mobile,/features
S04733,1,2026-02-18,Direct,Tablet,/products
S04734,1,2026-03-25,Organic Search,Mobile,/contact
S04734,2,2026-03-25,Organic Search,Mobile,/products
S04734,3,2026-03-25,Organic Search,Mobile,/pricing
S04735,1,2026-01-30,Email,Mobile,/blog
S04736,1,2026-03-25,Social,Desktop,/blog
S04737,1,2026-01-07,Paid Search,Mobile,/blog
S04737,2,2026-01-07,Paid Search,Mobile,/features
S04737,3,2026-01-07,Paid Search,Mobile,/contact
S04737,4,2026-01-07,Paid Search,Mobile,/products
S04737,5,2026-01-07,Paid Search,Mobile,/pricing
S04738,1,2026-01-12,Organic Search,Mobile,/contact
S04739,1,2026-03-21,Organic Search,Desktop,/products
S04739,2,2026-03-21,Organic Search,Desktop,/features
S04740,1,2026-01-03,Paid Search,Desktop,/products
S04741,1,2026-02-17,Organic Search,Mobile,/products
S04741,2,2026-02-17,Organic Search,Mobile,/pricing
S04741,3,2026-02-17,Organic Search,Mobile,/signup
S04742,1,2026-02-25,Organic Search,Mobile,/features
S04743,1,2026-03-21,Social,Mobile,/
S04743,2,2026-03-21,Social,Mobile,/products
S04743,3,2026-03-21,Social,Mobile,/pricing
S04744,1,2026-01-07,Organic Search,Desktop,/products
S04744,2,2026-01-07,Organic Search,Desktop,/pricing
S04744,3,2026-01-07,Organic Search,Desktop,/features
S04745,1,2026-01-23,Organic Search,Desktop,/products
S04746,1,2026-03-07,Organic Search,Desktop,/blog
S04746,2,2026-03-07,Organic Search,Desktop,/products
S04746,3,2026-03-07,Organic Search,Desktop,/pricing
S04746,4,2026-03-07,Organic Search,Desktop,/features
S04746,5,2026-03-07,Organic Search,Desktop,/contact
S04747,1,2026-01-20,Direct,Desktop,/blog
S04748,1,2026-02-02,Paid Search,Desktop,/products
S04748,2,2026-02-02,Paid Search,Desktop,/features
S04749,1,2026-01-14,Email,Desktop,/products
S04749,2,2026-01-14,Email,Desktop,/features
S04749,3,2026-01-14,Email,Desktop,/blog
S04749,4,2026-01-14,Email,Desktop,/contact
S04749,5,2026-01-14,Email,Desktop,/pricing
S04750,1,2026-01-27,Organic Search,Mobile,/blog
S04751,1,2026-03-28,Organic Search,Tablet,/
S04752,1,2026-01-24,Direct,Desktop,/blog
S04753,1,2026-03-09,Direct,Mobile,/products
S04753,2,2026-03-09,Direct,Mobile,/pricing
S04753,3,2026-03-09,Direct,Mobile,/features
S04753,4,2026-03-09,Direct,Mobile,/blog
S04753,5,2026-03-09,Direct,Mobile,/contact
S04754,1,2026-03-17,Direct,Mobile,/features
S04754,2,2026-03-17,Direct,Mobile,/products
S04754,3,2026-03-17,Direct,Mobile,/pricing
S04754,4,2026-03-17,Direct,Mobile,/signup
S04754,5,2026-03-17,Direct,Mobile,/thank-you
S04755,1,2026-02-08,Referral,Desktop,/products
S04756,1,2026-03-26,Direct,Mobile,/blog
S04757,1,2026-02-13,Direct,Desktop,/
S04757,2,2026-02-13,Direct,Desktop,/features
S04758,1,2026-01-09,Referral,Mobile,/products
S04759,1,2026-03-23,Organic Search,Mobile,/blog
S04760,1,2026-01-12,Referral,Mobile,/pricing
S04760,2,2026-01-12,Referral,Mobile,/products
S04760,3,2026-01-12,Referral,Mobile,/pricing
S04760,4,2026-01-12,Referral,Mobile,/features
S04760,5,2026-01-12,Referral,Mobile,/blog
S04760,6,2026-01-12,Referral,Mobile,/contact
S04761,1,2026-01-08,Direct,Desktop,/features
S04762,1,2026-03-07,Direct,Mobile,/pricing
S04762,2,2026-03-07,Direct,Mobile,/products
S04762,3,2026-03-07,Direct,Mobile,/pricing
S04762,4,2026-03-07,Direct,Mobile,/signup
S04763,1,2026-03-30,Referral,Desktop,/pricing
S04764,1,2026-03-24,Direct,Mobile,/features
S04764,2,2026-03-24,Direct,Mobile,/products
S04764,3,2026-03-24,Direct,Mobile,/blog
S04764,4,2026-03-24,Direct,Mobile,/contact
S04765,1,2026-03-30,Direct,Mobile,/products
S04765,2,2026-03-30,Direct,Mobile,/features
S04765,3,2026-03-30,Direct,Mobile,/blog
S04765,4,2026-03-30,Direct,Mobile,/contact
S04765,5,2026-03-30,Direct,Mobile,/pricing
S04766,1,2026-03-25,Organic Search,Mobile,/features
S04767,1,2026-01-26,Paid Search,Mobile,/products
S04768,1,2026-03-20,Paid Search,Desktop,/products
S04768,2,2026-03-20,Paid Search,Desktop,/features
S04769,1,2026-03-20,Organic Search,Desktop,/features
S04769,2,2026-03-20,Organic Search,Desktop,/products
S04769,3,2026-03-20,Organic Search,Desktop,/pricing
S04769,4,2026-03-20,Organic Search,Desktop,/blog
S04770,1,2026-02-05,Paid Search,Mobile,/
S04771,1,2026-03-06,Paid Search,Mobile,/
S04771,2,2026-03-06,Paid Search,Mobile,/features
S04771,3,2026-03-06,Paid Search,Mobile,/blog
S04771,4,2026-03-06,Paid Search,Mobile,/contact
S04771,5,2026-03-06,Paid Search,Mobile,/products
S04771,6,2026-03-06,Paid Search,Mobile,/pricing
S04772,1,2026-01-02,Direct,Desktop,/
S04773,1,2026-03-04,Organic Search,Desktop,/pricing
S04774,1,2026-01-01,Direct,Mobile,/blog
S04775,1,2026-01-29,Organic Search,Desktop,/
S04775,2,2026-01-29,Organic Search,Desktop,/products
S04776,1,2026-01-01,Organic Search,Mobile,/
S04777,1,2026-02-23,Direct,Mobile,/products
S04778,1,2026-02-15,Organic Search,Desktop,/products
S04778,2,2026-02-15,Organic Search,Desktop,/features
S04778,3,2026-02-15,Organic Search,Desktop,/blog
S04779,1,2026-03-15,Organic Search,Desktop,/
S04779,2,2026-03-15,Organic Search,Desktop,/products
S04780,1,2026-01-27,Paid Search,Desktop,/
S04781,1,2026-03-09,Organic Search,Mobile,/features
S04781,2,2026-03-09,Organic Search,Mobile,/products
S04781,3,2026-03-09,Organic Search,Mobile,/blog
S04782,1,2026-03-29,Referral,Mobile,/blog
S04783,1,2026-02-24,Email,Desktop,/products
S04783,2,2026-02-24,Email,Desktop,/features
S04783,3,2026-02-24,Email,Desktop,/blog
S04783,4,2026-02-24,Email,Desktop,/contact
S04784,1,2026-02-27,Paid Search,Mobile,/products
S04785,1,2026-03-22,Referral,Mobile,/
S04785,2,2026-03-22,Referral,Mobile,/features
S04785,3,2026-03-22,Referral,Mobile,/blog
S04786,1,2026-03-16,Email,Desktop,/products
S04786,2,2026-03-16,Email,Desktop,/pricing
S04786,3,2026-03-16,Email,Desktop,/signup
S04786,4,2026-03-16,Email,Desktop,/features
S04787,1,2026-03-03,Organic Search,Mobile,/products
S04788,1,2026-03-23,Social,Mobile,/features
S04789,1,2026-03-01,Organic Search,Mobile,/blog
S04790,1,2026-02-03,Paid Search,Desktop,/pricing
S04790,2,2026-02-03,Paid Search,Desktop,/products
S04790,3,2026-02-03,Paid Search,Desktop,/features
S04791,1,2026-01-10,Direct,Mobile,/
S04791,2,2026-01-10,Direct,Mobile,/products
S04791,3,2026-01-10,Direct,Mobile,/pricing
S04792,1,2026-01-11,Organic Search,Mobile,/blog
S04792,2,2026-01-11,Organic Search,Mobile,/features
S04792,3,2026-01-11,Organic Search,Mobile,/contact
S04793,1,2026-03-27,Organic Search,Mobile,/contact
S04793,2,2026-03-27,Organic Search,Mobile,/features
S04794,1,2026-01-03,Referral,Mobile,/
S04794,2,2026-01-03,Referral,Mobile,/products
S04794,3,2026-01-03,Referral,Mobile,/pricing
S04794,4,2026-01-03,Referral,Mobile,/features
S04794,5,2026-01-03,Referral,Mobile,/blog
S04794,6,2026-01-03,Referral,Mobile,/contact
S04795,1,2026-03-18,Organic Search,Mobile,/features
S04795,2,2026-03-18,Organic Search,Mobile,/products
S04796,1,2026-03-14,Organic Search,Desktop,/products
S04796,2,2026-03-14,Organic Search,Desktop,/pricing
S04796,3,2026-03-14,Organic Search,Desktop,/features
S04796,4,2026-03-14,Organic Search,Desktop,/blog
S04796,5,2026-03-14,Organic Search,Desktop,/contact
S04797,1,2026-03-26,Organic Search,Mobile,/blog
S04798,1,2026-01-03,Direct,Mobile,/products
S04798,2,2026-01-03,Direct,Mobile,/features
S04798,3,2026-01-03,Direct,Mobile,/blog
S04798,4,2026-01-03,Direct,Mobile,/contact
S04798,5,2026-01-03,Direct,Mobile,/pricing
S04799,1,2026-03-24,Email,Mobile,/blog
S04800,1,2026-02-21,Social,Mobile,/products
S04801,1,2026-03-24,Direct,Mobile,/pricing
S04801,2,2026-03-24,Direct,Mobile,/products
S04801,3,2026-03-24,Direct,Mobile,/features
S04801,4,2026-03-24,Direct,Mobile,/blog
S04802,1,2026-02-17,Organic Search,Desktop,/blog
S04803,1,2026-03-16,Organic Search,Desktop,/blog
S04803,2,2026-03-16,Organic Search,Desktop,/products
S04803,3,2026-03-16,Organic Search,Desktop,/pricing
S04803,4,2026-03-16,Organic Search,Desktop,/signup
S04803,5,2026-03-16,Organic Search,Desktop,/thank-you
S04804,1,2026-02-14,Direct,Desktop,/blog
S04804,2,2026-02-14,Direct,Desktop,/features
S04804,3,2026-02-14,Direct,Desktop,/contact
S04804,4,2026-02-14,Direct,Desktop,/products
S04804,5,2026-02-14,Direct,Desktop,/pricing
S04805,1,2026-02-02,Social,Mobile,/
S04806,1,2026-03-29,Social,Desktop,/blog
S04806,2,2026-03-29,Social,Desktop,/features
S04806,3,2026-03-29,Social,Desktop,/contact
S04807,1,2026-01-22,Direct,Desktop,/
S04807,2,2026-01-22,Direct,Desktop,/products
S04807,3,2026-01-22,Direct,Desktop,/pricing
S04808,1,2026-01-09,Paid Search,Mobile,/blog
S04809,1,2026-02-05,Direct,Mobile,/
S04810,1,2026-02-25,Paid Search,Desktop,/pricing
S04811,1,2026-02-12,Direct,Mobile,/products
S04811,2,2026-02-12,Direct,Mobile,/pricing
S04811,3,2026-02-12,Direct,Mobile,/signup
S04811,4,2026-02-12,Direct,Mobile,/thank-you
S04811,5,2026-02-12,Direct,Mobile,/features
S04811,6,2026-02-12,Direct,Mobile,/blog
S04812,1,2026-01-17,Paid Search,Mobile,/contact
S04813,1,2026-02-08,Direct,Desktop,/blog
S04813,2,2026-02-08,Direct,Desktop,/products
S04813,3,2026-02-08,Direct,Desktop,/pricing
S04813,4,2026-02-08,Direct,Desktop,/signup
S04813,5,2026-02-08,Direct,Desktop,/thank-you
S04814,1,2026-01-11,Referral,Mobile,/
S04815,1,2026-01-03,Direct,Tablet,/blog
S04815,2,2026-01-03,Direct,Tablet,/features
S04815,3,2026-01-03,Direct,Tablet,/contact
S04815,4,2026-01-03,Direct,Tablet,/products
S04815,5,2026-01-03,Direct,Tablet,/pricing
S04816,1,2026-02-25,Organic Search,Mobile,/products
S04817,1,2026-02-13,Organic Search,Mobile,/products
S04817,2,2026-02-13,Organic Search,Mobile,/features
S04817,3,2026-02-13,Organic Search,Mobile,/blog
S04817,4,2026-02-13,Organic Search,Mobile,/contact
S04818,1,2026-02-08,Direct,Mobile,/products
S04818,2,2026-02-08,Direct,Mobile,/pricing
S04818,3,2026-02-08,Direct,Mobile,/signup
S04818,4,2026-02-08,Direct,Mobile,/features
S04819,1,2026-01-20,Direct,Mobile,/features
S04820,1,2026-01-06,Direct,Desktop,/contact
S04820,2,2026-01-06,Direct,Desktop,/products
S04820,3,2026-01-06,Direct,Desktop,/features
S04821,1,2026-01-10,Paid Search,Desktop,/contact
S04821,2,2026-01-10,Paid Search,Desktop,/features
S04821,3,2026-01-10,Paid Search,Desktop,/blog
S04822,1,2026-02-23,Organic Search,Desktop,/
S04823,1,2026-02-25,Paid Search,Mobile,/
S04823,2,2026-02-25,Paid Search,Mobile,/features
S04824,1,2026-03-29,Paid Search,Mobile,/features
S04825,1,2026-02-17,Direct,Mobile,/products
S04825,2,2026-02-17,Direct,Mobile,/pricing
S04825,3,2026-02-17,Direct,Mobile,/features
S04825,4,2026-02-17,Direct,Mobile,/blog
S04825,5,2026-02-17,Direct,Mobile,/contact
S04826,1,2026-01-01,Direct,Mobile,/pricing
S04826,2,2026-01-01,Direct,Mobile,/products
S04826,3,2026-01-01,Direct,Mobile,/pricing
S04827,1,2026-02-25,Organic Search,Desktop,/contact
S04828,1,2026-01-27,Direct,Mobile,/products
S04829,1,2026-03-28,Social,Mobile,/products
S04830,1,2026-03-03,Email,Mobile,/features
S04830,2,2026-03-03,Email,Mobile,/products
S04830,3,2026-03-03,Email,Mobile,/pricing
S04830,4,2026-03-03,Email,Mobile,/signup
S04830,5,2026-03-03,Email,Mobile,/thank-you
S04831,1,2026-03-23,Paid Search,Desktop,/blog
S04832,1,2026-03-16,Organic Search,Mobile,/contact
S04833,1,2026-03-06,Paid Search,Desktop,/blog
S04833,2,2026-03-06,Paid Search,Desktop,/features
S04834,1,2026-02-20,Social,Desktop,/products
S04835,1,2026-01-28,Direct,Desktop,/features
S04836,1,2026-02-02,Social,Mobile,/blog
S04836,2,2026-02-02,Social,Mobile,/products
S04837,1,2026-01-09,Organic Search,Mobile,/contact
S04838,1,2026-01-15,Organic Search,Mobile,/pricing
S04838,2,2026-01-15,Organic Search,Mobile,/products
S04838,3,2026-01-15,Organic Search,Mobile,/features
S04839,1,2026-03-27,Organic Search,Desktop,/pricing
S04839,2,2026-03-27,Organic Search,Desktop,/products
S04839,3,2026-03-27,Organic Search,Desktop,/pricing
S04840,1,2026-01-15,Organic Search,Tablet,/products
S04841,1,2026-01-14,Email,Desktop,/products
S04841,2,2026-01-14,Email,Desktop,/features
S04841,3,2026-01-14,Email,Desktop,/blog
S04841,4,2026-01-14,Email,Desktop,/contact
S04842,1,2026-03-27,Direct,Mobile,/contact
S04843,1,2026-02-19,Organic Search,Mobile,/contact
S04843,2,2026-02-19,Organic Search,Mobile,/products
S04843,3,2026-02-19,Organic Search,Mobile,/features
S04843,4,2026-02-19,Organic Search,Mobile,/blog
S04843,5,2026-02-19,Organic Search,Mobile,/pricing
S04844,1,2026-01-01,Direct,Desktop,/pricing
S04844,2,2026-01-01,Direct,Desktop,/products
S04844,3,2026-01-01,Direct,Desktop,/pricing
S04844,4,2026-01-01,Direct,Desktop,/features
S04845,1,2026-02-10,Direct,Mobile,/contact
S04845,2,2026-02-10,Direct,Mobile,/features
S04845,3,2026-02-10,Direct,Mobile,/blog
S04845,4,2026-02-10,Direct,Mobile,/products
S04845,5,2026-02-10,Direct,Mobile,/pricing
S04846,1,2026-03-01,Organic Search,Mobile,/products
S04846,2,2026-03-01,Organic Search,Mobile,/pricing
S04846,3,2026-03-01,Organic Search,Mobile,/signup
S04847,1,2026-02-13,Organic Search,Desktop,/features
S04847,2,2026-02-13,Organic Search,Desktop,/products
S04847,3,2026-02-13,Organic Search,Desktop,/pricing
S04847,4,2026-02-13,Organic Search,Desktop,/signup
S04847,5,2026-02-13,Organic Search,Desktop,/thank-you
S04848,1,2026-02-21,Paid Search,Mobile,/blog
S04849,1,2026-02-13,Organic Search,Mobile,/blog
S04849,2,2026-02-13,Organic Search,Mobile,/features
S04849,3,2026-02-13,Organic Search,Mobile,/contact
S04849,4,2026-02-13,Organic Search,Mobile,/products
S04849,5,2026-02-13,Organic Search,Mobile,/pricing
S04850,1,2026-03-11,Social,Mobile,/blog
S04851,1,2026-01-12,Organic Search,Mobile,/blog
S04851,2,2026-01-12,Organic Search,Mobile,/products
S04851,3,2026-01-12,Organic Search,Mobile,/pricing
S04851,4,2026-01-12,Organic Search,Mobile,/signup
S04852,1,2026-01-12,Social,Desktop,/features
S04853,1,2026-01-30,Social,Mobile,/products
S04854,1,2026-02-25,Organic Search,Mobile,/features
S04855,1,2026-03-27,Organic Search,Mobile,/products
S04855,2,2026-03-27,Organic Search,Mobile,/pricing
S04855,3,2026-03-27,Organic Search,Mobile,/features
S04855,4,2026-03-27,Organic Search,Mobile,/blog
S04856,1,2026-02-25,Referral,Mobile,/products
S04856,2,2026-02-25,Referral,Mobile,/pricing
S04856,3,2026-02-25,Referral,Mobile,/signup
S04856,4,2026-02-25,Referral,Mobile,/thank-you
S04856,5,2026-02-25,Referral,Mobile,/features
S04857,1,2026-01-19,Direct,Desktop,/blog
S04857,2,2026-01-19,Direct,Desktop,/features
S04857,3,2026-01-19,Direct,Desktop,/contact
S04857,4,2026-01-19,Direct,Desktop,/products
S04857,5,2026-01-19,Direct,Desktop,/pricing
S04858,1,2026-03-16,Paid Search,Desktop,/blog
S04859,1,2026-03-21,Organic Search,Mobile,/features
S04859,2,2026-03-21,Organic Search,Mobile,/products
S04859,3,2026-03-21,Organic Search,Mobile,/pricing
S04859,4,2026-03-21,Organic Search,Mobile,/signup
S04859,5,2026-03-21,Organic Search,Mobile,/blog
S04859,6,2026-03-21,Organic Search,Mobile,/contact
S04860,1,2026-03-31,Organic Search,Mobile,/products
S04861,1,2026-03-17,Direct,Mobile,/
S04861,2,2026-03-17,Direct,Mobile,/products
S04861,3,2026-03-17,Direct,Mobile,/pricing
S04861,4,2026-03-17,Direct,Mobile,/features
S04861,5,2026-03-17,Direct,Mobile,/blog
S04861,6,2026-03-17,Direct,Mobile,/contact
S04862,1,2026-03-03,Email,Mobile,/pricing
S04862,2,2026-03-03,Email,Mobile,/products
S04862,3,2026-03-03,Email,Mobile,/features
S04863,1,2026-02-04,Organic Search,Mobile,/features
S04863,2,2026-02-04,Organic Search,Mobile,/products
S04863,3,2026-02-04,Organic Search,Mobile,/pricing
S04864,1,2026-02-27,Social,Desktop,/contact
S04864,2,2026-02-27,Social,Desktop,/features
S04864,3,2026-02-27,Social,Desktop,/blog
S04864,4,2026-02-27,Social,Desktop,/products
S04865,1,2026-03-04,Paid Search,Mobile,/features
S04866,1,2026-01-17,Organic Search,Mobile,/pricing
S04866,2,2026-01-17,Organic Search,Mobile,/products
S04866,3,2026-01-17,Organic Search,Mobile,/pricing
S04866,4,2026-01-17,Organic Search,Mobile,/signup
S04866,5,2026-01-17,Organic Search,Mobile,/features
S04867,1,2026-01-18,Organic Search,Mobile,/features
S04868,1,2026-02-12,Organic Search,Desktop,/products
S04869,1,2026-01-02,Direct,Mobile,/contact
S04870,1,2026-03-10,Paid Search,Desktop,/pricing
S04871,1,2026-03-26,Direct,Mobile,/products
S04872,1,2026-03-27,Organic Search,Desktop,/pricing
S04872,2,2026-03-27,Organic Search,Desktop,/products
S04872,3,2026-03-27,Organic Search,Desktop,/pricing
S04872,4,2026-03-27,Organic Search,Desktop,/features
S04872,5,2026-03-27,Organic Search,Desktop,/blog
S04872,6,2026-03-27,Organic Search,Desktop,/contact
S04873,1,2026-02-05,Paid Search,Desktop,/features
S04873,2,2026-02-05,Paid Search,Desktop,/products
S04873,3,2026-02-05,Paid Search,Desktop,/blog
S04873,4,2026-02-05,Paid Search,Desktop,/contact
S04873,5,2026-02-05,Paid Search,Desktop,/pricing
S04874,1,2026-01-19,Paid Search,Mobile,/products
S04875,1,2026-01-23,Direct,Mobile,/
S04875,2,2026-01-23,Direct,Mobile,/features
S04876,1,2026-01-05,Direct,Mobile,/blog
S04876,2,2026-01-05,Direct,Mobile,/products
S04876,3,2026-01-05,Direct,Mobile,/pricing
S04876,4,2026-01-05,Direct,Mobile,/features
S04876,5,2026-01-05,Direct,Mobile,/contact
S04877,1,2026-03-16,Organic Search,Desktop,/contact
S04878,1,2026-03-11,Paid Search,Desktop,/blog
S04879,1,2026-01-02,Direct,Mobile,/
S04879,2,2026-01-02,Direct,Mobile,/features
S04879,3,2026-01-02,Direct,Mobile,/blog
S04879,4,2026-01-02,Direct,Mobile,/contact
S04880,1,2026-01-15,Direct,Mobile,/blog
S04881,1,2026-01-15,Organic Search,Mobile,/
S04882,1,2026-02-28,Paid Search,Mobile,/products
S04882,2,2026-02-28,Paid Search,Mobile,/features
S04882,3,2026-02-28,Paid Search,Mobile,/blog
S04882,4,2026-02-28,Paid Search,Mobile,/contact
S04882,5,2026-02-28,Paid Search,Mobile,/pricing
S04883,1,2026-01-06,Paid Search,Desktop,/
S04883,2,2026-01-06,Paid Search,Desktop,/features
S04884,1,2026-01-22,Direct,Mobile,/pricing
S04884,2,2026-01-22,Direct,Mobile,/products
S04884,3,2026-01-22,Direct,Mobile,/pricing
S04884,4,2026-01-22,Direct,Mobile,/signup
S04884,5,2026-01-22,Direct,Mobile,/thank-you
S04885,1,2026-01-27,Email,Mobile,/products
S04885,2,2026-01-27,Email,Mobile,/pricing
S04885,3,2026-01-27,Email,Mobile,/features
S04885,4,2026-01-27,Email,Mobile,/blog
S04885,5,2026-01-27,Email,Mobile,/contact
S04886,1,2026-03-27,Email,Desktop,/
S04887,1,2026-03-26,Organic Search,Desktop,/products
S04887,2,2026-03-26,Organic Search,Desktop,/pricing
S04887,3,2026-03-26,Organic Search,Desktop,/features
S04887,4,2026-03-26,Organic Search,Desktop,/blog
S04888,1,2026-03-15,Paid Search,Desktop,/blog
S04888,2,2026-03-15,Paid Search,Desktop,/products
S04888,3,2026-03-15,Paid Search,Desktop,/pricing
S04889,1,2026-01-16,Direct,Mobile,/products
S04890,1,2026-02-23,Referral,Desktop,/
S04891,1,2026-01-06,Organic Search,Mobile,/pricing
S04892,1,2026-01-10,Organic Search,Mobile,/blog
S04892,2,2026-01-10,Organic Search,Mobile,/features
S04892,3,2026-01-10,Organic Search,Mobile,/contact
S04892,4,2026-01-10,Organic Search,Mobile,/products
S04892,5,2026-01-10,Organic Search,Mobile,/pricing
S04893,1,2026-02-16,Direct,Mobile,/features
S04893,2,2026-02-16,Direct,Mobile,/products
S04893,3,2026-02-16,Direct,Mobile,/pricing
S04893,4,2026-02-16,Direct,Mobile,/signup
S04893,5,2026-02-16,Direct,Mobile,/thank-you
S04894,1,2026-02-23,Organic Search,Desktop,/pricing
S04894,2,2026-02-23,Organic Search,Desktop,/products
S04894,3,2026-02-23,Organic Search,Desktop,/pricing
S04894,4,2026-02-23,Organic Search,Desktop,/signup
S04894,5,2026-02-23,Organic Search,Desktop,/thank-you
S04894,6,2026-02-23,Organic Search,Desktop,/features
S04895,1,2026-03-09,Paid Search,Mobile,/blog
S04896,1,2026-01-04,Direct,Desktop,/features
S04896,2,2026-01-04,Direct,Desktop,/products
S04896,3,2026-01-04,Direct,Desktop,/blog
S04896,4,2026-01-04,Direct,Desktop,/contact
S04897,1,2026-03-04,Organic Search,Desktop,/blog
S04898,1,2026-01-08,Direct,Desktop,/pricing
S04898,2,2026-01-08,Direct,Desktop,/products
S04898,3,2026-01-08,Direct,Desktop,/pricing
S04898,4,2026-01-08,Direct,Desktop,/features
S04898,5,2026-01-08,Direct,Desktop,/blog
S04899,1,2026-03-05,Email,Desktop,/
S04899,2,2026-03-05,Email,Desktop,/features
S04900,1,2026-03-04,Social,Desktop,/products
S04900,2,2026-03-04,Social,Desktop,/features
S04900,3,2026-03-04,Social,Desktop,/blog
S04901,1,2026-03-23,Direct,Mobile,/products
S04902,1,2026-01-14,Organic Search,Mobile,/products
S04903,1,2026-03-25,Organic Search,Desktop,/contact
S04904,1,2026-01-08,Email,Mobile,/products
S04904,2,2026-01-08,Email,Mobile,/features
S04904,3,2026-01-08,Email,Mobile,/blog
S04905,1,2026-03-31,Paid Search,Desktop,/pricing
S04906,1,2026-02-10,Paid Search,Desktop,/contact
S04906,2,2026-02-10,Paid Search,Desktop,/products
S04906,3,2026-02-10,Paid Search,Desktop,/features
S04906,4,2026-02-10,Paid Search,Desktop,/blog
S04906,5,2026-02-10,Paid Search,Desktop,/pricing
S04907,1,2026-03-03,Email,Mobile,/blog
S04908,1,2026-03-30,Organic Search,Desktop,/products
S04908,2,2026-03-30,Organic Search,Desktop,/pricing
S04908,3,2026-03-30,Organic Search,Desktop,/signup
S04908,4,2026-03-30,Organic Search,Desktop,/thank-you
S04908,5,2026-03-30,Organic Search,Desktop,/features
S04908,6,2026-03-30,Organic Search,Desktop,/blog
S04909,1,2026-01-29,Paid Search,Mobile,/contact
S04910,1,2026-03-09,Organic Search,Desktop,/products
S04911,1,2026-03-12,Organic Search,Mobile,/
S04911,2,2026-03-12,Organic Search,Mobile,/features
S04911,3,2026-03-12,Organic Search,Mobile,/blog
S04911,4,2026-03-12,Organic Search,Mobile,/contact
S04911,5,2026-03-12,Organic Search,Mobile,/products
S04912,1,2026-02-15,Direct,Desktop,/pricing
S04912,2,2026-02-15,Direct,Desktop,/products
S04912,3,2026-02-15,Direct,Desktop,/features
S04913,1,2026-02-09,Direct,Desktop,/products
S04913,2,2026-02-09,Direct,Desktop,/features
S04913,3,2026-02-09,Direct,Desktop,/blog
S04913,4,2026-02-09,Direct,Desktop,/contact
S04913,5,2026-02-09,Direct,Desktop,/pricing
S04914,1,2026-01-16,Referral,Mobile,/features
S04914,2,2026-01-16,Referral,Mobile,/products
S04914,3,2026-01-16,Referral,Mobile,/pricing
S04914,4,2026-01-16,Referral,Mobile,/signup
S04915,1,2026-02-20,Direct,Mobile,/products
S04916,1,2026-01-22,Social,Mobile,/features
S04917,1,2026-01-22,Social,Mobile,/
S04918,1,2026-03-14,Paid Search,Mobile,/contact
S04919,1,2026-02-28,Referral,Mobile,/
S04920,1,2026-01-06,Direct,Desktop,/contact
S04921,1,2026-01-29,Direct,Mobile,/
S04922,1,2026-02-20,Organic Search,Mobile,/features
S04923,1,2026-03-08,Organic Search,Desktop,/features
S04923,2,2026-03-08,Organic Search,Desktop,/products
S04923,3,2026-03-08,Organic Search,Desktop,/pricing
S04923,4,2026-03-08,Organic Search,Desktop,/signup
S04923,5,2026-03-08,Organic Search,Desktop,/thank-you
S04923,6,2026-03-08,Organic Search,Desktop,/blog
S04924,1,2026-03-23,Email,Mobile,/blog
S04925,1,2026-02-07,Direct,Mobile,/
S04925,2,2026-02-07,Direct,Mobile,/products
S04925,3,2026-02-07,Direct,Mobile,/features
S04925,4,2026-02-07,Direct,Mobile,/blog
S04926,1,2026-02-10,Direct,Tablet,/blog
S04926,2,2026-02-10,Direct,Tablet,/features
S04927,1,2026-01-18,Organic Search,Desktop,/blog
S04928,1,2026-03-25,Direct,Mobile,/pricing
S04928,2,2026-03-25,Direct,Mobile,/products
S04928,3,2026-03-25,Direct,Mobile,/pricing
S04928,4,2026-03-25,Direct,Mobile,/features
S04929,1,2026-01-23,Paid Search,Desktop,/blog
S04930,1,2026-03-08,Organic Search,Mobile,/contact
S04931,1,2026-03-19,Social,Mobile,/contact
S04931,2,2026-03-19,Social,Mobile,/features
S04931,3,2026-03-19,Social,Mobile,/blog
S04931,4,2026-03-19,Social,Mobile,/products
S04931,5,2026-03-19,Social,Mobile,/pricing
S04932,1,2026-03-05,Paid Search,Desktop,/pricing
S04933,1,2026-02-18,Social,Mobile,/
S04934,1,2026-02-07,Organic Search,Mobile,/
S04934,2,2026-02-07,Organic Search,Mobile,/products
S04934,3,2026-02-07,Organic Search,Mobile,/features
S04935,1,2026-02-16,Paid Search,Desktop,/blog
S04935,2,2026-02-16,Paid Search,Desktop,/features
S04935,3,2026-02-16,Paid Search,Desktop,/contact
S04935,4,2026-02-16,Paid Search,Desktop,/products
S04936,1,2026-01-16,Organic Search,Mobile,/contact
S04936,2,2026-01-16,Organic Search,Mobile,/products
S04936,3,2026-01-16,Organic Search,Mobile,/features
S04936,4,2026-01-16,Organic Search,Mobile,/blog
S04937,1,2026-03-16,Direct,Mobile,/pricing
S04937,2,2026-03-16,Direct,Mobile,/products
S04937,3,2026-03-16,Direct,Mobile,/pricing
S04937,4,2026-03-16,Direct,Mobile,/signup
S04938,1,2026-01-22,Social,Mobile,/
S04938,2,2026-01-22,Social,Mobile,/features
S04938,3,2026-01-22,Social,Mobile,/blog
S04939,1,2026-02-18,Paid Search,Desktop,/products
S04939,2,2026-02-18,Paid Search,Desktop,/features
S04939,3,2026-02-18,Paid Search,Desktop,/blog
S04939,4,2026-02-18,Paid Search,Desktop,/contact
S04940,1,2026-01-15,Organic Search,Desktop,/products
S04940,2,2026-01-15,Organic Search,Desktop,/pricing
S04941,1,2026-03-25,Email,Desktop,/contact
S04941,2,2026-03-25,Email,Desktop,/products
S04941,3,2026-03-25,Email,Desktop,/pricing
S04941,4,2026-03-25,Email,Desktop,/features
S04941,5,2026-03-25,Email,Desktop,/blog
S04942,1,2026-03-07,Organic Search,Mobile,/blog
S04942,2,2026-03-07,Organic Search,Mobile,/features
S04942,3,2026-03-07,Organic Search,Mobile,/contact
S04942,4,2026-03-07,Organic Search,Mobile,/products
S04943,1,2026-02-20,Paid Search,Desktop,/
S04944,1,2026-02-23,Referral,Mobile,/products
S04945,1,2026-01-24,Direct,Mobile,/
S04946,1,2026-02-23,Social,Mobile,/blog
S04947,1,2026-01-04,Paid Search,Desktop,/blog
S04948,1,2026-01-30,Social,Mobile,/
S04949,1,2026-03-13,Paid Search,Desktop,/products
S04949,2,2026-03-13,Paid Search,Desktop,/pricing
S04949,3,2026-03-13,Paid Search,Desktop,/signup
S04949,4,2026-03-13,Paid Search,Desktop,/features
S04950,1,2026-01-22,Paid Search,Mobile,/features
S04951,1,2026-03-11,Organic Search,Mobile,/features
S04952,1,2026-03-10,Social,Tablet,/pricing
S04952,2,2026-03-10,Social,Tablet,/products
S04952,3,2026-03-10,Social,Tablet,/pricing
S04953,1,2026-01-28,Organic Search,Desktop,/pricing
S04953,2,2026-01-28,Organic Search,Desktop,/products
S04953,3,2026-01-28,Organic Search,Desktop,/features
S04953,4,2026-01-28,Organic Search,Desktop,/blog
S04953,5,2026-01-28,Organic Search,Desktop,/contact
S04954,1,2026-01-21,Referral,Mobile,/contact
S04954,2,2026-01-21,Referral,Mobile,/features
S04954,3,2026-01-21,Referral,Mobile,/blog
S04954,4,2026-01-21,Referral,Mobile,/products
S04955,1,2026-03-06,Organic Search,Desktop,/blog
S04955,2,2026-03-06,Organic Search,Desktop,/products
S04955,3,2026-03-06,Organic Search,Desktop,/features
S04956,1,2026-01-10,Organic Search,Mobile,/contact
S04956,2,2026-01-10,Organic Search,Mobile,/products
S04956,3,2026-01-10,Organic Search,Mobile,/features
S04956,4,2026-01-10,Organic Search,Mobile,/blog
S04956,5,2026-01-10,Organic Search,Mobile,/pricing
S04957,1,2026-01-21,Email,Desktop,/
S04958,1,2026-02-12,Organic Search,Mobile,/products
S04959,1,2026-01-31,Direct,Mobile,/
S04959,2,2026-01-31,Direct,Mobile,/features
S04959,3,2026-01-31,Direct,Mobile,/blog
S04959,4,2026-01-31,Direct,Mobile,/contact
S04959,5,2026-01-31,Direct,Mobile,/products
S04960,1,2026-03-06,Paid Search,Mobile,/features
S04961,1,2026-01-07,Organic Search,Mobile,/blog
S04962,1,2026-01-02,Organic Search,Mobile,/
S04963,1,2026-01-16,Direct,Mobile,/contact
S04963,2,2026-01-16,Direct,Mobile,/features
S04963,3,2026-01-16,Direct,Mobile,/blog
S04963,4,2026-01-16,Direct,Mobile,/products
S04963,5,2026-01-16,Direct,Mobile,/pricing
S04964,1,2026-01-24,Organic Search,Tablet,/contact
S04964,2,2026-01-24,Organic Search,Tablet,/products
S04964,3,2026-01-24,Organic Search,Tablet,/features
S04964,4,2026-01-24,Organic Search,Tablet,/blog
S04965,1,2026-02-05,Organic Search,Mobile,/products
S04965,2,2026-02-05,Organic Search,Mobile,/pricing
S04965,3,2026-02-05,Organic Search,Mobile,/signup
S04965,4,2026-02-05,Organic Search,Mobile,/thank-you
S04966,1,2026-03-02,Organic Search,Mobile,/blog
S04966,2,2026-03-02,Organic Search,Mobile,/features
S04966,3,2026-03-02,Organic Search,Mobile,/contact
S04966,4,2026-03-02,Organic Search,Mobile,/products
S04966,5,2026-03-02,Organic Search,Mobile,/pricing
S04967,1,2026-02-03,Direct,Mobile,/blog
S04968,1,2026-02-06,Organic Search,Desktop,/
S04968,2,2026-02-06,Organic Search,Desktop,/features
S04968,3,2026-02-06,Organic Search,Desktop,/blog
S04968,4,2026-02-06,Organic Search,Desktop,/contact
S04969,1,2026-03-20,Organic Search,Mobile,/blog
S04969,2,2026-03-20,Organic Search,Mobile,/features
S04969,3,2026-03-20,Organic Search,Mobile,/contact
S04970,1,2026-01-01,Paid Search,Mobile,/products
S04971,1,2026-02-22,Paid Search,Desktop,/features
S04972,1,2026-03-05,Organic Search,Mobile,/features
S04973,1,2026-02-23,Organic Search,Tablet,/features
S04973,2,2026-02-23,Organic Search,Tablet,/products
S04973,3,2026-02-23,Organic Search,Tablet,/pricing
S04974,1,2026-01-19,Email,Mobile,/blog
S04974,2,2026-01-19,Email,Mobile,/products
S04974,3,2026-01-19,Email,Mobile,/pricing
S04974,4,2026-01-19,Email,Mobile,/features
S04975,1,2026-01-18,Paid Search,Desktop,/
S04976,1,2026-01-25,Direct,Mobile,/products
S04976,2,2026-01-25,Direct,Mobile,/pricing
S04976,3,2026-01-25,Direct,Mobile,/signup
S04976,4,2026-01-25,Direct,Mobile,/thank-you
S04977,1,2026-02-28,Direct,Desktop,/blog
S04977,2,2026-02-28,Direct,Desktop,/features
S04977,3,2026-02-28,Direct,Desktop,/contact
S04977,4,2026-02-28,Direct,Desktop,/products
S04978,1,2026-02-14,Organic Search,Desktop,/products
S04979,1,2026-03-21,Social,Mobile,/blog
S04980,1,2026-03-23,Email,Mobile,/products
S04980,2,2026-03-23,Email,Mobile,/pricing
S04980,3,2026-03-23,Email,Mobile,/features
S04980,4,2026-03-23,Email,Mobile,/blog
S04980,5,2026-03-23,Email,Mobile,/contact
S04981,1,2026-03-14,Email,Mobile,/
S04981,2,2026-03-14,Email,Mobile,/features
S04981,3,2026-03-14,Email,Mobile,/blog
S04981,4,2026-03-14,Email,Mobile,/contact
S04981,5,2026-03-14,Email,Mobile,/products
S04981,6,2026-03-14,Email,Mobile,/pricing
S04982,1,2026-02-09,Organic Search,Mobile,/pricing
S04982,2,2026-02-09,Organic Search,Mobile,/products
S04982,3,2026-02-09,Organic Search,Mobile,/features
S04982,4,2026-02-09,Organic Search,Mobile,/blog
S04982,5,2026-02-09,Organic Search,Mobile,/contact
S04983,1,2026-01-27,Organic Search,Tablet,/blog
S04983,2,2026-01-27,Organic Search,Tablet,/products
S04983,3,2026-01-27,Organic Search,Tablet,/features
S04983,4,2026-01-27,Organic Search,Tablet,/contact
S04984,1,2026-01-07,Organic Search,Desktop,/pricing
S04984,2,2026-01-07,Organic Search,Desktop,/products
S04984,3,2026-01-07,Organic Search,Desktop,/pricing
S04984,4,2026-01-07,Organic Search,Desktop,/features
S04984,5,2026-01-07,Organic Search,Desktop,/blog
S04984,6,2026-01-07,Organic Search,Desktop,/contact
S04985,1,2026-02-10,Organic Search,Desktop,/blog
S04985,2,2026-02-10,Organic Search,Desktop,/features
S04985,3,2026-02-10,Organic Search,Desktop,/contact
S04985,4,2026-02-10,Organic Search,Desktop,/products
S04986,1,2026-02-09,Direct,Tablet,/pricing
S04986,2,2026-02-09,Direct,Tablet,/products
S04986,3,2026-02-09,Direct,Tablet,/features
S04986,4,2026-02-09,Direct,Tablet,/blog
S04986,5,2026-02-09,Direct,Tablet,/contact
S04987,1,2026-02-09,Paid Search,Desktop,/features
S04987,2,2026-02-09,Paid Search,Desktop,/products
S04987,3,2026-02-09,Paid Search,Desktop,/pricing
S04987,4,2026-02-09,Paid Search,Desktop,/signup
S04988,1,2026-02-02,Organic Search,Desktop,/blog
S04988,2,2026-02-02,Organic Search,Desktop,/features
S04988,3,2026-02-02,Organic Search,Desktop,/contact
S04988,4,2026-02-02,Organic Search,Desktop,/products
S04988,5,2026-02-02,Organic Search,Desktop,/pricing
S04989,1,2026-02-24,Email,Mobile,/pricing
S04990,1,2026-01-11,Organic Search,Mobile,/pricing
S04991,1,2026-01-09,Organic Search,Mobile,/pricing
S04991,2,2026-01-09,Organic Search,Mobile,/products
S04991,3,2026-01-09,Organic Search,Mobile,/pricing
S04991,4,2026-01-09,Organic Search,Mobile,/signup
S04991,5,2026-01-09,Organic Search,Mobile,/thank-you
S04991,6,2026-01-09,Organic Search,Mobile,/features
S04992,1,2026-01-14,Email,Mobile,/
S04992,2,2026-01-14,Email,Mobile,/products
S04992,3,2026-01-14,Email,Mobile,/features
S04993,1,2026-01-02,Paid Search,Mobile,/blog
S04994,1,2026-02-23,Direct,Mobile,/products
S04995,1,2026-02-11,Paid Search,Mobile,/features
S04996,1,2026-03-30,Organic Search,Mobile,/features
S04997,1,2026-03-06,Organic Search,Mobile,/pricing
S04998,1,2026-03-21,Direct,Mobile,/features
S04998,2,2026-03-21,Direct,Mobile,/products
S04998,3,2026-03-21,Direct,Mobile,/blog
S04999,1,2026-01-05,Direct,Mobile,/blog
S05000,1,2026-03-16,Paid Search,Mobile,/
S05000,2,2026-03-16,Paid Search,Mobile,/features
S05000,3,2026-03-16,Paid Search,Mobile,/blog
S05000,4,2026-03-16,Paid Search,Mobile,/contact
S05000,5,2026-03-16,Paid Search,Mobile,/products
