session_id,date,channel,device,country,landing_page,pages_viewed,session_duration_sec,bounce,product_view,pricing_view,signup_start,signup_complete,engaged,month
S00001,2026-02-06,Social,Mobile,United Kingdom,/products,3,95.4,0,1,0,0,0,1,2026-02
S00002,2026-03-15,Direct,Desktop,United States,/,7,124.4,0,1,1,0,0,1,2026-03
S00003,2026-01-19,Email,Desktop,India,/products,1,9.7,1,1,1,0,0,0,2026-01
S00004,2026-01-17,Paid Search,Mobile,India,/features,1,20.8,1,1,0,0,0,0,2026-01
S00005,2026-01-31,Organic Search,Mobile,India,/pricing,2,77.0,0,1,0,0,0,1,2026-01
S00006,2026-03-08,Referral,Mobile,India,/,4,228.6,0,1,0,0,0,1,2026-03
S00007,2026-03-22,Social,Desktop,India,/products,5,121.3,0,1,1,1,0,1,2026-03
S00008,2026-02-18,Social,Desktop,Australia,/contact,6,211.6,0,1,1,0,0,1,2026-02
S00009,2026-02-28,Organic Search,Desktop,India,/pricing,5,238.8,0,1,0,0,0,1,2026-02
S00010,2026-02-22,Direct,Mobile,India,/pricing,1,18.9,1,1,0,0,0,0,2026-02
S00011,2026-01-19,Direct,Mobile,United Kingdom,/,5,167.1,0,0,0,0,0,1,2026-01
S00012,2026-02-05,Referral,Mobile,India,/products,2,221.3,0,1,0,0,0,1,2026-02
S00013,2026-03-01,Paid Search,Mobile,India,/features,1,12.7,1,1,1,1,1,0,2026-03
S00014,2026-02-20,Social,Desktop,India,/features,1,15.8,1,1,1,1,1,0,2026-02
S00015,2026-03-14,Direct,Mobile,Australia,/pricing,1,24.4,1,1,0,0,0,0,2026-03
S00016,2026-03-12,Organic Search,Mobile,India,/features,1,48.8,1,1,1,0,0,0,2026-03
S00017,2026-02-08,Direct,Mobile,United States,/products,2,40.0,0,1,1,1,1,1,2026-02
S00018,2026-02-13,Organic Search,Mobile,United Kingdom,/features,1,4.5,1,1,0,0,0,0,2026-02
S00019,2026-02-09,Social,Desktop,India,/,6,232.7,0,0,0,0,0,1,2026-02
S00020,2026-03-14,Paid Search,Mobile,United Kingdom,/products,4,136.8,0,1,1,0,0,1,2026-03
S00021,2026-01-17,Social,Desktop,India,/features,2,179.4,0,1,1,0,0,1,2026-01
S00022,2026-01-03,Direct,Desktop,India,/features,5,120.7,0,1,0,0,0,1,2026-01
S00023,2026-03-28,Referral,Desktop,India,/blog,1,19.5,1,0,0,0,0,0,2026-03
S00024,2026-03-14,Email,Desktop,Australia,/blog,1,36.1,1,0,0,0,0,0,2026-03
S00025,2026-03-20,Social,Desktop,India,/features,7,145.2,0,1,0,0,0,1,2026-03
S00026,2026-03-22,Organic Search,Desktop,India,/blog,1,13.8,1,0,0,0,0,0,2026-03
S00027,2026-02-04,Direct,Mobile,Australia,/products,5,175.9,0,1,0,0,0,1,2026-02
S00028,2026-03-25,Organic Search,Mobile,India,/pricing,1,23.7,1,1,1,1,0,0,2026-03
S00029,2026-01-21,Organic Search,Desktop,Canada,/blog,4,100.4,0,0,0,0,0,1,2026-01
S00030,2026-02-11,Paid Search,Mobile,United States,/pricing,1,28.0,1,1,0,0,0,0,2026-02
S00031,2026-01-10,Social,Mobile,United States,/features,1,14.5,1,1,1,0,0,0,2026-01
S00032,2026-02-09,Referral,Desktop,United Kingdom,/pricing,4,321.1,0,1,1,0,0,1,2026-02
S00033,2026-02-19,Direct,Mobile,United Kingdom,/,4,274.5,0,1,0,0,0,1,2026-02
S00034,2026-02-03,Direct,Mobile,India,/products,1,36.9,1,1,1,1,1,0,2026-02
S00035,2026-03-20,Direct,Desktop,Australia,/features,2,167.1,0,1,0,0,0,1,2026-03
S00036,2026-01-08,Organic Search,Mobile,Australia,/,1,9.3,1,0,0,0,0,0,2026-01
S00037,2026-01-16,Organic Search,Desktop,Canada,/features,1,28.3,1,1,1,0,0,0,2026-01
S00038,2026-03-20,Direct,Mobile,United States,/,1,7.3,1,0,0,0,0,0,2026-03
S00039,2026-02-18,Organic Search,Desktop,United States,/products,1,28.7,1,1,0,0,0,0,2026-02
S00040,2026-01-23,Paid Search,Desktop,United States,/features,1,24.9,1,1,1,0,0,0,2026-01
S00041,2026-03-06,Direct,Mobile,India,/products,5,183.3,0,1,0,0,0,1,2026-03
S00042,2026-01-14,Social,Mobile,India,/features,1,24.4,1,1,0,0,0,0,2026-01
S00043,2026-03-19,Paid Search,Mobile,United States,/,4,263.3,0,0,0,0,0,1,2026-03
S00044,2026-03-10,Organic Search,Mobile,United States,/pricing,1,19.6,1,1,1,0,0,0,2026-03
S00045,2026-01-22,Social,Mobile,India,/pricing,1,14.3,1,1,0,0,0,0,2026-01
S00046,2026-01-13,Social,Tablet,India,/features,1,44.7,1,1,0,0,0,0,2026-01
S00047,2026-01-23,Direct,Mobile,United States,/,2,75.3,0,1,0,0,0,1,2026-01
S00048,2026-03-10,Organic Search,Desktop,India,/products,1,19.0,1,1,0,0,0,0,2026-03
S00049,2026-02-16,Paid Search,Mobile,Australia,/blog,1,8.3,1,0,0,0,0,0,2026-02
S00050,2026-03-16,Organic Search,Tablet,United States,/contact,4,164.2,0,0,0,0,0,1,2026-03
S00051,2026-03-08,Organic Search,Mobile,India,/features,1,20.5,1,1,1,0,0,0,2026-03
S00052,2026-01-24,Organic Search,Mobile,India,/features,6,202.8,0,1,1,0,0,1,2026-01
S00053,2026-01-30,Social,Mobile,United States,/pricing,2,128.5,0,1,1,1,1,1,2026-01
S00054,2026-01-10,Paid Search,Mobile,India,/pricing,1,29.0,1,1,1,1,0,0,2026-01
S00055,2026-03-10,Paid Search,Desktop,Canada,/features,5,178.6,0,1,1,1,0,1,2026-03
S00056,2026-02-03,Social,Mobile,India,/features,1,9.2,1,1,0,0,0,0,2026-02
S00057,2026-01-26,Direct,Mobile,India,/features,5,169.4,0,1,0,0,0,1,2026-01
S00058,2026-01-13,Paid Search,Mobile,India,/features,2,98.4,0,1,0,0,0,1,2026-01
S00059,2026-03-21,Organic Search,Desktop,United Kingdom,/features,4,105.0,0,1,0,0,0,1,2026-03
S00060,2026-02-22,Organic Search,Mobile,Australia,/,3,266.8,0,0,0,0,0,1,2026-02
S00061,2026-01-07,Paid Search,Mobile,Canada,/products,8,149.2,0,1,0,0,0,1,2026-01
S00062,2026-03-22,Direct,Mobile,India,/contact,1,24.9,1,0,0,0,0,0,2026-03
S00063,2026-03-06,Paid Search,Mobile,United Kingdom,/pricing,1,9.7,1,1,1,1,1,0,2026-03
S00064,2026-02-16,Social,Mobile,India,/,1,13.8,1,0,0,0,0,0,2026-02
S00065,2026-03-22,Paid Search,Desktop,United States,/pricing,4,292.6,0,1,1,1,0,1,2026-03
S00066,2026-01-22,Direct,Mobile,Australia,/blog,3,119.5,0,0,0,0,0,1,2026-01
S00067,2026-01-23,Direct,Desktop,India,/features,2,150.1,0,1,0,0,0,1,2026-01
S00068,2026-02-23,Organic Search,Mobile,Australia,/features,6,169.0,0,1,1,0,0,1,2026-02
S00069,2026-01-31,Organic Search,Mobile,India,/,1,31.0,1,0,0,0,0,0,2026-01
S00070,2026-01-09,Direct,Mobile,India,/pricing,1,22.2,1,1,1,0,0,0,2026-01
S00071,2026-03-04,Organic Search,Mobile,United States,/,1,39.1,1,0,0,0,0,0,2026-03
S00072,2026-01-28,Direct,Mobile,Australia,/features,9,254.0,0,1,1,1,0,1,2026-01
S00073,2026-03-28,Email,Mobile,India,/,1,13.5,1,0,0,0,0,0,2026-03
S00074,2026-03-24,Organic Search,Mobile,United Kingdom,/blog,1,8.5,1,0,0,0,0,0,2026-03
S00075,2026-01-31,Organic Search,Tablet,India,/pricing,1,12.0,1,1,1,0,0,0,2026-01
S00076,2026-03-18,Organic Search,Mobile,United Kingdom,/blog,2,144.0,0,0,0,0,0,1,2026-03
S00077,2026-03-02,Organic Search,Mobile,United States,/pricing,1,3.0,1,1,1,0,0,0,2026-03
S00078,2026-03-11,Paid Search,Mobile,India,/blog,5,149.9,0,1,1,0,0,1,2026-03
S00079,2026-03-31,Direct,Mobile,United States,/blog,1,31.9,1,0,0,0,0,0,2026-03
S00080,2026-03-03,Social,Desktop,United States,/,1,5.1,1,0,0,0,0,0,2026-03
S00081,2026-03-10,Paid Search,Mobile,India,/products,2,154.1,0,1,0,0,0,1,2026-03
S00082,2026-03-08,Direct,Desktop,India,/pricing,4,153.1,0,1,1,1,1,1,2026-03
S00083,2026-03-28,Social,Mobile,India,/products,2,102.2,0,1,0,0,0,1,2026-03
S00084,2026-02-27,Organic Search,Mobile,Australia,/blog,1,5.7,1,0,0,0,0,0,2026-02
S00085,2026-02-19,Organic Search,Desktop,United States,/products,2,255.9,0,1,0,0,0,1,2026-02
S00086,2026-02-21,Organic Search,Mobile,United Kingdom,/features,6,288.0,0,1,0,0,0,1,2026-02
S00087,2026-02-15,Social,Desktop,United States,/,4,304.7,0,1,0,0,0,1,2026-02
S00088,2026-01-05,Direct,Mobile,Canada,/blog,1,10.1,1,0,0,0,0,0,2026-01
S00089,2026-02-13,Organic Search,Desktop,India,/products,6,225.0,0,1,0,0,0,1,2026-02
S00090,2026-01-09,Direct,Mobile,India,/pricing,3,410.0,0,1,0,0,0,1,2026-01
S00091,2026-01-25,Organic Search,Mobile,United States,/products,6,190.5,0,1,0,0,0,1,2026-01
S00092,2026-01-21,Paid Search,Desktop,India,/blog,2,150.2,0,1,1,0,0,1,2026-01
S00093,2026-03-17,Direct,Mobile,India,/products,3,118.4,0,1,1,0,0,1,2026-03
S00094,2026-02-19,Direct,Mobile,United States,/features,1,28.4,1,1,0,0,0,0,2026-02
S00095,2026-02-08,Organic Search,Tablet,Canada,/pricing,1,20.9,1,1,1,0,0,0,2026-02
S00096,2026-01-20,Paid Search,Mobile,United States,/contact,1,12.7,1,0,0,0,0,0,2026-01
S00097,2026-03-25,Direct,Desktop,India,/blog,2,200.8,0,1,0,0,0,1,2026-03
S00098,2026-02-12,Organic Search,Desktop,Australia,/blog,1,31.1,1,0,0,0,0,0,2026-02
S00099,2026-03-13,Organic Search,Desktop,India,/features,1,30.8,1,1,1,0,0,0,2026-03
S00100,2026-02-22,Referral,Desktop,India,/products,1,52.4,1,1,1,0,0,0,2026-02
S00101,2026-02-23,Email,Mobile,Australia,/blog,1,12.8,1,0,0,0,0,0,2026-02
S00102,2026-03-09,Paid Search,Mobile,United Kingdom,/products,5,150.1,0,1,0,0,0,1,2026-03
S00103,2026-02-26,Organic Search,Mobile,Australia,/blog,1,29.6,1,0,0,0,0,0,2026-02
S00104,2026-02-20,Referral,Desktop,United Kingdom,/,2,207.4,0,1,1,1,1,1,2026-02
S00105,2026-02-16,Social,Desktop,United States,/products,8,338.8,0,1,1,1,1,1,2026-02
S00106,2026-03-02,Paid Search,Mobile,India,/blog,1,19.1,1,0,0,0,0,0,2026-03
S00107,2026-01-08,Direct,Mobile,India,/pricing,5,236.0,0,1,0,0,0,1,2026-01
S00108,2026-02-10,Organic Search,Mobile,Australia,/products,10,275.8,0,1,1,1,1,1,2026-02
S00109,2026-01-20,Organic Search,Mobile,Canada,/pricing,2,117.2,0,1,1,0,0,1,2026-01
S00110,2026-03-25,Email,Desktop,India,/features,1,12.0,1,1,0,0,0,0,2026-03
S00111,2026-03-10,Direct,Mobile,India,/products,6,340.7,0,1,0,0,0,1,2026-03
S00112,2026-03-10,Organic Search,Desktop,India,/products,6,185.7,0,1,1,1,1,1,2026-03
S00113,2026-01-20,Organic Search,Desktop,India,/contact,1,17.6,1,0,0,0,0,0,2026-01
S00114,2026-02-10,Paid Search,Desktop,Canada,/features,1,10.3,1,1,1,1,1,0,2026-02
S00115,2026-01-07,Organic Search,Mobile,India,/,8,345.0,0,0,0,0,0,1,2026-01
S00116,2026-01-17,Email,Desktop,India,/pricing,4,138.9,0,1,1,0,0,1,2026-01
S00117,2026-02-17,Social,Desktop,Australia,/,1,29.6,1,0,0,0,0,0,2026-02
S00118,2026-03-05,Paid Search,Desktop,United States,/contact,1,46.4,1,0,0,0,0,0,2026-03
S00119,2026-03-22,Direct,Mobile,India,/pricing,3,294.2,0,1,0,0,0,1,2026-03
S00120,2026-02-10,Paid Search,Mobile,India,/products,1,24.7,1,1,0,0,0,0,2026-02
S00121,2026-03-03,Paid Search,Desktop,India,/products,2,206.1,0,1,1,1,0,1,2026-03
S00122,2026-01-21,Paid Search,Mobile,India,/pricing,1,20.9,1,1,0,0,0,0,2026-01
S00123,2026-02-04,Organic Search,Mobile,India,/,4,186.5,0,0,0,0,0,1,2026-02
S00124,2026-02-24,Direct,Mobile,India,/features,6,131.9,0,1,0,0,0,1,2026-02
S00125,2026-02-16,Organic Search,Mobile,India,/pricing,5,216.8,0,1,0,0,0,1,2026-02
S00126,2026-02-04,Direct,Mobile,India,/pricing,3,232.4,0,1,1,1,1,1,2026-02
S00127,2026-02-08,Direct,Mobile,India,/features,1,35.8,1,1,0,0,0,0,2026-02
S00128,2026-03-11,Organic Search,Mobile,Australia,/products,3,132.9,0,1,1,1,1,1,2026-03
S00129,2026-02-09,Organic Search,Desktop,India,/,1,15.1,1,0,0,0,0,0,2026-02
S00130,2026-01-26,Paid Search,Tablet,India,/products,1,7.8,1,1,1,0,0,0,2026-01
S00131,2026-01-08,Organic Search,Mobile,Canada,/features,1,9.0,1,1,0,0,0,0,2026-01
S00132,2026-02-12,Referral,Mobile,India,/,4,235.5,0,0,0,0,0,1,2026-02
S00133,2026-01-30,Paid Search,Mobile,India,/features,3,52.2,0,1,0,0,0,1,2026-01
S00134,2026-02-01,Direct,Mobile,Canada,/pricing,1,16.2,1,1,1,0,0,0,2026-02
S00135,2026-02-01,Paid Search,Desktop,United States,/pricing,5,104.9,0,1,1,1,1,1,2026-02
S00136,2026-03-18,Organic Search,Mobile,India,/pricing,1,32.0,1,1,0,0,0,0,2026-03
S00137,2026-03-21,Referral,Mobile,United Kingdom,/,1,3.9,1,0,0,0,0,0,2026-03
S00138,2026-02-08,Direct,Mobile,United States,/products,1,27.0,1,1,1,1,1,0,2026-02
S00139,2026-02-15,Social,Mobile,India,/blog,1,21.4,1,0,0,0,0,0,2026-02
S00140,2026-01-22,Organic Search,Desktop,India,/products,3,103.4,0,1,0,0,0,1,2026-01
S00141,2026-01-07,Direct,Desktop,India,/pricing,1,6.5,1,1,1,1,1,0,2026-01
S00142,2026-03-19,Direct,Mobile,Canada,/contact,1,13.3,1,0,0,0,0,0,2026-03
S00143,2026-01-29,Referral,Mobile,India,/,3,153.9,0,1,1,0,0,1,2026-01
S00144,2026-03-25,Paid Search,Desktop,India,/pricing,4,117.3,0,1,0,0,0,1,2026-03
S00145,2026-01-25,Direct,Mobile,India,/products,1,74.5,1,1,0,0,0,0,2026-01
S00146,2026-02-03,Organic Search,Desktop,Australia,/,5,216.4,0,1,1,0,0,1,2026-02
S00147,2026-02-09,Direct,Desktop,India,/contact,3,180.3,0,1,0,0,0,1,2026-02
S00148,2026-03-21,Direct,Mobile,India,/contact,2,81.3,0,0,0,0,0,1,2026-03
S00149,2026-01-29,Direct,Desktop,India,/products,1,4.9,1,1,1,0,0,0,2026-01
S00150,2026-02-14,Organic Search,Mobile,United States,/contact,4,458.6,0,1,1,0,0,1,2026-02
S00151,2026-03-12,Social,Desktop,India,/,1,16.4,1,0,0,0,0,0,2026-03
S00152,2026-03-07,Email,Mobile,Canada,/contact,4,268.4,0,0,0,0,0,1,2026-03
S00153,2026-01-29,Organic Search,Mobile,India,/features,2,51.1,0,1,1,1,1,1,2026-01
S00154,2026-01-25,Direct,Mobile,India,/products,5,247.8,0,1,1,0,0,1,2026-01
S00155,2026-01-28,Organic Search,Mobile,India,/blog,4,205.2,0,1,1,0,0,1,2026-01
S00156,2026-01-15,Paid Search,Mobile,India,/features,2,130.0,0,1,1,1,1,1,2026-01
S00157,2026-02-11,Organic Search,Mobile,India,/products,1,30.0,1,1,0,0,0,0,2026-02
S00158,2026-02-16,Paid Search,Desktop,United Kingdom,/products,3,187.6,0,1,0,0,0,1,2026-02
S00159,2026-03-24,Social,Mobile,India,/blog,1,23.3,1,0,0,0,0,0,2026-03
S00160,2026-02-06,Social,Mobile,United Kingdom,/,3,134.1,0,0,0,0,0,1,2026-02
S00161,2026-01-25,Organic Search,Tablet,India,/,1,14.3,1,0,0,0,0,0,2026-01
S00162,2026-01-01,Email,Desktop,United States,/products,1,12.8,1,1,0,0,0,0,2026-01
S00163,2026-03-31,Organic Search,Mobile,India,/blog,1,41.4,1,0,0,0,0,0,2026-03
S00164,2026-01-05,Organic Search,Mobile,United States,/products,2,138.1,0,1,1,0,0,1,2026-01
S00165,2026-01-01,Direct,Desktop,India,/pricing,4,252.6,0,1,0,0,0,1,2026-01
S00166,2026-02-26,Direct,Desktop,Australia,/products,3,125.1,0,1,0,0,0,1,2026-02
S00167,2026-02-25,Social,Mobile,Australia,/products,1,29.4,1,1,1,0,0,0,2026-02
S00168,2026-02-01,Social,Desktop,Canada,/blog,1,10.6,1,0,0,0,0,0,2026-02
S00169,2026-02-16,Organic Search,Mobile,Canada,/,4,178.9,0,0,0,0,0,1,2026-02
S00170,2026-01-03,Referral,Mobile,India,/blog,1,38.5,1,0,0,0,0,0,2026-01
S00171,2026-02-25,Organic Search,Desktop,India,/products,4,123.0,0,1,0,0,0,1,2026-02
S00172,2026-02-08,Direct,Desktop,India,/blog,6,199.4,0,1,0,0,0,1,2026-02
S00173,2026-03-25,Organic Search,Desktop,Canada,/products,4,158.6,0,1,0,0,0,1,2026-03
S00174,2026-01-12,Referral,Mobile,India,/features,1,18.4,1,1,0,0,0,0,2026-01
S00175,2026-03-24,Organic Search,Mobile,India,/,3,282.4,0,0,0,0,0,1,2026-03
S00176,2026-01-14,Organic Search,Mobile,United States,/features,9,213.4,0,1,0,0,0,1,2026-01
S00177,2026-01-07,Direct,Mobile,India,/products,10,220.8,0,1,0,0,0,1,2026-01
S00178,2026-03-10,Referral,Mobile,United Kingdom,/,3,162.9,0,0,0,0,0,1,2026-03
S00179,2026-01-05,Email,Mobile,India,/pricing,2,162.2,0,1,0,0,0,1,2026-01
S00180,2026-01-07,Social,Mobile,United States,/products,4,216.8,0,1,0,0,0,1,2026-01
S00181,2026-02-24,Email,Desktop,Canada,/pricing,1,35.9,1,1,0,0,0,0,2026-02
S00182,2026-02-11,Email,Mobile,United States,/features,4,374.1,0,1,1,0,0,1,2026-02
S00183,2026-02-03,Direct,Mobile,India,/features,4,152.2,0,1,0,0,0,1,2026-02
S00184,2026-01-30,Organic Search,Desktop,India,/blog,2,103.5,0,1,1,0,0,1,2026-01
S00185,2026-03-14,Social,Mobile,India,/contact,1,34.0,1,0,0,0,0,0,2026-03
S00186,2026-03-30,Paid Search,Desktop,India,/pricing,4,140.9,0,1,0,0,0,1,2026-03
S00187,2026-03-12,Direct,Mobile,United States,/,1,30.6,1,0,0,0,0,0,2026-03
S00188,2026-01-02,Organic Search,Mobile,India,/features,1,26.7,1,1,1,0,0,0,2026-01
S00189,2026-02-19,Social,Desktop,India,/products,3,145.0,0,1,1,0,0,1,2026-02
S00190,2026-02-10,Organic Search,Mobile,India,/,1,34.4,1,0,0,0,0,0,2026-02
S00191,2026-01-31,Referral,Desktop,Australia,/,1,38.2,1,0,0,0,0,0,2026-01
S00192,2026-03-04,Organic Search,Desktop,India,/products,4,155.8,0,1,0,0,0,1,2026-03
S00193,2026-02-14,Organic Search,Mobile,India,/products,3,115.9,0,1,0,0,0,1,2026-02
S00194,2026-03-26,Social,Desktop,India,/products,5,337.4,0,1,1,0,0,1,2026-03
S00195,2026-02-21,Organic Search,Desktop,India,/blog,6,172.9,0,0,0,0,0,1,2026-02
S00196,2026-01-29,Organic Search,Tablet,Australia,/blog,3,69.9,0,0,0,0,0,1,2026-01
S00197,2026-03-26,Paid Search,Mobile,India,/contact,1,17.9,1,0,0,0,0,0,2026-03
S00198,2026-02-27,Email,Mobile,United States,/,1,24.8,1,0,0,0,0,0,2026-02
S00199,2026-03-07,Organic Search,Desktop,United States,/,2,102.4,0,1,0,0,0,1,2026-03
S00200,2026-01-23,Organic Search,Mobile,United Kingdom,/pricing,4,125.4,0,1,0,0,0,1,2026-01
S00201,2026-01-21,Social,Mobile,United States,/,1,31.7,1,0,0,0,0,0,2026-01
S00202,2026-02-26,Referral,Mobile,United Kingdom,/products,1,3.0,1,1,1,1,0,0,2026-02
S00203,2026-01-26,Direct,Mobile,India,/blog,3,137.0,0,1,1,0,0,1,2026-01
S00204,2026-01-08,Organic Search,Mobile,India,/features,5,203.9,0,1,0,0,0,1,2026-01
S00205,2026-02-07,Organic Search,Mobile,United States,/products,5,163.9,0,1,0,0,0,1,2026-02
S00206,2026-01-26,Organic Search,Mobile,United States,/blog,5,150.3,0,1,0,0,0,1,2026-01
S00207,2026-03-25,Organic Search,Mobile,India,/blog,3,203.3,0,0,0,0,0,1,2026-03
S00208,2026-02-09,Paid Search,Desktop,India,/features,3,128.8,0,1,0,0,0,1,2026-02
S00209,2026-02-03,Organic Search,Mobile,India,/products,1,19.6,1,1,0,0,0,0,2026-02
S00210,2026-01-06,Direct,Mobile,India,/blog,7,149.1,0,1,0,0,0,1,2026-01
S00211,2026-02-27,Paid Search,Mobile,India,/blog,4,121.4,0,0,0,0,0,1,2026-02
S00212,2026-01-18,Paid Search,Mobile,India,/products,4,109.4,0,1,0,0,0,1,2026-01
S00213,2026-03-05,Organic Search,Tablet,India,/blog,1,41.3,1,0,0,0,0,0,2026-03
S00214,2026-01-10,Social,Desktop,United States,/blog,2,96.0,0,0,0,0,0,1,2026-01
S00215,2026-03-05,Paid Search,Mobile,United States,/products,6,221.1,0,1,1,0,0,1,2026-03
S00216,2026-03-27,Social,Mobile,United States,/pricing,1,13.4,1,1,0,0,0,0,2026-03
S00217,2026-03-26,Organic Search,Mobile,United States,/pricing,2,117.8,0,1,0,0,0,1,2026-03
S00218,2026-02-16,Organic Search,Mobile,India,/features,2,170.2,0,1,0,0,0,1,2026-02
S00219,2026-01-28,Referral,Mobile,India,/,3,121.1,0,0,0,0,0,1,2026-01
S00220,2026-02-22,Direct,Mobile,United States,/pricing,3,170.8,0,1,1,1,0,1,2026-02
S00221,2026-03-11,Organic Search,Mobile,United Kingdom,/products,1,13.8,1,1,0,0,0,0,2026-03
S00222,2026-03-15,Direct,Mobile,United States,/blog,3,70.4,0,0,0,0,0,1,2026-03
S00223,2026-01-07,Paid Search,Mobile,United States,/blog,1,30.7,1,0,0,0,0,0,2026-01
S00224,2026-01-31,Referral,Mobile,United States,/pricing,10,285.9,0,1,0,0,0,1,2026-01
S00225,2026-02-15,Organic Search,Mobile,United Kingdom,/pricing,5,205.6,0,1,1,0,0,1,2026-02
S00226,2026-01-10,Referral,Mobile,United Kingdom,/products,3,154.3,0,1,0,0,0,1,2026-01
S00227,2026-02-23,Organic Search,Mobile,United Kingdom,/products,3,123.7,0,1,0,0,0,1,2026-02
S00228,2026-01-16,Direct,Mobile,India,/blog,4,154.4,0,0,0,0,0,1,2026-01
S00229,2026-01-13,Paid Search,Mobile,India,/,1,46.4,1,0,0,0,0,0,2026-01
S00230,2026-03-03,Organic Search,Mobile,India,/features,1,40.8,1,1,1,1,1,0,2026-03
S00231,2026-03-01,Organic Search,Desktop,United States,/blog,1,41.1,1,0,0,0,0,0,2026-03
S00232,2026-03-27,Direct,Desktop,United Kingdom,/features,2,98.1,0,1,0,0,0,1,2026-03
S00233,2026-03-29,Referral,Mobile,India,/products,2,136.4,0,1,1,0,0,1,2026-03
S00234,2026-02-10,Paid Search,Mobile,India,/pricing,2,72.5,0,1,1,0,0,1,2026-02
S00235,2026-03-04,Referral,Desktop,United Kingdom,/,1,10.1,1,0,0,0,0,0,2026-03
S00236,2026-01-28,Social,Desktop,India,/features,4,219.5,0,1,0,0,0,1,2026-01
S00237,2026-02-16,Direct,Mobile,Canada,/blog,1,81.9,1,0,0,0,0,0,2026-02
S00238,2026-03-21,Social,Mobile,India,/blog,3,150.2,0,1,0,0,0,1,2026-03
S00239,2026-01-27,Organic Search,Mobile,India,/blog,5,191.9,0,0,0,0,0,1,2026-01
S00240,2026-02-05,Organic Search,Mobile,India,/products,5,91.2,0,1,0,0,0,1,2026-02
S00241,2026-01-13,Social,Mobile,India,/blog,4,111.8,0,1,0,0,0,1,2026-01
S00242,2026-01-12,Social,Mobile,India,/features,1,41.4,1,1,1,1,0,0,2026-01
S00243,2026-03-13,Organic Search,Mobile,India,/,1,29.3,1,0,0,0,0,0,2026-03
S00244,2026-01-24,Direct,Mobile,India,/contact,4,223.6,0,0,0,0,0,1,2026-01
S00245,2026-02-23,Paid Search,Mobile,India,/features,6,360.3,0,1,0,0,0,1,2026-02
S00246,2026-03-12,Email,Desktop,United Kingdom,/contact,1,27.8,1,0,0,0,0,0,2026-03
S00247,2026-02-03,Paid Search,Mobile,India,/features,1,5.5,1,1,0,0,0,0,2026-02
S00248,2026-03-19,Direct,Mobile,India,/products,4,164.7,0,1,0,0,0,1,2026-03
S00249,2026-03-22,Direct,Mobile,India,/pricing,1,15.5,1,1,0,0,0,0,2026-03
S00250,2026-03-13,Direct,Desktop,Australia,/,5,304.9,0,0,0,0,0,1,2026-03
S00251,2026-02-21,Paid Search,Mobile,United Kingdom,/blog,1,36.7,1,0,0,0,0,0,2026-02
S00252,2026-03-30,Email,Mobile,Australia,/,3,106.5,0,1,0,0,0,1,2026-03
S00253,2026-03-08,Direct,Mobile,Australia,/features,1,16.1,1,1,1,0,0,0,2026-03
S00254,2026-01-13,Organic Search,Desktop,India,/products,1,22.4,1,1,1,1,1,0,2026-01
S00255,2026-03-01,Organic Search,Desktop,United States,/,1,19.3,1,0,0,0,0,0,2026-03
S00256,2026-02-14,Social,Desktop,India,/,1,19.9,1,0,0,0,0,0,2026-02
S00257,2026-01-18,Social,Desktop,Canada,/blog,4,147.9,0,1,1,0,0,1,2026-01
S00258,2026-03-01,Organic Search,Mobile,India,/products,4,159.8,0,1,0,0,0,1,2026-03
S00259,2026-03-31,Organic Search,Mobile,India,/products,1,6.3,1,1,1,0,0,0,2026-03
S00260,2026-03-29,Paid Search,Mobile,Australia,/,3,68.1,0,0,0,0,0,1,2026-03
S00261,2026-03-02,Organic Search,Desktop,Canada,/products,3,217.3,0,1,1,1,0,1,2026-03
S00262,2026-03-27,Social,Desktop,Australia,/contact,1,22.3,1,0,0,0,0,0,2026-03
S00263,2026-02-06,Organic Search,Mobile,India,/pricing,1,13.7,1,1,0,0,0,0,2026-02
S00264,2026-02-02,Organic Search,Desktop,India,/products,2,167.7,0,1,0,0,0,1,2026-02
S00265,2026-02-26,Referral,Mobile,India,/,2,123.4,0,1,1,0,0,1,2026-02
S00266,2026-03-21,Organic Search,Mobile,India,/,4,190.8,0,1,1,1,0,1,2026-03
S00267,2026-01-16,Organic Search,Mobile,India,/products,1,3.6,1,1,0,0,0,0,2026-01
S00268,2026-02-16,Organic Search,Desktop,India,/,2,130.9,0,1,1,1,1,1,2026-02
S00269,2026-03-20,Organic Search,Desktop,United Kingdom,/,1,34.4,1,0,0,0,0,0,2026-03
S00270,2026-01-09,Organic Search,Mobile,India,/,1,21.1,1,0,0,0,0,0,2026-01
S00271,2026-01-13,Organic Search,Tablet,United States,/products,4,192.7,0,1,1,1,1,1,2026-01
S00272,2026-01-06,Organic Search,Desktop,Canada,/blog,5,171.8,0,0,0,0,0,1,2026-01
S00273,2026-03-10,Organic Search,Desktop,United States,/,1,33.3,1,0,0,0,0,0,2026-03
S00274,2026-03-31,Paid Search,Desktop,India,/blog,1,3.0,1,0,0,0,0,0,2026-03
S00275,2026-02-16,Paid Search,Mobile,India,/blog,6,185.8,0,0,0,0,0,1,2026-02
S00276,2026-03-26,Direct,Desktop,India,/features,1,36.9,1,1,0,0,0,0,2026-03
S00277,2026-03-27,Organic Search,Mobile,United Kingdom,/products,1,6.4,1,1,1,0,0,0,2026-03
S00278,2026-02-26,Direct,Desktop,India,/features,1,15.7,1,1,1,1,0,0,2026-02
S00279,2026-03-15,Email,Mobile,India,/features,1,19.7,1,1,1,0,0,0,2026-03
S00280,2026-03-04,Email,Desktop,Australia,/contact,7,157.2,0,0,0,0,0,1,2026-03
S00281,2026-01-28,Organic Search,Tablet,United States,/features,1,23.0,1,1,0,0,0,0,2026-01
S00282,2026-02-22,Organic Search,Mobile,Canada,/,3,327.1,0,0,0,0,0,1,2026-02
S00283,2026-01-03,Organic Search,Tablet,India,/contact,2,107.7,0,0,0,0,0,1,2026-01
S00284,2026-03-13,Organic Search,Mobile,Australia,/features,1,6.0,1,1,0,0,0,0,2026-03
S00285,2026-01-01,Paid Search,Mobile,India,/products,5,141.8,0,1,0,0,0,1,2026-01
S00286,2026-01-26,Direct,Mobile,India,/,1,40.8,1,0,0,0,0,0,2026-01
S00287,2026-01-14,Organic Search,Desktop,Canada,/contact,2,88.8,0,0,0,0,0,1,2026-01
S00288,2026-01-23,Direct,Mobile,Canada,/,4,225.7,0,0,0,0,0,1,2026-01
S00289,2026-01-09,Direct,Mobile,India,/features,4,149.3,0,1,1,1,1,1,2026-01
S00290,2026-02-15,Organic Search,Desktop,India,/products,4,139.3,0,1,1,1,0,1,2026-02
S00291,2026-01-10,Social,Mobile,India,/blog,5,165.6,0,1,1,0,0,1,2026-01
S00292,2026-01-19,Organic Search,Mobile,United Kingdom,/,3,151.8,0,1,0,0,0,1,2026-01
S00293,2026-02-06,Referral,Desktop,Canada,/blog,1,20.4,1,0,0,0,0,0,2026-02
S00294,2026-02-16,Organic Search,Desktop,India,/pricing,1,10.6,1,1,1,1,1,0,2026-02
S00295,2026-03-20,Email,Desktop,India,/features,1,8.1,1,1,0,0,0,0,2026-03
S00296,2026-03-27,Email,Desktop,United States,/products,7,146.1,0,1,0,0,0,1,2026-03
S00297,2026-02-25,Referral,Tablet,United Kingdom,/,1,11.8,1,0,0,0,0,0,2026-02
S00298,2026-01-28,Social,Mobile,India,/products,3,176.2,0,1,1,1,0,1,2026-01
S00299,2026-01-07,Social,Mobile,United States,/,3,176.1,0,1,0,0,0,1,2026-01
S00300,2026-02-24,Paid Search,Mobile,Australia,/contact,1,15.8,1,0,0,0,0,0,2026-02
S00301,2026-03-12,Social,Mobile,India,/,3,178.8,0,1,1,0,0,1,2026-03
S00302,2026-03-22,Organic Search,Desktop,United States,/products,5,320.5,0,1,1,0,0,1,2026-03
S00303,2026-02-13,Direct,Desktop,United States,/features,6,149.4,0,1,0,0,0,1,2026-02
S00304,2026-02-21,Direct,Mobile,United States,/products,4,107.3,0,1,0,0,0,1,2026-02
S00305,2026-03-06,Email,Mobile,Canada,/products,4,310.2,0,1,0,0,0,1,2026-03
S00306,2026-01-10,Direct,Desktop,United States,/blog,8,254.1,0,1,0,0,0,1,2026-01
S00307,2026-02-11,Direct,Tablet,India,/products,1,15.5,1,1,0,0,0,0,2026-02
S00308,2026-02-25,Paid Search,Mobile,India,/features,1,11.0,1,1,1,0,0,0,2026-02
S00309,2026-02-27,Organic Search,Mobile,United States,/blog,5,213.3,0,1,0,0,0,1,2026-02
S00310,2026-02-24,Organic Search,Mobile,India,/products,1,8.7,1,1,1,0,0,0,2026-02
S00311,2026-01-29,Direct,Mobile,India,/blog,1,20.5,1,0,0,0,0,0,2026-01
S00312,2026-01-29,Direct,Mobile,India,/features,1,28.3,1,1,1,1,1,0,2026-01
S00313,2026-03-27,Organic Search,Mobile,United States,/products,3,144.6,0,1,1,1,0,1,2026-03
S00314,2026-02-25,Direct,Desktop,Australia,/blog,2,140.9,0,0,0,0,0,1,2026-02
S00315,2026-01-01,Direct,Mobile,United States,/products,6,163.2,0,1,1,1,1,1,2026-01
S00316,2026-03-11,Direct,Mobile,Canada,/pricing,3,128.4,0,1,0,0,0,1,2026-03
S00317,2026-02-20,Direct,Mobile,India,/blog,4,260.7,0,0,0,0,0,1,2026-02
S00318,2026-03-14,Paid Search,Desktop,India,/,6,230.2,0,1,0,0,0,1,2026-03
S00319,2026-01-26,Organic Search,Mobile,Australia,/pricing,3,140.9,0,1,1,1,1,1,2026-01
S00320,2026-03-12,Referral,Mobile,India,/,1,57.1,1,0,0,0,0,0,2026-03
S00321,2026-01-21,Email,Mobile,United Kingdom,/blog,1,18.5,1,0,0,0,0,0,2026-01
S00322,2026-02-15,Direct,Desktop,United States,/blog,3,129.7,0,0,0,0,0,1,2026-02
S00323,2026-03-20,Direct,Desktop,India,/products,4,133.3,0,1,1,1,1,1,2026-03
S00324,2026-03-10,Direct,Mobile,United States,/,4,143.1,0,1,1,1,0,1,2026-03
S00325,2026-03-07,Email,Mobile,India,/contact,3,228.9,0,1,1,0,0,1,2026-03
S00326,2026-01-06,Paid Search,Mobile,India,/products,3,140.6,0,1,1,1,1,1,2026-01
S00327,2026-02-02,Social,Desktop,India,/products,1,13.6,1,1,0,0,0,0,2026-02
S00328,2026-03-07,Direct,Desktop,India,/,2,108.8,0,1,1,0,0,1,2026-03
S00329,2026-03-14,Paid Search,Mobile,India,/pricing,5,143.0,0,1,0,0,0,1,2026-03
S00330,2026-01-23,Organic Search,Mobile,Canada,/products,7,203.7,0,1,1,0,0,1,2026-01
S00331,2026-03-23,Social,Desktop,India,/features,1,17.9,1,1,1,1,1,0,2026-03
S00332,2026-01-08,Organic Search,Desktop,Canada,/blog,1,16.8,1,0,0,0,0,0,2026-01
S00333,2026-02-14,Paid Search,Mobile,United States,/,1,3.3,1,0,0,0,0,0,2026-02
S00334,2026-02-12,Email,Mobile,India,/pricing,1,9.3,1,1,0,0,0,0,2026-02
S00335,2026-01-18,Organic Search,Mobile,India,/products,1,18.4,1,1,0,0,0,0,2026-01
S00336,2026-01-17,Paid Search,Desktop,Australia,/,10,207.0,0,0,0,0,0,1,2026-01
S00337,2026-02-10,Organic Search,Desktop,United States,/blog,3,119.8,0,1,1,0,0,1,2026-02
S00338,2026-03-30,Social,Desktop,Australia,/products,1,8.5,1,1,1,0,0,0,2026-03
S00339,2026-02-28,Organic Search,Desktop,India,/features,6,174.9,0,1,0,0,0,1,2026-02
S00340,2026-01-17,Referral,Mobile,United States,/pricing,1,12.0,1,1,0,0,0,0,2026-01
S00341,2026-02-27,Organic Search,Mobile,United Kingdom,/products,3,151.5,0,1,0,0,0,1,2026-02
S00342,2026-03-26,Referral,Mobile,Australia,/contact,7,197.8,0,0,0,0,0,1,2026-03
S00343,2026-01-30,Social,Desktop,India,/pricing,6,174.1,0,1,1,0,0,1,2026-01
S00344,2026-03-17,Paid Search,Desktop,Australia,/,1,52.4,1,0,0,0,0,0,2026-03
S00345,2026-02-21,Social,Mobile,India,/pricing,6,184.6,0,1,0,0,0,1,2026-02
S00346,2026-03-18,Social,Mobile,Canada,/contact,4,141.9,0,0,0,0,0,1,2026-03
S00347,2026-02-13,Referral,Desktop,United States,/products,5,235.0,0,1,0,0,0,1,2026-02
S00348,2026-02-09,Organic Search,Desktop,United States,/products,4,202.7,0,1,0,0,0,1,2026-02
S00349,2026-01-07,Paid Search,Desktop,India,/pricing,1,47.1,1,1,0,0,0,0,2026-01
S00350,2026-01-24,Organic Search,Mobile,Canada,/products,1,6.4,1,1,0,0,0,0,2026-01
S00351,2026-01-16,Paid Search,Desktop,India,/,5,158.6,0,1,0,0,0,1,2026-01
S00352,2026-02-13,Organic Search,Desktop,India,/pricing,3,91.5,0,1,0,0,0,1,2026-02
S00353,2026-02-18,Paid Search,Desktop,United States,/features,1,4.9,1,1,0,0,0,0,2026-02
S00354,2026-03-27,Paid Search,Desktop,United Kingdom,/blog,1,9.0,1,0,0,0,0,0,2026-03
S00355,2026-01-21,Direct,Desktop,India,/,1,20.5,1,0,0,0,0,0,2026-01
S00356,2026-01-28,Direct,Desktop,United States,/products,1,99.6,1,1,1,1,1,0,2026-01
S00357,2026-02-14,Social,Desktop,India,/,1,5.7,1,0,0,0,0,0,2026-02
S00358,2026-01-13,Social,Mobile,United States,/products,6,143.2,0,1,0,0,0,1,2026-01
S00359,2026-02-10,Direct,Mobile,United States,/blog,1,26.7,1,0,0,0,0,0,2026-02
S00360,2026-03-10,Paid Search,Desktop,United States,/products,7,203.9,0,1,0,0,0,1,2026-03
S00361,2026-01-31,Referral,Desktop,Canada,/features,1,22.0,1,1,0,0,0,0,2026-01
S00362,2026-02-12,Organic Search,Mobile,United States,/pricing,1,13.0,1,1,0,0,0,0,2026-02
S00363,2026-03-26,Organic Search,Mobile,India,/blog,2,158.1,0,1,0,0,0,1,2026-03
S00364,2026-01-22,Organic Search,Desktop,United States,/features,1,14.3,1,1,0,0,0,0,2026-01
S00365,2026-03-24,Paid Search,Desktop,India,/blog,1,40.8,1,0,0,0,0,0,2026-03
S00366,2026-01-05,Direct,Tablet,India,/features,3,163.2,0,1,0,0,0,1,2026-01
S00367,2026-02-24,Social,Mobile,United Kingdom,/features,1,17.5,1,1,1,1,0,0,2026-02
S00368,2026-03-14,Paid Search,Desktop,India,/pricing,1,5.7,1,1,0,0,0,0,2026-03
S00369,2026-01-11,Direct,Desktop,India,/products,3,96.3,0,1,1,0,0,1,2026-01
S00370,2026-01-24,Email,Mobile,Australia,/products,4,142.9,0,1,1,1,1,1,2026-01
S00371,2026-02-21,Social,Mobile,India,/features,3,101.9,0,1,0,0,0,1,2026-02
S00372,2026-01-02,Organic Search,Tablet,India,/,1,27.1,1,0,0,0,0,0,2026-01
S00373,2026-02-06,Direct,Mobile,India,/contact,1,24.8,1,0,0,0,0,0,2026-02
S00374,2026-03-30,Organic Search,Desktop,India,/products,3,190.0,0,1,0,0,0,1,2026-03
S00375,2026-02-10,Organic Search,Desktop,United Kingdom,/blog,5,110.9,0,0,0,0,0,1,2026-02
S00376,2026-03-18,Organic Search,Desktop,United Kingdom,/products,1,22.7,1,1,0,0,0,0,2026-03
S00377,2026-01-05,Referral,Mobile,United States,/contact,4,148.4,0,0,0,0,0,1,2026-01
S00378,2026-02-25,Direct,Desktop,India,/,2,110.2,0,0,0,0,0,1,2026-02
S00379,2026-03-29,Direct,Mobile,United States,/products,6,160.6,0,1,1,0,0,1,2026-03
S00380,2026-02-23,Social,Desktop,India,/features,1,24.7,1,1,0,0,0,0,2026-02
S00381,2026-02-01,Direct,Mobile,United States,/products,2,353.4,0,1,1,0,0,1,2026-02
S00382,2026-01-19,Referral,Desktop,United States,/products,3,115.7,0,1,1,0,0,1,2026-01
S00383,2026-01-11,Social,Desktop,India,/features,1,26.8,1,1,0,0,0,0,2026-01
S00384,2026-02-08,Direct,Mobile,United Kingdom,/features,3,117.8,0,1,1,0,0,1,2026-02
S00385,2026-03-01,Direct,Mobile,United Kingdom,/,5,263.0,0,1,0,0,0,1,2026-03
S00386,2026-02-26,Referral,Desktop,India,/pricing,5,238.7,0,1,1,1,1,1,2026-02
S00387,2026-03-26,Paid Search,Mobile,United States,/products,2,136.0,0,1,1,0,0,1,2026-03
S00388,2026-01-28,Referral,Mobile,United States,/products,1,10.6,1,1,0,0,0,0,2026-01
S00389,2026-02-15,Organic Search,Mobile,India,/blog,1,40.1,1,0,0,0,0,0,2026-02
S00390,2026-03-03,Email,Desktop,India,/,2,98.9,0,1,1,1,0,1,2026-03
S00391,2026-03-01,Paid Search,Mobile,United States,/pricing,2,90.6,0,1,1,0,0,1,2026-03
S00392,2026-02-27,Organic Search,Mobile,Australia,/products,3,147.8,0,1,0,0,0,1,2026-02
S00393,2026-02-25,Paid Search,Tablet,United States,/features,1,8.0,1,1,0,0,0,0,2026-02
S00394,2026-03-23,Paid Search,Mobile,United States,/pricing,3,99.0,0,1,1,0,0,1,2026-03
S00395,2026-01-30,Organic Search,Mobile,United States,/products,2,144.3,0,1,0,0,0,1,2026-01
S00396,2026-01-09,Direct,Mobile,India,/contact,5,154.4,0,1,1,1,1,1,2026-01
S00397,2026-03-28,Social,Mobile,India,/features,1,35.3,1,1,0,0,0,0,2026-03
S00398,2026-01-04,Organic Search,Mobile,India,/products,7,232.0,0,1,0,0,0,1,2026-01
S00399,2026-03-31,Direct,Desktop,Australia,/contact,1,12.9,1,0,0,0,0,0,2026-03
S00400,2026-01-01,Direct,Mobile,United Kingdom,/products,3,179.8,0,1,1,1,0,1,2026-01
S00401,2026-03-12,Organic Search,Desktop,Australia,/products,1,40.0,1,1,1,1,1,0,2026-03
S00402,2026-03-30,Email,Mobile,India,/products,2,204.7,0,1,0,0,0,1,2026-03
S00403,2026-02-01,Social,Mobile,India,/,1,17.4,1,0,0,0,0,0,2026-02
S00404,2026-02-24,Organic Search,Mobile,United States,/blog,1,12.8,1,0,0,0,0,0,2026-02
S00405,2026-03-30,Referral,Mobile,India,/pricing,1,16.3,1,1,0,0,0,0,2026-03
S00406,2026-03-09,Email,Desktop,India,/features,3,147.6,0,1,0,0,0,1,2026-03
S00407,2026-03-13,Organic Search,Mobile,United Kingdom,/products,2,166.1,0,1,1,1,1,1,2026-03
S00408,2026-02-28,Social,Mobile,United States,/,5,339.4,0,1,1,0,0,1,2026-02
S00409,2026-01-31,Organic Search,Mobile,United States,/products,5,182.7,0,1,1,0,0,1,2026-01
S00410,2026-01-21,Referral,Desktop,India,/,3,96.6,0,0,0,0,0,1,2026-01
S00411,2026-01-08,Paid Search,Mobile,India,/contact,1,42.5,1,0,0,0,0,0,2026-01
S00412,2026-03-02,Paid Search,Desktop,India,/blog,1,9.4,1,0,0,0,0,0,2026-03
S00413,2026-01-24,Organic Search,Mobile,India,/features,1,10.9,1,1,0,0,0,0,2026-01
S00414,2026-03-01,Email,Mobile,India,/blog,6,197.9,0,0,0,0,0,1,2026-03
S00415,2026-03-07,Organic Search,Desktop,India,/products,1,10.7,1,1,0,0,0,0,2026-03
S00416,2026-03-23,Organic Search,Mobile,Australia,/,3,111.3,0,0,0,0,0,1,2026-03
S00417,2026-03-17,Organic Search,Mobile,India,/products,6,156.5,0,1,1,1,1,1,2026-03
S00418,2026-02-01,Social,Tablet,India,/features,2,319.1,0,1,0,0,0,1,2026-02
S00419,2026-01-05,Organic Search,Mobile,India,/products,1,75.7,1,1,0,0,0,0,2026-01
S00420,2026-02-26,Email,Mobile,United Kingdom,/,2,75.5,0,0,0,0,0,1,2026-02
S00421,2026-03-07,Paid Search,Mobile,India,/blog,2,316.5,0,0,0,0,0,1,2026-03
S00422,2026-02-05,Organic Search,Mobile,India,/products,5,246.8,0,1,1,0,0,1,2026-02
S00423,2026-03-02,Organic Search,Desktop,India,/pricing,9,237.4,0,1,1,0,0,1,2026-03
S00424,2026-01-16,Organic Search,Mobile,India,/,1,3.0,1,0,0,0,0,0,2026-01
S00425,2026-01-16,Paid Search,Desktop,United States,/pricing,4,137.6,0,1,0,0,0,1,2026-01
S00426,2026-03-11,Social,Desktop,India,/products,3,196.3,0,1,1,0,0,1,2026-03
S00427,2026-01-14,Organic Search,Tablet,India,/features,4,201.2,0,1,1,0,0,1,2026-01
S00428,2026-02-11,Email,Desktop,United Kingdom,/blog,5,321.3,0,1,0,0,0,1,2026-02
S00429,2026-01-24,Organic Search,Desktop,India,/,7,170.5,0,0,0,0,0,1,2026-01
S00430,2026-02-06,Social,Desktop,United States,/features,1,15.2,1,1,1,1,1,0,2026-02
S00431,2026-01-06,Referral,Mobile,India,/features,1,21.4,1,1,1,1,0,0,2026-01
S00432,2026-02-11,Social,Mobile,United States,/blog,2,251.4,0,0,0,0,0,1,2026-02
S00433,2026-03-24,Paid Search,Desktop,India,/contact,4,130.7,0,0,0,0,0,1,2026-03
S00434,2026-03-23,Social,Mobile,India,/features,2,153.7,0,1,0,0,0,1,2026-03
S00435,2026-02-10,Organic Search,Desktop,India,/products,8,260.8,0,1,1,1,1,1,2026-02
S00436,2026-02-24,Organic Search,Mobile,Australia,/products,4,197.9,0,1,0,0,0,1,2026-02
S00437,2026-01-09,Organic Search,Desktop,India,/products,3,83.2,0,1,0,0,0,1,2026-01
S00438,2026-01-21,Direct,Mobile,Australia,/pricing,3,208.0,0,1,0,0,0,1,2026-01
S00439,2026-02-22,Social,Desktop,Australia,/contact,1,61.9,1,0,0,0,0,0,2026-02
S00440,2026-02-08,Paid Search,Mobile,India,/blog,1,22.2,1,0,0,0,0,0,2026-02
S00441,2026-01-28,Email,Mobile,India,/products,2,135.0,0,1,1,0,0,1,2026-01
S00442,2026-01-10,Organic Search,Desktop,India,/contact,4,434.7,0,0,0,0,0,1,2026-01
S00443,2026-01-29,Social,Desktop,Australia,/blog,1,14.7,1,0,0,0,0,0,2026-01
S00444,2026-01-29,Organic Search,Desktop,United States,/products,4,94.2,0,1,1,0,0,1,2026-01
S00445,2026-01-18,Organic Search,Tablet,United States,/features,1,30.3,1,1,1,0,0,0,2026-01
S00446,2026-01-31,Paid Search,Mobile,India,/products,1,24.8,1,1,1,1,0,0,2026-01
S00447,2026-02-11,Referral,Desktop,Canada,/pricing,1,20.5,1,1,0,0,0,0,2026-02
S00448,2026-01-13,Paid Search,Mobile,India,/pricing,1,36.3,1,1,0,0,0,0,2026-01
S00449,2026-01-04,Organic Search,Mobile,India,/contact,7,158.9,0,1,0,0,0,1,2026-01
S00450,2026-03-20,Paid Search,Mobile,India,/products,1,3.0,1,1,1,0,0,0,2026-03
S00451,2026-02-20,Organic Search,Mobile,India,/products,2,191.1,0,1,0,0,0,1,2026-02
S00452,2026-02-26,Email,Mobile,Canada,/blog,5,162.2,0,0,0,0,0,1,2026-02
S00453,2026-01-21,Paid Search,Desktop,United Kingdom,/features,1,21.8,1,1,0,0,0,0,2026-01
S00454,2026-01-02,Organic Search,Mobile,India,/,1,17.3,1,0,0,0,0,0,2026-01
S00455,2026-03-17,Organic Search,Desktop,India,/products,1,63.6,1,1,0,0,0,0,2026-03
S00456,2026-01-10,Organic Search,Mobile,United Kingdom,/contact,6,217.5,0,1,0,0,0,1,2026-01
S00457,2026-03-15,Referral,Mobile,United States,/features,5,170.3,0,1,1,1,1,1,2026-03
S00458,2026-03-29,Direct,Desktop,India,/products,5,314.8,0,1,1,1,1,1,2026-03
S00459,2026-01-08,Social,Mobile,India,/products,4,107.0,0,1,1,1,0,1,2026-01
S00460,2026-01-09,Paid Search,Mobile,United States,/pricing,2,100.7,0,1,1,1,0,1,2026-01
S00461,2026-01-01,Paid Search,Desktop,Australia,/blog,8,199.2,0,1,0,0,0,1,2026-01
S00462,2026-03-03,Organic Search,Mobile,United States,/pricing,3,165.0,0,1,0,0,0,1,2026-03
S00463,2026-01-23,Referral,Mobile,India,/features,5,154.6,0,1,0,0,0,1,2026-01
S00464,2026-03-10,Organic Search,Desktop,United States,/,4,125.1,0,0,0,0,0,1,2026-03
S00465,2026-02-16,Paid Search,Mobile,India,/features,1,7.3,1,1,1,1,0,0,2026-02
S00466,2026-03-21,Paid Search,Desktop,Canada,/,3,161.2,0,0,0,0,0,1,2026-03
S00467,2026-03-29,Paid Search,Desktop,India,/features,7,280.2,0,1,1,1,0,1,2026-03
S00468,2026-03-20,Referral,Mobile,India,/,1,26.1,1,0,0,0,0,0,2026-03
S00469,2026-01-30,Organic Search,Mobile,India,/,5,288.7,0,0,0,0,0,1,2026-01
S00470,2026-03-02,Direct,Mobile,India,/products,1,39.8,1,1,0,0,0,0,2026-03
S00471,2026-02-05,Direct,Desktop,India,/products,6,250.7,0,1,1,0,0,1,2026-02
S00472,2026-03-01,Direct,Mobile,United States,/products,2,215.0,0,1,0,0,0,1,2026-03
S00473,2026-03-19,Organic Search,Desktop,United Kingdom,/blog,1,3.5,1,0,0,0,0,0,2026-03
S00474,2026-02-13,Organic Search,Mobile,Canada,/features,4,222.8,0,1,1,0,0,1,2026-02
S00475,2026-03-07,Organic Search,Desktop,India,/pricing,5,177.1,0,1,0,0,0,1,2026-03
S00476,2026-01-06,Organic Search,Mobile,India,/pricing,5,196.6,0,1,0,0,0,1,2026-01
S00477,2026-03-07,Direct,Mobile,India,/products,5,311.7,0,1,0,0,0,1,2026-03
S00478,2026-02-24,Paid Search,Mobile,India,/features,3,153.2,0,1,1,1,0,1,2026-02
S00479,2026-03-11,Paid Search,Mobile,India,/,1,56.5,1,0,0,0,0,0,2026-03
S00480,2026-02-04,Direct,Tablet,Canada,/products,9,290.5,0,1,0,0,0,1,2026-02
S00481,2026-03-18,Direct,Mobile,Australia,/,3,142.5,0,1,0,0,0,1,2026-03
S00482,2026-02-14,Organic Search,Mobile,India,/products,1,13.6,1,1,0,0,0,0,2026-02
S00483,2026-02-04,Paid Search,Mobile,United Kingdom,/pricing,1,33.9,1,1,1,0,0,0,2026-02
S00484,2026-02-28,Organic Search,Mobile,United States,/,1,56.4,1,0,0,0,0,0,2026-02
S00485,2026-01-21,Organic Search,Desktop,India,/,3,182.0,0,1,0,0,0,1,2026-01
S00486,2026-02-26,Direct,Desktop,United States,/features,6,200.5,0,1,0,0,0,1,2026-02
S00487,2026-02-27,Direct,Desktop,India,/,2,161.5,0,0,0,0,0,1,2026-02
S00488,2026-03-11,Organic Search,Mobile,India,/blog,1,33.3,1,0,0,0,0,0,2026-03
S00489,2026-01-16,Paid Search,Mobile,Australia,/products,2,193.3,0,1,0,0,0,1,2026-01
S00490,2026-03-03,Paid Search,Desktop,United States,/features,2,169.1,0,1,0,0,0,1,2026-03
S00491,2026-01-26,Paid Search,Mobile,India,/blog,1,25.2,1,0,0,0,0,0,2026-01
S00492,2026-03-18,Paid Search,Desktop,India,/,3,120.9,0,0,0,0,0,1,2026-03
S00493,2026-01-28,Paid Search,Mobile,Australia,/features,1,13.7,1,1,1,1,0,0,2026-01
S00494,2026-03-30,Organic Search,Mobile,India,/products,5,200.4,0,1,1,0,0,1,2026-03
S00495,2026-01-13,Social,Desktop,Australia,/products,1,12.7,1,1,1,1,1,0,2026-01
S00496,2026-02-04,Direct,Mobile,Canada,/blog,3,103.3,0,1,0,0,0,1,2026-02
S00497,2026-02-27,Direct,Tablet,India,/blog,5,125.8,0,1,0,0,0,1,2026-02
S00498,2026-02-15,Paid Search,Mobile,United States,/products,4,267.6,0,1,1,0,0,1,2026-02
S00499,2026-01-17,Direct,Mobile,United States,/products,1,23.7,1,1,0,0,0,0,2026-01
S00500,2026-01-02,Direct,Mobile,United Kingdom,/,1,3.8,1,0,0,0,0,0,2026-01
S00501,2026-03-21,Social,Mobile,India,/blog,2,78.1,0,1,0,0,0,1,2026-03
S00502,2026-01-23,Email,Mobile,India,/contact,1,14.8,1,0,0,0,0,0,2026-01
S00503,2026-01-30,Referral,Mobile,India,/products,1,35.3,1,1,1,1,1,0,2026-01
S00504,2026-02-16,Direct,Desktop,United States,/contact,4,161.3,0,1,1,0,0,1,2026-02
S00505,2026-01-19,Direct,Desktop,United Kingdom,/,2,67.6,0,0,0,0,0,1,2026-01
S00506,2026-02-03,Social,Mobile,United Kingdom,/features,3,166.3,0,1,1,1,0,1,2026-02
S00507,2026-03-10,Organic Search,Mobile,United States,/contact,1,36.9,1,0,0,0,0,0,2026-03
S00508,2026-02-09,Social,Mobile,India,/blog,1,3.0,1,0,0,0,0,0,2026-02
S00509,2026-03-29,Direct,Desktop,India,/,3,169.5,0,0,0,0,0,1,2026-03
S00510,2026-02-16,Organic Search,Desktop,United Kingdom,/products,1,30.4,1,1,0,0,0,0,2026-02
S00511,2026-03-11,Organic Search,Mobile,United States,/,1,19.0,1,0,0,0,0,0,2026-03
S00512,2026-03-16,Email,Mobile,United Kingdom,/blog,1,23.0,1,0,0,0,0,0,2026-03
S00513,2026-03-06,Organic Search,Mobile,India,/contact,5,121.1,0,1,1,0,0,1,2026-03
S00514,2026-01-04,Organic Search,Mobile,India,/products,1,12.8,1,1,0,0,0,0,2026-01
S00515,2026-02-02,Direct,Mobile,Australia,/,3,223.2,0,0,0,0,0,1,2026-02
S00516,2026-02-26,Organic Search,Tablet,India,/products,1,30.6,1,1,0,0,0,0,2026-02
S00517,2026-03-16,Organic Search,Mobile,India,/pricing,1,28.7,1,1,1,0,0,0,2026-03
S00518,2026-02-22,Social,Mobile,United States,/pricing,5,283.1,0,1,1,0,0,1,2026-02
S00519,2026-03-17,Organic Search,Mobile,United States,/products,4,238.3,0,1,0,0,0,1,2026-03
S00520,2026-02-02,Social,Mobile,Australia,/blog,4,116.5,0,1,0,0,0,1,2026-02
S00521,2026-03-08,Email,Mobile,Australia,/,4,213.3,0,0,0,0,0,1,2026-03
S00522,2026-03-10,Direct,Mobile,United Kingdom,/blog,1,29.0,1,0,0,0,0,0,2026-03
S00523,2026-01-12,Organic Search,Mobile,India,/products,4,123.6,0,1,0,0,0,1,2026-01
S00524,2026-03-31,Paid Search,Desktop,India,/,1,14.4,1,0,0,0,0,0,2026-03
S00525,2026-03-11,Organic Search,Mobile,Canada,/blog,7,216.9,0,0,0,0,0,1,2026-03
S00526,2026-03-01,Direct,Desktop,India,/blog,3,124.1,0,0,0,0,0,1,2026-03
S00527,2026-02-12,Referral,Mobile,Australia,/pricing,2,132.0,0,1,0,0,0,1,2026-02
S00528,2026-03-02,Referral,Mobile,United States,/features,1,19.6,1,1,0,0,0,0,2026-03
S00529,2026-03-22,Social,Tablet,India,/pricing,1,26.4,1,1,1,1,1,0,2026-03
S00530,2026-01-22,Organic Search,Desktop,India,/products,5,140.5,0,1,0,0,0,1,2026-01
S00531,2026-03-30,Paid Search,Mobile,United States,/contact,4,258.9,0,1,0,0,0,1,2026-03
S00532,2026-03-20,Paid Search,Desktop,India,/contact,1,7.9,1,0,0,0,0,0,2026-03
S00533,2026-01-25,Direct,Mobile,India,/,1,22.7,1,0,0,0,0,0,2026-01
S00534,2026-01-11,Paid Search,Mobile,United States,/contact,1,33.9,1,0,0,0,0,0,2026-01
S00535,2026-02-06,Organic Search,Desktop,India,/features,2,125.6,0,1,0,0,0,1,2026-02
S00536,2026-03-12,Organic Search,Desktop,India,/,5,179.7,0,0,0,0,0,1,2026-03
S00537,2026-03-05,Direct,Mobile,United States,/pricing,2,154.1,0,1,0,0,0,1,2026-03
S00538,2026-03-22,Organic Search,Desktop,United Kingdom,/,2,207.1,0,0,0,0,0,1,2026-03
S00539,2026-02-24,Organic Search,Mobile,India,/pricing,2,89.8,0,1,0,0,0,1,2026-02
S00540,2026-03-06,Social,Mobile,Australia,/contact,1,26.4,1,0,0,0,0,0,2026-03
S00541,2026-03-24,Referral,Tablet,Australia,/products,1,14.5,1,1,0,0,0,0,2026-03
S00542,2026-01-29,Direct,Mobile,India,/pricing,5,193.8,0,1,1,1,0,1,2026-01
S00543,2026-02-25,Social,Desktop,India,/products,5,163.7,0,1,1,1,0,1,2026-02
S00544,2026-02-17,Referral,Desktop,United Kingdom,/pricing,5,208.9,0,1,0,0,0,1,2026-02
S00545,2026-03-06,Organic Search,Mobile,India,/features,1,6.4,1,1,0,0,0,0,2026-03
S00546,2026-03-19,Direct,Mobile,Canada,/products,2,224.5,0,1,1,0,0,1,2026-03
S00547,2026-01-15,Direct,Tablet,United States,/pricing,2,102.6,0,1,1,0,0,1,2026-01
S00548,2026-01-07,Organic Search,Desktop,India,/products,10,228.6,0,1,0,0,0,1,2026-01
S00549,2026-01-19,Social,Desktop,United States,/blog,4,147.0,0,0,0,0,0,1,2026-01
S00550,2026-01-23,Direct,Mobile,United States,/blog,2,174.6,0,0,0,0,0,1,2026-01
S00551,2026-01-10,Direct,Mobile,Australia,/blog,1,71.8,1,0,0,0,0,0,2026-01
S00552,2026-01-20,Organic Search,Mobile,India,/products,2,183.8,0,1,0,0,0,1,2026-01
S00553,2026-03-31,Organic Search,Mobile,Australia,/blog,1,19.2,1,0,0,0,0,0,2026-03
S00554,2026-02-27,Email,Mobile,India,/blog,2,69.0,0,1,0,0,0,1,2026-02
S00555,2026-02-11,Organic Search,Desktop,United Kingdom,/blog,1,7.2,1,0,0,0,0,0,2026-02
S00556,2026-01-10,Organic Search,Desktop,Australia,/pricing,2,75.9,0,1,1,0,0,1,2026-01
S00557,2026-02-27,Organic Search,Mobile,India,/features,1,22.1,1,1,0,0,0,0,2026-02
S00558,2026-01-25,Direct,Mobile,India,/products,3,128.3,0,1,0,0,0,1,2026-01
S00559,2026-03-08,Paid Search,Desktop,United Kingdom,/,7,152.9,0,0,0,0,0,1,2026-03
S00560,2026-03-18,Direct,Mobile,Canada,/contact,1,22.6,1,0,0,0,0,0,2026-03
S00561,2026-01-30,Organic Search,Desktop,India,/,3,195.4,0,0,0,0,0,1,2026-01
S00562,2026-02-25,Organic Search,Mobile,India,/features,4,287.4,0,1,1,0,0,1,2026-02
S00563,2026-03-23,Email,Mobile,United Kingdom,/blog,3,225.8,0,0,0,0,0,1,2026-03
S00564,2026-02-17,Paid Search,Mobile,India,/features,2,133.0,0,1,0,0,0,1,2026-02
S00565,2026-01-18,Paid Search,Desktop,United States,/pricing,3,171.2,0,1,0,0,0,1,2026-01
S00566,2026-01-09,Paid Search,Mobile,India,/features,1,16.9,1,1,1,0,0,0,2026-01
S00567,2026-01-25,Social,Desktop,India,/blog,1,75.5,1,0,0,0,0,0,2026-01
S00568,2026-01-15,Organic Search,Mobile,Canada,/pricing,3,150.3,0,1,0,0,0,1,2026-01
S00569,2026-02-13,Direct,Mobile,India,/products,2,169.7,0,1,1,0,0,1,2026-02
S00570,2026-01-10,Direct,Desktop,Australia,/,2,99.9,0,1,1,0,0,1,2026-01
S00571,2026-01-05,Direct,Mobile,United States,/products,8,461.7,0,1,0,0,0,1,2026-01
S00572,2026-01-18,Email,Mobile,India,/contact,1,15.2,1,0,0,0,0,0,2026-01
S00573,2026-01-11,Direct,Mobile,India,/products,7,230.3,0,1,1,0,0,1,2026-01
S00574,2026-01-22,Social,Desktop,India,/blog,2,193.1,0,0,0,0,0,1,2026-01
S00575,2026-03-04,Email,Mobile,United Kingdom,/pricing,2,83.7,0,1,1,1,0,1,2026-03
S00576,2026-02-08,Direct,Mobile,United States,/products,1,28.6,1,1,0,0,0,0,2026-02
S00577,2026-01-19,Email,Tablet,United Kingdom,/contact,1,35.6,1,0,0,0,0,0,2026-01
S00578,2026-01-30,Paid Search,Desktop,India,/,2,375.3,0,0,0,0,0,1,2026-01
S00579,2026-02-04,Email,Desktop,India,/pricing,1,24.6,1,1,0,0,0,0,2026-02
S00580,2026-01-03,Direct,Desktop,India,/pricing,3,388.7,0,1,1,1,1,1,2026-01
S00581,2026-03-12,Direct,Desktop,United Kingdom,/,1,21.6,1,0,0,0,0,0,2026-03
S00582,2026-03-16,Direct,Mobile,India,/products,4,168.3,0,1,0,0,0,1,2026-03
S00583,2026-03-15,Organic Search,Mobile,India,/blog,1,35.0,1,0,0,0,0,0,2026-03
S00584,2026-03-16,Direct,Desktop,India,/,1,79.6,1,0,0,0,0,0,2026-03
S00585,2026-03-20,Email,Desktop,India,/features,4,158.4,0,1,0,0,0,1,2026-03
S00586,2026-02-03,Paid Search,Tablet,United States,/blog,1,9.0,1,0,0,0,0,0,2026-02
S00587,2026-03-12,Organic Search,Mobile,United States,/,1,40.8,1,0,0,0,0,0,2026-03
S00588,2026-03-22,Direct,Mobile,Australia,/products,8,196.2,0,1,0,0,0,1,2026-03
S00589,2026-02-15,Organic Search,Mobile,India,/,1,13.3,1,0,0,0,0,0,2026-02
S00590,2026-03-29,Organic Search,Desktop,United States,/features,1,7.2,1,1,1,1,0,0,2026-03
S00591,2026-03-26,Referral,Mobile,India,/pricing,2,73.0,0,1,0,0,0,1,2026-03
S00592,2026-02-04,Direct,Desktop,United Kingdom,/,1,22.4,1,0,0,0,0,0,2026-02
S00593,2026-01-01,Organic Search,Desktop,United States,/pricing,2,160.1,0,1,0,0,0,1,2026-01
S00594,2026-03-02,Paid Search,Mobile,India,/pricing,4,123.0,0,1,1,0,0,1,2026-03
S00595,2026-03-07,Organic Search,Mobile,United Kingdom,/blog,1,17.4,1,0,0,0,0,0,2026-03
S00596,2026-03-19,Organic Search,Desktop,India,/,4,196.8,0,0,0,0,0,1,2026-03
S00597,2026-02-07,Paid Search,Desktop,India,/,2,144.8,0,0,0,0,0,1,2026-02
S00598,2026-03-12,Paid Search,Mobile,India,/products,2,98.5,0,1,1,1,0,1,2026-03
S00599,2026-01-11,Referral,Mobile,India,/blog,2,103.2,0,0,0,0,0,1,2026-01
S00600,2026-01-22,Paid Search,Mobile,Canada,/blog,2,124.5,0,0,0,0,0,1,2026-01
S00601,2026-03-17,Direct,Mobile,United Kingdom,/products,2,106.9,0,1,0,0,0,1,2026-03
S00602,2026-02-20,Social,Mobile,United Kingdom,/products,6,177.8,0,1,1,0,0,1,2026-02
S00603,2026-01-13,Email,Desktop,Canada,/blog,1,16.1,1,0,0,0,0,0,2026-01
S00604,2026-02-08,Social,Desktop,United Kingdom,/,3,189.8,0,1,0,0,0,1,2026-02
S00605,2026-01-20,Referral,Mobile,India,/pricing,3,94.0,0,1,0,0,0,1,2026-01
S00606,2026-01-26,Social,Mobile,India,/products,6,282.3,0,1,0,0,0,1,2026-01
S00607,2026-01-23,Email,Mobile,India,/products,2,109.8,0,1,1,1,1,1,2026-01
S00608,2026-02-26,Organic Search,Desktop,Australia,/pricing,1,14.3,1,1,0,0,0,0,2026-02
S00609,2026-03-06,Social,Mobile,Australia,/products,1,15.3,1,1,0,0,0,0,2026-03
S00610,2026-01-01,Direct,Desktop,United Kingdom,/pricing,4,104.1,0,1,0,0,0,1,2026-01
S00611,2026-01-19,Direct,Mobile,India,/,4,245.4,0,1,1,1,1,1,2026-01
S00612,2026-01-15,Paid Search,Desktop,India,/products,4,335.0,0,1,0,0,0,1,2026-01
S00613,2026-01-12,Referral,Mobile,Canada,/pricing,1,3.0,1,1,0,0,0,0,2026-01
S00614,2026-01-10,Referral,Desktop,India,/,1,31.9,1,0,0,0,0,0,2026-01
S00615,2026-02-26,Organic Search,Desktop,United States,/blog,1,9.0,1,0,0,0,0,0,2026-02
S00616,2026-03-31,Social,Mobile,India,/blog,1,44.8,1,0,0,0,0,0,2026-03
S00617,2026-02-15,Social,Mobile,India,/contact,1,35.8,1,0,0,0,0,0,2026-02
S00618,2026-01-14,Direct,Desktop,United States,/products,2,147.4,0,1,1,1,0,1,2026-01
S00619,2026-03-18,Organic Search,Desktop,Australia,/products,3,276.1,0,1,0,0,0,1,2026-03
S00620,2026-03-16,Organic Search,Mobile,United Kingdom,/products,3,251.2,0,1,1,0,0,1,2026-03
S00621,2026-03-27,Social,Mobile,India,/features,1,27.3,1,1,0,0,0,0,2026-03
S00622,2026-03-19,Direct,Mobile,India,/products,5,164.6,0,1,0,0,0,1,2026-03
S00623,2026-01-27,Referral,Desktop,Australia,/products,5,136.0,0,1,0,0,0,1,2026-01
S00624,2026-02-15,Direct,Desktop,United States,/blog,3,137.0,0,1,0,0,0,1,2026-02
S00625,2026-03-20,Referral,Mobile,India,/,4,186.8,0,0,0,0,0,1,2026-03
S00626,2026-01-05,Direct,Desktop,United States,/pricing,1,14.2,1,1,1,1,0,0,2026-01
S00627,2026-02-09,Social,Desktop,India,/pricing,1,14.2,1,1,0,0,0,0,2026-02
S00628,2026-03-10,Organic Search,Desktop,India,/blog,4,193.6,0,0,0,0,0,1,2026-03
S00629,2026-03-04,Direct,Mobile,Canada,/blog,5,144.6,0,0,0,0,0,1,2026-03
S00630,2026-02-23,Social,Mobile,United States,/products,3,228.9,0,1,1,0,0,1,2026-02
S00631,2026-03-10,Referral,Mobile,India,/blog,1,6.7,1,0,0,0,0,0,2026-03
S00632,2026-02-27,Social,Mobile,India,/pricing,1,11.8,1,1,0,0,0,0,2026-02
S00633,2026-02-26,Organic Search,Mobile,Australia,/,1,9.9,1,0,0,0,0,0,2026-02
S00634,2026-02-20,Direct,Mobile,United States,/features,2,173.4,0,1,1,0,0,1,2026-02
S00635,2026-03-04,Organic Search,Mobile,United States,/blog,1,36.3,1,0,0,0,0,0,2026-03
S00636,2026-01-31,Organic Search,Desktop,India,/contact,5,169.9,0,0,0,0,0,1,2026-01
S00637,2026-01-24,Paid Search,Mobile,Australia,/blog,1,17.0,1,0,0,0,0,0,2026-01
S00638,2026-03-31,Paid Search,Desktop,Canada,/products,1,47.8,1,1,0,0,0,0,2026-03
S00639,2026-02-02,Social,Mobile,United States,/pricing,1,26.1,1,1,0,0,0,0,2026-02
S00640,2026-03-04,Email,Mobile,India,/products,3,224.6,0,1,0,0,0,1,2026-03
S00641,2026-02-05,Social,Mobile,United States,/,5,272.7,0,0,0,0,0,1,2026-02
S00642,2026-03-05,Social,Desktop,Canada,/products,3,331.6,0,1,1,1,1,1,2026-03
S00643,2026-01-25,Organic Search,Desktop,United Kingdom,/products,8,269.2,0,1,1,0,0,1,2026-01
S00644,2026-02-19,Organic Search,Mobile,Australia,/,3,215.8,0,1,0,0,0,1,2026-02
S00645,2026-02-09,Paid Search,Desktop,United States,/features,4,137.5,0,1,1,0,0,1,2026-02
S00646,2026-01-06,Email,Mobile,India,/,1,29.4,1,0,0,0,0,0,2026-01
S00647,2026-02-08,Organic Search,Desktop,India,/pricing,4,201.2,0,1,0,0,0,1,2026-02
S00648,2026-02-22,Direct,Mobile,United Kingdom,/features,4,151.7,0,1,1,1,0,1,2026-02
S00649,2026-02-05,Paid Search,Mobile,India,/blog,1,11.3,1,0,0,0,0,0,2026-02
S00650,2026-02-12,Organic Search,Mobile,India,/,1,5.3,1,0,0,0,0,0,2026-02
S00651,2026-02-15,Direct,Desktop,United Kingdom,/blog,1,56.8,1,0,0,0,0,0,2026-02
S00652,2026-02-07,Email,Mobile,India,/blog,7,336.2,0,1,0,0,0,1,2026-02
S00653,2026-02-04,Paid Search,Desktop,United Kingdom,/features,4,124.3,0,1,0,0,0,1,2026-02
S00654,2026-02-11,Organic Search,Mobile,India,/products,3,127.6,0,1,1,0,0,1,2026-02
S00655,2026-01-13,Email,Mobile,India,/,3,220.4,0,0,0,0,0,1,2026-01
S00656,2026-03-18,Direct,Mobile,India,/blog,4,235.4,0,0,0,0,0,1,2026-03
S00657,2026-02-20,Email,Desktop,United States,/products,4,164.7,0,1,0,0,0,1,2026-02
S00658,2026-03-19,Organic Search,Desktop,United Kingdom,/features,1,9.3,1,1,1,0,0,0,2026-03
S00659,2026-01-17,Paid Search,Mobile,India,/blog,1,14.1,1,0,0,0,0,0,2026-01
S00660,2026-03-19,Direct,Desktop,India,/features,5,261.8,0,1,1,0,0,1,2026-03
S00661,2026-03-30,Organic Search,Mobile,India,/contact,1,32.5,1,0,0,0,0,0,2026-03
S00662,2026-02-21,Email,Mobile,United States,/pricing,4,304.1,0,1,1,0,0,1,2026-02
S00663,2026-03-01,Organic Search,Mobile,Australia,/features,1,29.8,1,1,0,0,0,0,2026-03
S00664,2026-03-09,Organic Search,Mobile,United Kingdom,/blog,1,5.7,1,0,0,0,0,0,2026-03
S00665,2026-01-31,Direct,Mobile,India,/products,4,116.0,0,1,0,0,0,1,2026-01
S00666,2026-01-25,Paid Search,Desktop,United States,/features,3,117.2,0,1,0,0,0,1,2026-01
S00667,2026-02-06,Social,Mobile,India,/blog,5,154.3,0,0,0,0,0,1,2026-02
S00668,2026-01-14,Referral,Desktop,India,/contact,7,211.7,0,0,0,0,0,1,2026-01
S00669,2026-01-21,Organic Search,Desktop,India,/products,5,197.7,0,1,1,1,1,1,2026-01
S00670,2026-02-26,Direct,Desktop,India,/products,7,167.7,0,1,0,0,0,1,2026-02
S00671,2026-02-17,Organic Search,Desktop,India,/features,5,103.7,0,1,0,0,0,1,2026-02
S00672,2026-03-23,Paid Search,Desktop,United Kingdom,/,1,39.0,1,0,0,0,0,0,2026-03
S00673,2026-01-30,Referral,Mobile,India,/blog,2,142.8,0,0,0,0,0,1,2026-01
S00674,2026-03-02,Paid Search,Mobile,United Kingdom,/pricing,1,8.8,1,1,0,0,0,0,2026-03
S00675,2026-02-03,Paid Search,Mobile,Australia,/,3,122.3,0,0,0,0,0,1,2026-02
S00676,2026-03-25,Direct,Desktop,United States,/,8,395.4,0,0,0,0,0,1,2026-03
S00677,2026-03-12,Email,Mobile,India,/features,2,95.9,0,1,1,1,1,1,2026-03
S00678,2026-02-09,Direct,Mobile,United Kingdom,/,6,199.6,0,0,0,0,0,1,2026-02
S00679,2026-03-07,Organic Search,Desktop,India,/blog,4,176.8,0,0,0,0,0,1,2026-03
S00680,2026-02-07,Direct,Mobile,India,/blog,1,37.2,1,0,0,0,0,0,2026-02
S00681,2026-03-28,Organic Search,Desktop,India,/blog,7,236.2,0,1,0,0,0,1,2026-03
S00682,2026-03-21,Organic Search,Mobile,Canada,/products,6,161.7,0,1,1,0,0,1,2026-03
S00683,2026-01-29,Organic Search,Mobile,United Kingdom,/,4,273.2,0,1,0,0,0,1,2026-01
S00684,2026-02-21,Direct,Desktop,Canada,/features,2,203.0,0,1,0,0,0,1,2026-02
S00685,2026-01-11,Paid Search,Mobile,United States,/,1,54.6,1,0,0,0,0,0,2026-01
S00686,2026-01-22,Direct,Mobile,United States,/products,1,9.6,1,1,1,0,0,0,2026-01
S00687,2026-02-26,Direct,Mobile,Canada,/contact,4,112.6,0,1,0,0,0,1,2026-02
S00688,2026-01-04,Referral,Mobile,Canada,/products,1,13.5,1,1,1,1,1,0,2026-01
S00689,2026-01-24,Social,Desktop,India,/products,7,360.3,0,1,1,0,0,1,2026-01
S00690,2026-01-24,Direct,Desktop,Australia,/contact,7,185.9,0,0,0,0,0,1,2026-01
S00691,2026-03-16,Organic Search,Mobile,Canada,/,3,235.0,0,0,0,0,0,1,2026-03
S00692,2026-01-01,Email,Mobile,India,/,1,18.4,1,0,0,0,0,0,2026-01
S00693,2026-03-17,Organic Search,Mobile,India,/pricing,1,26.3,1,1,0,0,0,0,2026-03
S00694,2026-03-30,Direct,Desktop,India,/features,5,187.9,0,1,0,0,0,1,2026-03
S00695,2026-03-04,Email,Desktop,United Kingdom,/features,6,236.7,0,1,0,0,0,1,2026-03
S00696,2026-01-15,Direct,Mobile,India,/blog,3,95.2,0,0,0,0,0,1,2026-01
S00697,2026-01-22,Social,Mobile,India,/contact,1,20.6,1,0,0,0,0,0,2026-01
S00698,2026-01-15,Paid Search,Desktop,United States,/,1,13.4,1,0,0,0,0,0,2026-01
S00699,2026-03-16,Paid Search,Desktop,Canada,/blog,7,211.1,0,1,0,0,0,1,2026-03
S00700,2026-03-07,Organic Search,Mobile,Canada,/,3,93.1,0,0,0,0,0,1,2026-03
S00701,2026-01-10,Organic Search,Desktop,United Kingdom,/features,3,131.3,0,1,0,0,0,1,2026-01
S00702,2026-03-27,Direct,Mobile,India,/contact,2,118.0,0,0,0,0,0,1,2026-03
S00703,2026-01-04,Organic Search,Mobile,India,/products,4,397.4,0,1,1,0,0,1,2026-01
S00704,2026-01-16,Email,Desktop,United States,/features,2,179.0,0,1,0,0,0,1,2026-01
S00705,2026-03-29,Organic Search,Mobile,India,/blog,3,172.7,0,1,0,0,0,1,2026-03
S00706,2026-01-20,Paid Search,Mobile,United States,/,4,155.1,0,0,0,0,0,1,2026-01
S00707,2026-03-07,Social,Desktop,Australia,/blog,2,273.2,0,1,0,0,0,1,2026-03
S00708,2026-02-01,Social,Desktop,United States,/contact,1,4.2,1,0,0,0,0,0,2026-02
S00709,2026-02-07,Direct,Mobile,United States,/products,9,299.1,0,1,0,0,0,1,2026-02
S00710,2026-02-14,Direct,Desktop,United States,/,9,386.6,0,0,0,0,0,1,2026-02
S00711,2026-02-12,Referral,Desktop,Canada,/contact,3,227.1,0,0,0,0,0,1,2026-02
S00712,2026-01-07,Paid Search,Mobile,India,/products,1,3.0,1,1,1,0,0,0,2026-01
S00713,2026-01-14,Social,Tablet,India,/pricing,1,27.7,1,1,0,0,0,0,2026-01
S00714,2026-01-04,Email,Desktop,India,/blog,3,232.4,0,0,0,0,0,1,2026-01
S00715,2026-03-18,Social,Mobile,United States,/blog,6,256.3,0,0,0,0,0,1,2026-03
S00716,2026-01-01,Organic Search,Mobile,India,/products,1,11.4,1,1,1,1,0,0,2026-01
S00717,2026-03-15,Paid Search,Desktop,India,/,1,14.1,1,0,0,0,0,0,2026-03
S00718,2026-03-31,Organic Search,Tablet,United Kingdom,/features,2,246.7,0,1,1,1,0,1,2026-03
S00719,2026-01-28,Paid Search,Mobile,India,/pricing,3,139.8,0,1,1,0,0,1,2026-01
S00720,2026-02-28,Referral,Mobile,United States,/blog,1,27.4,1,0,0,0,0,0,2026-02
S00721,2026-02-28,Direct,Desktop,India,/features,1,7.9,1,1,1,0,0,0,2026-02
S00722,2026-03-23,Direct,Mobile,India,/,3,92.4,0,1,1,1,1,1,2026-03
S00723,2026-01-01,Organic Search,Mobile,India,/features,1,11.6,1,1,0,0,0,0,2026-01
S00724,2026-03-11,Referral,Desktop,India,/blog,1,36.6,1,0,0,0,0,0,2026-03
S00725,2026-03-20,Organic Search,Desktop,Australia,/contact,2,286.3,0,1,1,0,0,1,2026-03
S00726,2026-03-23,Organic Search,Desktop,Australia,/products,4,225.0,0,1,1,0,0,1,2026-03
S00727,2026-01-04,Organic Search,Desktop,United States,/products,6,214.9,0,1,0,0,0,1,2026-01
S00728,2026-02-05,Organic Search,Mobile,United States,/blog,1,29.1,1,0,0,0,0,0,2026-02
S00729,2026-03-13,Direct,Desktop,United Kingdom,/contact,2,91.5,0,0,0,0,0,1,2026-03
S00730,2026-03-14,Direct,Mobile,Canada,/contact,3,117.8,0,0,0,0,0,1,2026-03
S00731,2026-01-29,Organic Search,Mobile,India,/products,5,166.0,0,1,0,0,0,1,2026-01
S00732,2026-03-29,Organic Search,Desktop,India,/pricing,3,239.8,0,1,0,0,0,1,2026-03
S00733,2026-02-13,Organic Search,Desktop,United States,/,5,120.6,0,0,0,0,0,1,2026-02
S00734,2026-02-16,Direct,Desktop,Australia,/blog,4,394.5,0,0,0,0,0,1,2026-02
S00735,2026-02-23,Organic Search,Mobile,India,/features,1,38.6,1,1,1,1,1,0,2026-02
S00736,2026-03-14,Paid Search,Tablet,India,/features,6,146.3,0,1,0,0,0,1,2026-03
S00737,2026-01-29,Organic Search,Desktop,India,/products,3,291.1,0,1,0,0,0,1,2026-01
S00738,2026-03-28,Organic Search,Desktop,India,/contact,4,223.3,0,0,0,0,0,1,2026-03
S00739,2026-02-19,Direct,Desktop,United Kingdom,/,4,138.2,0,0,0,0,0,1,2026-02
S00740,2026-03-08,Direct,Mobile,India,/pricing,1,18.7,1,1,1,0,0,0,2026-03
S00741,2026-03-02,Organic Search,Desktop,Australia,/pricing,4,118.7,0,1,1,1,1,1,2026-03
S00742,2026-01-01,Organic Search,Desktop,United Kingdom,/pricing,4,179.6,0,1,0,0,0,1,2026-01
S00743,2026-03-16,Email,Desktop,India,/blog,1,24.3,1,0,0,0,0,0,2026-03
S00744,2026-03-13,Organic Search,Desktop,United Kingdom,/blog,1,46.6,1,0,0,0,0,0,2026-03
S00745,2026-03-21,Direct,Desktop,United Kingdom,/,1,18.9,1,0,0,0,0,0,2026-03
S00746,2026-01-10,Direct,Mobile,India,/,4,206.1,0,1,0,0,0,1,2026-01
S00747,2026-01-19,Direct,Mobile,India,/pricing,1,3.0,1,1,1,0,0,0,2026-01
S00748,2026-03-26,Direct,Tablet,Canada,/blog,1,18.6,1,0,0,0,0,0,2026-03
S00749,2026-03-16,Social,Tablet,India,/pricing,2,152.3,0,1,0,0,0,1,2026-03
S00750,2026-03-20,Email,Tablet,India,/products,8,218.7,0,1,1,0,0,1,2026-03
S00751,2026-02-10,Organic Search,Mobile,India,/,3,313.4,0,1,1,1,0,1,2026-02
S00752,2026-01-30,Direct,Mobile,India,/features,5,232.0,0,1,1,0,0,1,2026-01
S00753,2026-01-20,Organic Search,Desktop,United States,/pricing,1,20.9,1,1,1,1,0,0,2026-01
S00754,2026-02-27,Direct,Desktop,India,/pricing,3,158.4,0,1,1,0,0,1,2026-02
S00755,2026-01-24,Paid Search,Mobile,United States,/pricing,4,136.7,0,1,1,1,0,1,2026-01
S00756,2026-03-29,Organic Search,Desktop,India,/products,2,242.6,0,1,0,0,0,1,2026-03
S00757,2026-03-29,Direct,Mobile,Canada,/products,3,210.0,0,1,0,0,0,1,2026-03
S00758,2026-01-30,Referral,Mobile,India,/,3,324.1,0,0,0,0,0,1,2026-01
S00759,2026-01-06,Organic Search,Mobile,Australia,/blog,1,15.1,1,0,0,0,0,0,2026-01
S00760,2026-03-09,Direct,Mobile,Australia,/products,1,43.8,1,1,0,0,0,0,2026-03
S00761,2026-03-07,Paid Search,Mobile,India,/products,1,9.8,1,1,1,0,0,0,2026-03
S00762,2026-01-30,Organic Search,Desktop,United States,/contact,4,332.8,0,0,0,0,0,1,2026-01
S00763,2026-01-06,Organic Search,Desktop,India,/products,1,8.6,1,1,1,1,1,0,2026-01
S00764,2026-02-15,Organic Search,Desktop,Canada,/pricing,2,112.5,0,1,0,0,0,1,2026-02
S00765,2026-03-28,Email,Mobile,United States,/products,1,25.1,1,1,0,0,0,0,2026-03
S00766,2026-03-26,Organic Search,Mobile,India,/products,3,120.8,0,1,0,0,0,1,2026-03
S00767,2026-01-26,Organic Search,Mobile,India,/,5,211.1,0,0,0,0,0,1,2026-01
S00768,2026-02-11,Organic Search,Desktop,India,/features,1,16.1,1,1,0,0,0,0,2026-02
S00769,2026-02-03,Organic Search,Mobile,United Kingdom,/pricing,1,21.5,1,1,1,0,0,0,2026-02
S00770,2026-01-02,Paid Search,Desktop,United Kingdom,/blog,4,115.7,0,0,0,0,0,1,2026-01
S00771,2026-02-28,Organic Search,Desktop,India,/contact,1,21.1,1,0,0,0,0,0,2026-02
S00772,2026-02-15,Paid Search,Desktop,India,/,1,15.2,1,0,0,0,0,0,2026-02
S00773,2026-01-23,Paid Search,Mobile,India,/blog,3,99.4,0,0,0,0,0,1,2026-01
S00774,2026-01-29,Email,Mobile,United States,/,3,197.5,0,1,0,0,0,1,2026-01
S00775,2026-01-23,Organic Search,Mobile,India,/pricing,3,242.6,0,1,0,0,0,1,2026-01
S00776,2026-03-18,Email,Mobile,India,/features,4,99.0,0,1,0,0,0,1,2026-03
S00777,2026-02-13,Paid Search,Desktop,Canada,/,4,127.9,0,1,0,0,0,1,2026-02
S00778,2026-03-14,Organic Search,Mobile,India,/contact,3,257.6,0,0,0,0,0,1,2026-03
S00779,2026-01-20,Social,Desktop,United Kingdom,/pricing,1,12.2,1,1,1,0,0,0,2026-01
S00780,2026-03-11,Email,Mobile,India,/products,2,140.7,0,1,0,0,0,1,2026-03
S00781,2026-03-09,Organic Search,Tablet,India,/,3,175.9,0,0,0,0,0,1,2026-03
S00782,2026-03-04,Email,Tablet,United States,/pricing,3,207.9,0,1,1,0,0,1,2026-03
S00783,2026-03-08,Direct,Mobile,India,/pricing,3,238.8,0,1,1,1,0,1,2026-03
S00784,2026-03-30,Paid Search,Desktop,India,/products,2,154.0,0,1,0,0,0,1,2026-03
S00785,2026-03-12,Referral,Mobile,Australia,/pricing,6,283.9,0,1,0,0,0,1,2026-03
S00786,2026-01-26,Direct,Desktop,Canada,/,5,103.3,0,0,0,0,0,1,2026-01
S00787,2026-01-30,Social,Desktop,United Kingdom,/contact,1,30.0,1,0,0,0,0,0,2026-01
S00788,2026-01-08,Organic Search,Desktop,India,/products,1,12.2,1,1,0,0,0,0,2026-01
S00789,2026-03-04,Social,Desktop,India,/pricing,6,231.1,0,1,1,1,0,1,2026-03
S00790,2026-03-04,Paid Search,Mobile,India,/features,1,15.5,1,1,1,1,1,0,2026-03
S00791,2026-01-25,Organic Search,Desktop,Australia,/blog,7,172.5,0,0,0,0,0,1,2026-01
S00792,2026-02-27,Direct,Desktop,United Kingdom,/features,4,123.9,0,1,0,0,0,1,2026-02
S00793,2026-03-29,Organic Search,Mobile,United States,/contact,3,312.2,0,1,1,1,1,1,2026-03
S00794,2026-02-03,Organic Search,Mobile,Australia,/products,6,132.4,0,1,0,0,0,1,2026-02
S00795,2026-03-29,Organic Search,Desktop,India,/products,1,7.8,1,1,0,0,0,0,2026-03
S00796,2026-01-02,Direct,Desktop,United States,/blog,1,9.9,1,0,0,0,0,0,2026-01
S00797,2026-01-07,Organic Search,Mobile,India,/,5,161.1,0,0,0,0,0,1,2026-01
S00798,2026-02-03,Organic Search,Desktop,India,/blog,1,30.7,1,0,0,0,0,0,2026-02
S00799,2026-03-08,Social,Desktop,Australia,/,1,26.3,1,0,0,0,0,0,2026-03
S00800,2026-01-16,Paid Search,Mobile,Canada,/features,1,32.1,1,1,1,0,0,0,2026-01
S00801,2026-01-25,Social,Mobile,India,/blog,1,80.1,1,0,0,0,0,0,2026-01
S00802,2026-01-14,Organic Search,Desktop,India,/pricing,2,104.6,0,1,0,0,0,1,2026-01
S00803,2026-01-11,Email,Desktop,United States,/products,7,166.6,0,1,0,0,0,1,2026-01
S00804,2026-03-21,Paid Search,Mobile,India,/contact,3,199.3,0,1,1,0,0,1,2026-03
S00805,2026-01-18,Organic Search,Mobile,United States,/blog,1,7.0,1,0,0,0,0,0,2026-01
S00806,2026-02-15,Organic Search,Desktop,United States,/features,4,87.5,0,1,1,1,1,1,2026-02
S00807,2026-03-08,Paid Search,Desktop,India,/features,4,266.1,0,1,0,0,0,1,2026-03
S00808,2026-02-16,Organic Search,Desktop,India,/,3,152.0,0,1,1,1,1,1,2026-02
S00809,2026-02-02,Direct,Mobile,India,/,1,4.9,1,0,0,0,0,0,2026-02
S00810,2026-01-13,Referral,Desktop,Australia,/products,1,3.2,1,1,1,1,1,0,2026-01
S00811,2026-03-24,Organic Search,Mobile,India,/blog,8,214.5,0,0,0,0,0,1,2026-03
S00812,2026-03-26,Organic Search,Mobile,United States,/blog,6,184.2,0,1,1,0,0,1,2026-03
S00813,2026-02-10,Referral,Desktop,India,/products,1,28.0,1,1,1,1,0,0,2026-02
S00814,2026-02-03,Paid Search,Desktop,United States,/contact,1,11.0,1,0,0,0,0,0,2026-02
S00815,2026-02-26,Organic Search,Mobile,India,/,8,205.1,0,0,0,0,0,1,2026-02
S00816,2026-02-22,Email,Desktop,India,/features,2,257.7,0,1,1,1,1,1,2026-02
S00817,2026-01-04,Email,Mobile,United Kingdom,/pricing,2,91.6,0,1,1,0,0,1,2026-01
S00818,2026-01-08,Direct,Mobile,United Kingdom,/products,5,165.8,0,1,1,1,1,1,2026-01
S00819,2026-01-10,Paid Search,Mobile,India,/,2,52.1,0,1,0,0,0,1,2026-01
S00820,2026-02-18,Organic Search,Mobile,India,/blog,3,140.8,0,0,0,0,0,1,2026-02
S00821,2026-03-12,Organic Search,Desktop,Australia,/features,7,152.7,0,1,1,0,0,1,2026-03
S00822,2026-01-08,Paid Search,Desktop,India,/products,1,29.8,1,1,0,0,0,0,2026-01
S00823,2026-02-22,Organic Search,Desktop,India,/pricing,2,79.2,0,1,1,0,0,1,2026-02
S00824,2026-02-09,Paid Search,Mobile,India,/blog,5,189.0,0,0,0,0,0,1,2026-02
S00825,2026-01-16,Social,Mobile,India,/products,1,19.8,1,1,1,0,0,0,2026-01
S00826,2026-03-20,Organic Search,Mobile,United States,/blog,1,11.0,1,0,0,0,0,0,2026-03
S00827,2026-01-28,Paid Search,Desktop,United States,/pricing,4,152.7,0,1,1,0,0,1,2026-01
S00828,2026-01-05,Organic Search,Mobile,United States,/features,2,186.2,0,1,0,0,0,1,2026-01
S00829,2026-02-01,Email,Mobile,United States,/blog,1,13.4,1,0,0,0,0,0,2026-02
S00830,2026-02-05,Organic Search,Desktop,India,/,7,185.1,0,1,0,0,0,1,2026-02
S00831,2026-01-06,Paid Search,Desktop,United Kingdom,/features,1,19.4,1,1,1,1,1,0,2026-01
S00832,2026-01-23,Direct,Mobile,India,/products,1,22.9,1,1,1,0,0,0,2026-01
S00833,2026-01-17,Direct,Mobile,India,/contact,1,24.0,1,0,0,0,0,0,2026-01
S00834,2026-01-18,Paid Search,Desktop,United States,/blog,1,34.3,1,0,0,0,0,0,2026-01
S00835,2026-03-26,Social,Mobile,India,/,1,50.0,1,0,0,0,0,0,2026-03
S00836,2026-02-05,Paid Search,Mobile,India,/blog,3,147.1,0,0,0,0,0,1,2026-02
S00837,2026-02-14,Social,Desktop,India,/,6,193.1,0,0,0,0,0,1,2026-02
S00838,2026-03-24,Referral,Mobile,United States,/features,6,111.9,0,1,1,0,0,1,2026-03
S00839,2026-01-14,Direct,Mobile,India,/contact,5,215.1,0,0,0,0,0,1,2026-01
S00840,2026-02-11,Direct,Mobile,United Kingdom,/blog,5,167.0,0,1,0,0,0,1,2026-02
S00841,2026-01-20,Organic Search,Mobile,United Kingdom,/pricing,2,198.9,0,1,0,0,0,1,2026-01
S00842,2026-02-25,Social,Mobile,United States,/blog,1,8.8,1,0,0,0,0,0,2026-02
S00843,2026-01-01,Direct,Mobile,India,/products,1,7.1,1,1,0,0,0,0,2026-01
S00844,2026-03-17,Direct,Mobile,United Kingdom,/,6,134.3,0,0,0,0,0,1,2026-03
S00845,2026-02-24,Organic Search,Mobile,India,/contact,1,34.3,1,0,0,0,0,0,2026-02
S00846,2026-01-11,Email,Desktop,Australia,/products,2,164.0,0,1,1,1,0,1,2026-01
S00847,2026-01-05,Direct,Desktop,United States,/products,3,118.4,0,1,1,0,0,1,2026-01
S00848,2026-01-31,Paid Search,Mobile,India,/products,2,279.3,0,1,0,0,0,1,2026-01
S00849,2026-02-19,Organic Search,Mobile,United Kingdom,/contact,1,51.2,1,0,0,0,0,0,2026-02
S00850,2026-01-04,Referral,Desktop,India,/contact,1,12.0,1,0,0,0,0,0,2026-01
S00851,2026-03-13,Organic Search,Tablet,India,/products,2,206.7,0,1,1,0,0,1,2026-03
S00852,2026-01-09,Organic Search,Desktop,India,/products,7,214.0,0,1,1,1,1,1,2026-01
S00853,2026-01-10,Email,Mobile,United States,/features,3,194.4,0,1,1,1,0,1,2026-01
S00854,2026-01-25,Email,Mobile,United Kingdom,/products,3,172.1,0,1,1,0,0,1,2026-01
S00855,2026-02-18,Organic Search,Mobile,Canada,/contact,5,248.4,0,1,0,0,0,1,2026-02
S00856,2026-02-24,Direct,Desktop,India,/features,4,87.4,0,1,0,0,0,1,2026-02
S00857,2026-01-02,Social,Desktop,United States,/blog,1,3.0,1,0,0,0,0,0,2026-01
S00858,2026-02-09,Email,Mobile,United States,/,1,16.0,1,0,0,0,0,0,2026-02
S00859,2026-03-25,Direct,Mobile,United States,/blog,1,8.3,1,0,0,0,0,0,2026-03
S00860,2026-01-18,Direct,Mobile,India,/contact,1,15.5,1,0,0,0,0,0,2026-01
S00861,2026-03-28,Social,Desktop,India,/products,1,3.0,1,1,0,0,0,0,2026-03
S00862,2026-01-05,Social,Mobile,United Kingdom,/features,6,258.4,0,1,1,1,1,1,2026-01
S00863,2026-02-27,Social,Desktop,India,/products,1,14.4,1,1,0,0,0,0,2026-02
S00864,2026-02-13,Paid Search,Desktop,India,/contact,1,15.7,1,0,0,0,0,0,2026-02
S00865,2026-02-16,Organic Search,Desktop,United States,/blog,1,56.8,1,0,0,0,0,0,2026-02
S00866,2026-01-04,Email,Mobile,India,/,1,6.0,1,0,0,0,0,0,2026-01
S00867,2026-02-13,Email,Desktop,India,/pricing,1,28.8,1,1,1,1,0,0,2026-02
S00868,2026-01-17,Social,Desktop,India,/,1,10.8,1,0,0,0,0,0,2026-01
S00869,2026-01-22,Organic Search,Mobile,United States,/products,1,3.3,1,1,1,0,0,0,2026-01
S00870,2026-01-06,Organic Search,Mobile,Australia,/features,3,134.0,0,1,1,0,0,1,2026-01
S00871,2026-01-18,Social,Desktop,India,/products,1,47.6,1,1,0,0,0,0,2026-01
S00872,2026-02-21,Organic Search,Mobile,India,/contact,1,18.9,1,0,0,0,0,0,2026-02
S00873,2026-01-09,Referral,Mobile,United Kingdom,/,5,173.2,0,1,0,0,0,1,2026-01
S00874,2026-01-14,Direct,Mobile,India,/blog,1,11.8,1,0,0,0,0,0,2026-01
S00875,2026-01-08,Paid Search,Mobile,Australia,/contact,5,134.3,0,0,0,0,0,1,2026-01
S00876,2026-02-03,Email,Mobile,United States,/blog,2,168.9,0,0,0,0,0,1,2026-02
S00877,2026-02-15,Direct,Desktop,India,/features,6,199.8,0,1,0,0,0,1,2026-02
S00878,2026-01-20,Organic Search,Mobile,India,/contact,3,86.9,0,0,0,0,0,1,2026-01
S00879,2026-02-21,Paid Search,Desktop,India,/blog,3,77.5,0,0,0,0,0,1,2026-02
S00880,2026-03-22,Paid Search,Mobile,United Kingdom,/features,1,21.0,1,1,0,0,0,0,2026-03
S00881,2026-03-01,Direct,Mobile,India,/,4,229.8,0,0,0,0,0,1,2026-03
S00882,2026-02-27,Paid Search,Mobile,Canada,/products,1,16.4,1,1,0,0,0,0,2026-02
S00883,2026-01-23,Referral,Desktop,United Kingdom,/products,2,181.0,0,1,1,1,1,1,2026-01
S00884,2026-02-07,Direct,Tablet,Canada,/features,1,34.2,1,1,1,0,0,0,2026-02
S00885,2026-02-19,Organic Search,Mobile,Canada,/blog,6,114.1,0,0,0,0,0,1,2026-02
S00886,2026-03-15,Direct,Mobile,India,/blog,1,28.3,1,0,0,0,0,0,2026-03
S00887,2026-01-24,Direct,Mobile,United States,/contact,7,297.5,0,0,0,0,0,1,2026-01
S00888,2026-03-15,Organic Search,Mobile,Canada,/,1,17.1,1,0,0,0,0,0,2026-03
S00889,2026-01-12,Organic Search,Desktop,India,/contact,1,31.8,1,0,0,0,0,0,2026-01
S00890,2026-03-06,Paid Search,Mobile,India,/,2,80.8,0,1,1,1,1,1,2026-03
S00891,2026-03-15,Direct,Tablet,India,/products,5,119.6,0,1,0,0,0,1,2026-03
S00892,2026-02-15,Referral,Desktop,India,/blog,1,30.6,1,0,0,0,0,0,2026-02
S00893,2026-02-14,Organic Search,Mobile,Canada,/products,1,26.8,1,1,0,0,0,0,2026-02
S00894,2026-02-16,Organic Search,Desktop,India,/blog,3,157.1,0,1,1,0,0,1,2026-02
S00895,2026-02-17,Social,Mobile,United States,/features,1,30.3,1,1,0,0,0,0,2026-02
S00896,2026-03-14,Email,Desktop,Australia,/features,6,274.2,0,1,1,0,0,1,2026-03
S00897,2026-03-13,Organic Search,Mobile,India,/,3,188.2,0,1,0,0,0,1,2026-03
S00898,2026-01-14,Organic Search,Desktop,United Kingdom,/products,2,104.3,0,1,0,0,0,1,2026-01
S00899,2026-01-07,Organic Search,Mobile,India,/,2,186.3,0,1,1,1,0,1,2026-01
S00900,2026-02-20,Direct,Mobile,India,/pricing,1,30.1,1,1,1,1,1,0,2026-02
S00901,2026-02-05,Direct,Desktop,India,/,4,165.7,0,0,0,0,0,1,2026-02
S00902,2026-03-25,Organic Search,Mobile,India,/products,2,216.7,0,1,1,0,0,1,2026-03
S00903,2026-01-20,Organic Search,Mobile,India,/features,1,6.0,1,1,0,0,0,0,2026-01
S00904,2026-03-16,Direct,Desktop,India,/contact,4,280.5,0,0,0,0,0,1,2026-03
S00905,2026-03-13,Referral,Mobile,India,/features,1,13.6,1,1,0,0,0,0,2026-03
S00906,2026-02-09,Paid Search,Desktop,India,/,1,32.4,1,0,0,0,0,0,2026-02
S00907,2026-03-17,Direct,Desktop,United States,/pricing,3,130.1,0,1,1,1,1,1,2026-03
S00908,2026-03-11,Organic Search,Desktop,India,/,7,141.4,0,0,0,0,0,1,2026-03
S00909,2026-01-11,Organic Search,Mobile,United Kingdom,/products,1,15.2,1,1,1,0,0,0,2026-01
S00910,2026-01-14,Organic Search,Mobile,Australia,/products,3,254.0,0,1,1,0,0,1,2026-01
S00911,2026-02-01,Social,Tablet,United States,/contact,1,12.3,1,0,0,0,0,0,2026-02
S00912,2026-03-23,Email,Mobile,United States,/blog,3,236.1,0,0,0,0,0,1,2026-03
S00913,2026-02-11,Email,Mobile,United States,/products,3,131.6,0,1,0,0,0,1,2026-02
S00914,2026-02-16,Referral,Mobile,United States,/blog,3,110.2,0,0,0,0,0,1,2026-02
S00915,2026-02-22,Referral,Mobile,Australia,/contact,1,8.4,1,0,0,0,0,0,2026-02
S00916,2026-03-13,Referral,Desktop,Australia,/,1,24.2,1,0,0,0,0,0,2026-03
S00917,2026-03-06,Organic Search,Desktop,India,/features,6,222.4,0,1,1,0,0,1,2026-03
S00918,2026-02-17,Organic Search,Desktop,United States,/products,1,35.2,1,1,1,1,0,0,2026-02
S00919,2026-02-08,Organic Search,Desktop,United Kingdom,/,1,7.3,1,0,0,0,0,0,2026-02
S00920,2026-02-25,Direct,Mobile,India,/features,1,28.3,1,1,0,0,0,0,2026-02
S00921,2026-02-01,Organic Search,Mobile,United States,/,2,82.4,0,1,0,0,0,1,2026-02
S00922,2026-02-05,Email,Mobile,United States,/blog,1,17.3,1,0,0,0,0,0,2026-02
S00923,2026-02-22,Paid Search,Desktop,United States,/,4,138.9,0,0,0,0,0,1,2026-02
S00924,2026-01-15,Direct,Mobile,India,/blog,1,33.9,1,0,0,0,0,0,2026-01
S00925,2026-02-11,Organic Search,Mobile,India,/blog,6,323.7,0,0,0,0,0,1,2026-02
S00926,2026-02-16,Organic Search,Mobile,India,/features,3,210.1,0,1,0,0,0,1,2026-02
S00927,2026-03-29,Organic Search,Desktop,United States,/features,1,10.4,1,1,1,1,0,0,2026-03
S00928,2026-03-30,Email,Desktop,Australia,/blog,4,191.5,0,0,0,0,0,1,2026-03
S00929,2026-01-12,Paid Search,Desktop,Canada,/products,1,10.7,1,1,0,0,0,0,2026-01
S00930,2026-01-03,Social,Mobile,India,/,1,36.8,1,0,0,0,0,0,2026-01
S00931,2026-03-15,Organic Search,Tablet,India,/blog,4,214.8,0,0,0,0,0,1,2026-03
S00932,2026-02-01,Direct,Mobile,United Kingdom,/pricing,3,278.1,0,1,0,0,0,1,2026-02
S00933,2026-01-22,Direct,Mobile,United Kingdom,/,4,172.6,0,0,0,0,0,1,2026-01
S00934,2026-01-09,Social,Mobile,India,/contact,4,146.2,0,0,0,0,0,1,2026-01
S00935,2026-01-01,Social,Mobile,India,/products,1,17.4,1,1,0,0,0,0,2026-01
S00936,2026-03-03,Organic Search,Mobile,India,/,3,176.8,0,0,0,0,0,1,2026-03
S00937,2026-02-02,Referral,Mobile,United Kingdom,/features,1,22.0,1,1,1,0,0,0,2026-02
S00938,2026-01-30,Organic Search,Mobile,United States,/pricing,3,113.9,0,1,0,0,0,1,2026-01
S00939,2026-02-18,Email,Desktop,India,/blog,10,220.8,0,1,1,1,0,1,2026-02
S00940,2026-03-30,Organic Search,Desktop,Australia,/,1,13.3,1,0,0,0,0,0,2026-03
S00941,2026-01-08,Organic Search,Desktop,United States,/products,4,141.1,0,1,0,0,0,1,2026-01
S00942,2026-01-16,Email,Desktop,Australia,/blog,2,54.8,0,0,0,0,0,1,2026-01
S00943,2026-01-18,Organic Search,Mobile,India,/products,2,264.7,0,1,1,1,0,1,2026-01
S00944,2026-02-11,Direct,Desktop,India,/blog,2,257.5,0,1,0,0,0,1,2026-02
S00945,2026-03-09,Direct,Mobile,Australia,/products,4,106.7,0,1,1,0,0,1,2026-03
S00946,2026-03-30,Organic Search,Mobile,Australia,/products,5,187.9,0,1,0,0,0,1,2026-03
S00947,2026-03-02,Paid Search,Mobile,Australia,/,1,124.1,1,0,0,0,0,0,2026-03
S00948,2026-01-18,Email,Desktop,United Kingdom,/products,4,232.7,0,1,1,1,0,1,2026-01
S00949,2026-03-07,Email,Mobile,India,/products,1,27.8,1,1,1,0,0,0,2026-03
S00950,2026-01-11,Direct,Desktop,India,/blog,1,35.0,1,0,0,0,0,0,2026-01
S00951,2026-02-27,Direct,Mobile,India,/pricing,3,152.9,0,1,1,0,0,1,2026-02
S00952,2026-03-01,Organic Search,Mobile,Australia,/,3,242.4,0,1,1,1,1,1,2026-03
S00953,2026-01-22,Organic Search,Mobile,India,/pricing,4,94.3,0,1,1,0,0,1,2026-01
S00954,2026-01-07,Organic Search,Mobile,United Kingdom,/products,1,76.9,1,1,1,0,0,0,2026-01
S00955,2026-01-22,Referral,Mobile,Australia,/products,1,46.2,1,1,0,0,0,0,2026-01
S00956,2026-02-06,Email,Desktop,Australia,/features,3,102.3,0,1,1,1,1,1,2026-02
S00957,2026-02-11,Social,Mobile,Australia,/blog,1,18.0,1,0,0,0,0,0,2026-02
S00958,2026-01-26,Direct,Mobile,United States,/blog,7,359.2,0,1,0,0,0,1,2026-01
S00959,2026-03-21,Direct,Desktop,India,/products,2,222.7,0,1,1,0,0,1,2026-03
S00960,2026-02-13,Direct,Mobile,Australia,/,2,56.5,0,0,0,0,0,1,2026-02
S00961,2026-02-01,Direct,Mobile,India,/blog,6,219.6,0,0,0,0,0,1,2026-02
S00962,2026-01-09,Direct,Mobile,India,/pricing,4,86.7,0,1,0,0,0,1,2026-01
S00963,2026-02-22,Organic Search,Mobile,Australia,/blog,2,189.9,0,1,0,0,0,1,2026-02
S00964,2026-03-21,Organic Search,Mobile,United States,/contact,1,22.6,1,0,0,0,0,0,2026-03
S00965,2026-03-02,Referral,Desktop,United States,/products,5,236.3,0,1,1,0,0,1,2026-03
S00966,2026-01-08,Direct,Mobile,India,/features,3,174.2,0,1,0,0,0,1,2026-01
S00967,2026-01-05,Referral,Desktop,India,/pricing,7,201.9,0,1,1,0,0,1,2026-01
S00968,2026-03-24,Organic Search,Mobile,Australia,/products,3,169.2,0,1,0,0,0,1,2026-03
S00969,2026-01-18,Direct,Desktop,United States,/,1,17.0,1,0,0,0,0,0,2026-01
S00970,2026-03-13,Organic Search,Desktop,India,/blog,1,17.2,1,0,0,0,0,0,2026-03
S00971,2026-01-03,Organic Search,Mobile,United States,/products,4,148.1,0,1,0,0,0,1,2026-01
S00972,2026-03-17,Organic Search,Mobile,Canada,/blog,1,19.6,1,0,0,0,0,0,2026-03
S00973,2026-01-06,Organic Search,Mobile,Australia,/blog,6,142.5,0,1,1,0,0,1,2026-01
S00974,2026-03-06,Email,Tablet,India,/pricing,6,270.0,0,1,1,1,1,1,2026-03
S00975,2026-03-18,Direct,Tablet,United States,/pricing,3,79.0,0,1,0,0,0,1,2026-03
S00976,2026-03-29,Paid Search,Mobile,India,/blog,4,177.9,0,1,0,0,0,1,2026-03
S00977,2026-01-20,Direct,Desktop,India,/pricing,1,20.6,1,1,1,0,0,0,2026-01
S00978,2026-03-14,Direct,Mobile,India,/features,4,112.1,0,1,1,0,0,1,2026-03
S00979,2026-01-12,Direct,Mobile,United States,/,2,229.9,0,0,0,0,0,1,2026-01
S00980,2026-02-07,Organic Search,Desktop,United States,/contact,5,294.6,0,1,0,0,0,1,2026-02
S00981,2026-02-14,Referral,Mobile,India,/,3,81.9,0,1,1,0,0,1,2026-02
S00982,2026-03-16,Social,Mobile,India,/products,6,209.9,0,1,0,0,0,1,2026-03
S00983,2026-01-20,Social,Desktop,India,/blog,6,182.4,0,0,0,0,0,1,2026-01
S00984,2026-03-26,Direct,Mobile,India,/,3,162.0,0,1,1,0,0,1,2026-03
S00985,2026-02-02,Organic Search,Desktop,United States,/products,5,482.9,0,1,0,0,0,1,2026-02
S00986,2026-03-19,Referral,Mobile,India,/,5,160.0,0,0,0,0,0,1,2026-03
S00987,2026-03-18,Direct,Mobile,India,/blog,5,139.4,0,1,0,0,0,1,2026-03
S00988,2026-02-26,Organic Search,Mobile,Australia,/pricing,1,6.6,1,1,1,0,0,0,2026-02
S00989,2026-02-07,Direct,Tablet,India,/,3,179.9,0,0,0,0,0,1,2026-02
S00990,2026-03-24,Social,Mobile,Canada,/pricing,1,11.8,1,1,0,0,0,0,2026-03
S00991,2026-03-30,Paid Search,Mobile,United States,/products,1,14.1,1,1,0,0,0,0,2026-03
S00992,2026-02-20,Social,Desktop,United States,/contact,4,121.4,0,0,0,0,0,1,2026-02
S00993,2026-01-19,Social,Tablet,United States,/,1,12.1,1,0,0,0,0,0,2026-01
S00994,2026-01-20,Organic Search,Desktop,India,/blog,3,289.1,0,1,0,0,0,1,2026-01
S00995,2026-02-15,Referral,Mobile,Canada,/pricing,1,18.3,1,1,0,0,0,0,2026-02
S00996,2026-01-16,Direct,Mobile,Canada,/pricing,2,172.0,0,1,1,0,0,1,2026-01
S00997,2026-02-04,Paid Search,Desktop,India,/contact,2,93.3,0,1,0,0,0,1,2026-02
S00998,2026-03-04,Organic Search,Desktop,United Kingdom,/products,4,112.7,0,1,0,0,0,1,2026-03
S00999,2026-03-24,Referral,Desktop,United States,/blog,3,142.0,0,1,1,1,0,1,2026-03
S01000,2026-02-01,Organic Search,Desktop,Australia,/pricing,1,14.3,1,1,0,0,0,0,2026-02
S01001,2026-03-11,Organic Search,Mobile,United Kingdom,/blog,1,16.0,1,0,0,0,0,0,2026-03
S01002,2026-01-09,Direct,Mobile,India,/products,3,76.2,0,1,0,0,0,1,2026-01
S01003,2026-01-21,Organic Search,Mobile,Canada,/products,5,259.4,0,1,0,0,0,1,2026-01
S01004,2026-01-07,Organic Search,Mobile,Australia,/,5,137.3,0,1,1,1,0,1,2026-01
S01005,2026-02-05,Paid Search,Mobile,United Kingdom,/,4,272.8,0,1,0,0,0,1,2026-02
S01006,2026-01-12,Direct,Mobile,India,/contact,1,21.3,1,0,0,0,0,0,2026-01
S01007,2026-03-19,Referral,Desktop,United Kingdom,/features,1,17.7,1,1,0,0,0,0,2026-03
S01008,2026-03-11,Organic Search,Desktop,United States,/products,5,132.1,0,1,1,1,1,1,2026-03
S01009,2026-03-17,Social,Desktop,India,/pricing,3,228.4,0,1,1,1,0,1,2026-03
S01010,2026-01-05,Direct,Desktop,Canada,/blog,3,315.8,0,0,0,0,0,1,2026-01
S01011,2026-01-09,Paid Search,Desktop,United States,/products,2,128.1,0,1,1,1,1,1,2026-01
S01012,2026-03-11,Paid Search,Desktop,Canada,/pricing,5,149.4,0,1,1,1,1,1,2026-03
S01013,2026-03-19,Direct,Mobile,United States,/blog,6,179.5,0,0,0,0,0,1,2026-03
S01014,2026-01-01,Referral,Desktop,India,/products,3,148.5,0,1,0,0,0,1,2026-01
S01015,2026-02-24,Direct,Mobile,Australia,/pricing,3,190.8,0,1,1,0,0,1,2026-02
S01016,2026-01-07,Organic Search,Mobile,United States,/products,1,17.0,1,1,0,0,0,0,2026-01
S01017,2026-01-08,Paid Search,Mobile,India,/,1,44.5,1,0,0,0,0,0,2026-01
S01018,2026-03-20,Email,Desktop,India,/blog,2,145.2,0,1,0,0,0,1,2026-03
S01019,2026-02-21,Organic Search,Desktop,India,/blog,1,11.4,1,0,0,0,0,0,2026-02
S01020,2026-03-16,Direct,Desktop,United States,/contact,1,53.4,1,0,0,0,0,0,2026-03
S01021,2026-03-30,Email,Tablet,India,/products,2,237.0,0,1,1,0,0,1,2026-03
S01022,2026-02-22,Social,Desktop,Australia,/blog,2,98.1,0,1,0,0,0,1,2026-02
S01023,2026-01-01,Referral,Mobile,Australia,/contact,1,14.8,1,0,0,0,0,0,2026-01
S01024,2026-01-21,Direct,Desktop,United Kingdom,/blog,2,172.5,0,0,0,0,0,1,2026-01
S01025,2026-03-15,Paid Search,Desktop,India,/contact,5,249.8,0,0,0,0,0,1,2026-03
S01026,2026-01-05,Organic Search,Desktop,United States,/contact,2,154.5,0,0,0,0,0,1,2026-01
S01027,2026-02-27,Referral,Mobile,India,/features,5,149.9,0,1,0,0,0,1,2026-02
S01028,2026-02-04,Direct,Mobile,Canada,/contact,3,166.8,0,0,0,0,0,1,2026-02
S01029,2026-03-09,Social,Desktop,India,/blog,2,125.2,0,1,0,0,0,1,2026-03
S01030,2026-03-12,Direct,Mobile,Australia,/pricing,5,113.7,0,1,0,0,0,1,2026-03
S01031,2026-02-05,Paid Search,Mobile,India,/features,5,114.5,0,1,1,0,0,1,2026-02
S01032,2026-02-18,Paid Search,Mobile,India,/features,5,160.3,0,1,1,1,1,1,2026-02
S01033,2026-02-10,Direct,Mobile,Australia,/,1,38.8,1,0,0,0,0,0,2026-02
S01034,2026-03-15,Email,Mobile,United States,/products,6,175.2,0,1,0,0,0,1,2026-03
S01035,2026-03-17,Direct,Tablet,Canada,/products,2,117.0,0,1,1,0,0,1,2026-03
S01036,2026-03-02,Paid Search,Desktop,Australia,/features,1,3.0,1,1,1,0,0,0,2026-03
S01037,2026-01-12,Direct,Desktop,India,/products,3,129.5,0,1,0,0,0,1,2026-01
S01038,2026-03-22,Direct,Mobile,India,/products,6,460.5,0,1,0,0,0,1,2026-03
S01039,2026-03-03,Direct,Mobile,United States,/pricing,1,10.8,1,1,1,0,0,0,2026-03
S01040,2026-03-10,Organic Search,Mobile,Canada,/,1,5.7,1,0,0,0,0,0,2026-03
S01041,2026-01-18,Organic Search,Mobile,Australia,/contact,3,159.4,0,0,0,0,0,1,2026-01
S01042,2026-01-16,Paid Search,Mobile,India,/pricing,1,25.5,1,1,0,0,0,0,2026-01
S01043,2026-03-10,Paid Search,Desktop,United Kingdom,/products,4,140.5,0,1,1,1,1,1,2026-03
S01044,2026-01-20,Paid Search,Tablet,India,/products,1,7.3,1,1,1,0,0,0,2026-01
S01045,2026-03-15,Organic Search,Mobile,United States,/features,3,149.6,0,1,1,0,0,1,2026-03
S01046,2026-01-27,Direct,Mobile,United Kingdom,/blog,4,79.6,0,1,0,0,0,1,2026-01
S01047,2026-03-29,Organic Search,Mobile,Canada,/pricing,4,171.0,0,1,1,0,0,1,2026-03
S01048,2026-01-24,Social,Mobile,India,/products,1,14.5,1,1,0,0,0,0,2026-01
S01049,2026-02-11,Email,Mobile,India,/features,1,35.5,1,1,1,0,0,0,2026-02
S01050,2026-01-13,Organic Search,Mobile,India,/features,1,8.6,1,1,1,1,1,0,2026-01
S01051,2026-02-03,Paid Search,Mobile,India,/blog,4,74.9,0,1,1,0,0,1,2026-02
S01052,2026-03-13,Organic Search,Mobile,India,/pricing,1,14.0,1,1,1,1,1,0,2026-03
S01053,2026-03-22,Organic Search,Desktop,Canada,/contact,4,131.4,0,0,0,0,0,1,2026-03
S01054,2026-01-27,Organic Search,Mobile,India,/blog,1,6.8,1,0,0,0,0,0,2026-01
S01055,2026-03-01,Organic Search,Mobile,India,/products,1,12.6,1,1,1,1,1,0,2026-03
S01056,2026-02-15,Paid Search,Mobile,United Kingdom,/contact,1,4.5,1,0,0,0,0,0,2026-02
S01057,2026-01-13,Email,Mobile,India,/features,3,165.4,0,1,1,1,1,1,2026-01
S01058,2026-03-27,Organic Search,Mobile,India,/blog,1,41.9,1,0,0,0,0,0,2026-03
S01059,2026-01-13,Direct,Desktop,Australia,/blog,4,171.5,0,1,0,0,0,1,2026-01
S01060,2026-01-27,Paid Search,Desktop,India,/products,1,16.9,1,1,1,0,0,0,2026-01
S01061,2026-01-15,Referral,Desktop,India,/pricing,6,204.5,0,1,1,1,0,1,2026-01
S01062,2026-02-24,Paid Search,Mobile,United States,/products,1,55.1,1,1,1,0,0,0,2026-02
S01063,2026-03-27,Organic Search,Mobile,India,/blog,1,37.2,1,0,0,0,0,0,2026-03
S01064,2026-02-15,Paid Search,Mobile,India,/products,2,134.5,0,1,0,0,0,1,2026-02
S01065,2026-01-29,Direct,Mobile,India,/products,5,123.7,0,1,1,0,0,1,2026-01
S01066,2026-03-22,Referral,Desktop,India,/contact,2,164.0,0,1,0,0,0,1,2026-03
S01067,2026-03-25,Direct,Mobile,Canada,/,1,28.9,1,0,0,0,0,0,2026-03
S01068,2026-03-27,Paid Search,Mobile,India,/features,1,11.6,1,1,1,0,0,0,2026-03
S01069,2026-02-18,Organic Search,Mobile,India,/products,1,34.1,1,1,1,0,0,0,2026-02
S01070,2026-03-30,Direct,Mobile,India,/,3,145.6,0,0,0,0,0,1,2026-03
S01071,2026-01-08,Email,Desktop,Australia,/,2,263.2,0,0,0,0,0,1,2026-01
S01072,2026-01-22,Paid Search,Mobile,India,/products,1,14.1,1,1,1,0,0,0,2026-01
S01073,2026-03-25,Direct,Mobile,Canada,/pricing,4,126.0,0,1,0,0,0,1,2026-03
S01074,2026-03-25,Referral,Mobile,India,/products,6,153.0,0,1,0,0,0,1,2026-03
S01075,2026-03-28,Email,Desktop,Australia,/blog,1,27.2,1,0,0,0,0,0,2026-03
S01076,2026-03-18,Direct,Mobile,India,/pricing,1,7.8,1,1,0,0,0,0,2026-03
S01077,2026-01-26,Direct,Desktop,India,/,4,207.2,0,1,1,0,0,1,2026-01
S01078,2026-02-15,Direct,Mobile,United States,/products,1,21.5,1,1,0,0,0,0,2026-02
S01079,2026-01-04,Paid Search,Mobile,India,/,5,172.9,0,0,0,0,0,1,2026-01
S01080,2026-02-23,Direct,Desktop,United Kingdom,/,3,289.1,0,1,1,1,1,1,2026-02
S01081,2026-03-01,Organic Search,Mobile,United States,/products,1,27.0,1,1,0,0,0,0,2026-03
S01082,2026-01-01,Email,Mobile,United States,/blog,6,157.9,0,0,0,0,0,1,2026-01
S01083,2026-03-09,Referral,Mobile,India,/blog,1,27.5,1,0,0,0,0,0,2026-03
S01084,2026-03-20,Email,Mobile,United States,/features,5,127.6,0,1,0,0,0,1,2026-03
S01085,2026-02-06,Referral,Mobile,India,/blog,2,152.9,0,1,0,0,0,1,2026-02
S01086,2026-01-22,Social,Desktop,Australia,/pricing,1,27.1,1,1,1,0,0,0,2026-01
S01087,2026-02-01,Social,Mobile,United Kingdom,/products,1,12.8,1,1,0,0,0,0,2026-02
S01088,2026-02-15,Social,Mobile,United States,/,1,16.6,1,0,0,0,0,0,2026-02
S01089,2026-01-03,Direct,Mobile,Canada,/blog,2,164.0,0,1,1,1,0,1,2026-01
S01090,2026-03-02,Direct,Desktop,United States,/products,6,322.2,0,1,0,0,0,1,2026-03
S01091,2026-02-25,Organic Search,Mobile,United States,/products,3,114.0,0,1,0,0,0,1,2026-02
S01092,2026-03-14,Paid Search,Mobile,India,/contact,2,312.9,0,1,0,0,0,1,2026-03
S01093,2026-03-17,Organic Search,Desktop,United States,/,7,298.2,0,0,0,0,0,1,2026-03
S01094,2026-03-13,Organic Search,Desktop,India,/,7,238.1,0,1,0,0,0,1,2026-03
S01095,2026-02-27,Paid Search,Tablet,India,/contact,4,103.0,0,1,1,0,0,1,2026-02
S01096,2026-02-27,Direct,Mobile,United Kingdom,/products,1,55.8,1,1,1,0,0,0,2026-02
S01097,2026-01-28,Organic Search,Mobile,India,/products,4,108.9,0,1,0,0,0,1,2026-01
S01098,2026-01-28,Social,Mobile,United States,/,1,35.8,1,0,0,0,0,0,2026-01
S01099,2026-03-08,Email,Desktop,India,/products,5,156.1,0,1,1,1,1,1,2026-03
S01100,2026-03-17,Organic Search,Mobile,India,/contact,3,262.0,0,1,1,0,0,1,2026-03
S01101,2026-02-23,Organic Search,Mobile,Canada,/blog,1,30.3,1,0,0,0,0,0,2026-02
S01102,2026-01-27,Direct,Mobile,India,/pricing,5,238.0,0,1,0,0,0,1,2026-01
S01103,2026-02-08,Social,Desktop,United States,/products,1,30.1,1,1,0,0,0,0,2026-02
S01104,2026-03-17,Social,Desktop,United States,/products,1,66.7,1,1,1,0,0,0,2026-03
S01105,2026-03-05,Organic Search,Mobile,Canada,/blog,2,252.6,0,1,0,0,0,1,2026-03
S01106,2026-01-25,Social,Tablet,India,/products,1,59.5,1,1,0,0,0,0,2026-01
S01107,2026-02-09,Organic Search,Tablet,United Kingdom,/,8,197.4,0,0,0,0,0,1,2026-02
S01108,2026-02-06,Direct,Mobile,India,/blog,1,16.8,1,0,0,0,0,0,2026-02
S01109,2026-01-01,Referral,Mobile,India,/features,3,123.8,0,1,0,0,0,1,2026-01
S01110,2026-02-04,Organic Search,Desktop,India,/features,1,16.4,1,1,1,1,1,0,2026-02
S01111,2026-02-22,Organic Search,Mobile,India,/features,1,22.7,1,1,1,0,0,0,2026-02
S01112,2026-03-04,Direct,Mobile,India,/pricing,4,166.5,0,1,0,0,0,1,2026-03
S01113,2026-03-06,Paid Search,Mobile,India,/features,1,36.6,1,1,0,0,0,0,2026-03
S01114,2026-02-28,Referral,Tablet,India,/contact,4,258.4,0,1,1,1,1,1,2026-02
S01115,2026-03-13,Referral,Mobile,United States,/,2,123.2,0,0,0,0,0,1,2026-03
S01116,2026-01-22,Organic Search,Desktop,India,/products,1,49.5,1,1,0,0,0,0,2026-01
S01117,2026-01-02,Organic Search,Mobile,India,/products,5,199.9,0,1,0,0,0,1,2026-01
S01118,2026-01-28,Social,Mobile,India,/contact,1,18.7,1,0,0,0,0,0,2026-01
S01119,2026-02-23,Organic Search,Desktop,India,/contact,1,15.9,1,0,0,0,0,0,2026-02
S01120,2026-03-08,Email,Mobile,United States,/features,2,100.3,0,1,1,0,0,1,2026-03
S01121,2026-01-26,Paid Search,Mobile,Australia,/products,1,61.1,1,1,1,0,0,0,2026-01
S01122,2026-01-07,Organic Search,Mobile,United States,/contact,1,15.1,1,0,0,0,0,0,2026-01
S01123,2026-01-07,Social,Desktop,United States,/,1,12.4,1,0,0,0,0,0,2026-01
S01124,2026-03-23,Organic Search,Mobile,India,/products,4,227.9,0,1,1,0,0,1,2026-03
S01125,2026-02-16,Direct,Mobile,Australia,/blog,3,114.3,0,0,0,0,0,1,2026-02
S01126,2026-03-21,Direct,Mobile,India,/features,2,113.4,0,1,0,0,0,1,2026-03
S01127,2026-01-19,Direct,Mobile,India,/features,4,191.5,0,1,1,0,0,1,2026-01
S01128,2026-01-02,Paid Search,Mobile,India,/products,9,260.5,0,1,0,0,0,1,2026-01
S01129,2026-02-28,Paid Search,Mobile,India,/products,1,27.1,1,1,1,1,1,0,2026-02
S01130,2026-03-11,Referral,Mobile,United Kingdom,/pricing,1,36.5,1,1,1,1,1,0,2026-03
S01131,2026-02-12,Referral,Mobile,India,/,6,154.9,0,0,0,0,0,1,2026-02
S01132,2026-01-01,Direct,Desktop,India,/features,5,292.8,0,1,0,0,0,1,2026-01
S01133,2026-03-06,Organic Search,Desktop,India,/products,3,126.4,0,1,1,0,0,1,2026-03
S01134,2026-01-28,Social,Mobile,Australia,/products,1,53.0,1,1,1,0,0,0,2026-01
S01135,2026-01-15,Referral,Mobile,United Kingdom,/products,4,94.1,0,1,0,0,0,1,2026-01
S01136,2026-01-24,Organic Search,Mobile,Australia,/blog,4,219.1,0,1,0,0,0,1,2026-01
S01137,2026-01-01,Direct,Tablet,Canada,/features,1,19.4,1,1,0,0,0,0,2026-01
S01138,2026-03-12,Direct,Mobile,Australia,/products,3,106.9,0,1,0,0,0,1,2026-03
S01139,2026-02-11,Organic Search,Mobile,India,/,1,3.7,1,0,0,0,0,0,2026-02
S01140,2026-01-13,Paid Search,Mobile,India,/contact,5,225.2,0,0,0,0,0,1,2026-01
S01141,2026-03-18,Direct,Mobile,India,/pricing,2,82.6,0,1,1,0,0,1,2026-03
S01142,2026-01-27,Social,Mobile,India,/products,3,224.4,0,1,1,1,0,1,2026-01
S01143,2026-02-13,Social,Mobile,United States,/products,2,125.1,0,1,0,0,0,1,2026-02
S01144,2026-03-07,Social,Desktop,India,/contact,1,26.5,1,0,0,0,0,0,2026-03
S01145,2026-02-23,Direct,Desktop,India,/blog,2,127.7,0,1,0,0,0,1,2026-02
S01146,2026-01-03,Direct,Desktop,United States,/products,1,39.8,1,1,0,0,0,0,2026-01
S01147,2026-02-14,Social,Desktop,India,/,1,6.5,1,0,0,0,0,0,2026-02
S01148,2026-01-25,Social,Mobile,India,/products,1,30.3,1,1,0,0,0,0,2026-01
S01149,2026-03-21,Direct,Desktop,India,/products,4,254.1,0,1,0,0,0,1,2026-03
S01150,2026-03-31,Email,Desktop,United States,/,1,39.2,1,0,0,0,0,0,2026-03
S01151,2026-02-23,Organic Search,Desktop,India,/products,3,200.4,0,1,0,0,0,1,2026-02
S01152,2026-03-19,Email,Desktop,India,/,5,206.1,0,0,0,0,0,1,2026-03
S01153,2026-02-22,Organic Search,Mobile,India,/products,2,223.0,0,1,0,0,0,1,2026-02
S01154,2026-02-28,Organic Search,Mobile,United Kingdom,/pricing,1,5.6,1,1,0,0,0,0,2026-02
S01155,2026-01-26,Direct,Mobile,India,/pricing,7,145.2,0,1,0,0,0,1,2026-01
S01156,2026-02-08,Organic Search,Mobile,India,/features,1,5.1,1,1,1,1,1,0,2026-02
S01157,2026-01-21,Organic Search,Mobile,Australia,/products,1,41.0,1,1,0,0,0,0,2026-01
S01158,2026-03-08,Organic Search,Mobile,Canada,/features,3,125.8,0,1,0,0,0,1,2026-03
S01159,2026-03-11,Direct,Mobile,India,/features,6,182.0,0,1,1,1,1,1,2026-03
S01160,2026-02-07,Social,Desktop,India,/contact,1,10.1,1,0,0,0,0,0,2026-02
S01161,2026-01-29,Organic Search,Desktop,India,/products,1,30.5,1,1,1,1,1,0,2026-01
S01162,2026-01-07,Paid Search,Mobile,United States,/products,1,23.3,1,1,0,0,0,0,2026-01
S01163,2026-01-24,Social,Mobile,India,/blog,1,13.6,1,0,0,0,0,0,2026-01
S01164,2026-02-15,Organic Search,Mobile,Australia,/,1,25.0,1,0,0,0,0,0,2026-02
S01165,2026-03-21,Organic Search,Desktop,Canada,/,1,28.7,1,0,0,0,0,0,2026-03
S01166,2026-02-28,Email,Desktop,United States,/,4,211.0,0,0,0,0,0,1,2026-02
S01167,2026-02-16,Social,Desktop,India,/blog,1,48.6,1,0,0,0,0,0,2026-02
S01168,2026-02-22,Direct,Mobile,Canada,/features,4,190.2,0,1,1,0,0,1,2026-02
S01169,2026-02-03,Social,Mobile,United Kingdom,/products,6,133.0,0,1,0,0,0,1,2026-02
S01170,2026-02-16,Organic Search,Desktop,United Kingdom,/contact,3,342.1,0,0,0,0,0,1,2026-02
S01171,2026-03-22,Direct,Tablet,India,/features,4,218.9,0,1,1,0,0,1,2026-03
S01172,2026-03-30,Social,Mobile,United States,/,8,393.7,0,0,0,0,0,1,2026-03
S01173,2026-01-26,Organic Search,Mobile,United Kingdom,/products,1,16.4,1,1,0,0,0,0,2026-01
S01174,2026-01-01,Social,Mobile,Australia,/,3,106.1,0,0,0,0,0,1,2026-01
S01175,2026-01-25,Direct,Mobile,United States,/features,1,22.7,1,1,0,0,0,0,2026-01
S01176,2026-02-05,Social,Tablet,India,/blog,3,350.5,0,0,0,0,0,1,2026-02
S01177,2026-03-31,Direct,Desktop,India,/blog,1,34.4,1,0,0,0,0,0,2026-03
S01178,2026-01-14,Direct,Mobile,United States,/blog,5,183.7,0,0,0,0,0,1,2026-01
S01179,2026-03-21,Organic Search,Mobile,Australia,/products,1,24.4,1,1,1,0,0,0,2026-03
S01180,2026-02-04,Organic Search,Mobile,United States,/contact,6,178.1,0,1,0,0,0,1,2026-02
S01181,2026-03-11,Social,Mobile,India,/contact,1,33.4,1,0,0,0,0,0,2026-03
S01182,2026-02-01,Organic Search,Mobile,India,/blog,1,22.5,1,0,0,0,0,0,2026-02
S01183,2026-03-09,Organic Search,Desktop,United States,/pricing,2,338.3,0,1,1,1,0,1,2026-03
S01184,2026-01-05,Organic Search,Desktop,Canada,/,1,18.3,1,0,0,0,0,0,2026-01
S01185,2026-01-21,Organic Search,Mobile,India,/,4,154.9,0,0,0,0,0,1,2026-01
S01186,2026-01-13,Social,Desktop,India,/,1,8.2,1,0,0,0,0,0,2026-01
S01187,2026-03-12,Direct,Desktop,Australia,/blog,3,138.8,0,1,1,0,0,1,2026-03
S01188,2026-03-11,Referral,Mobile,India,/features,8,237.7,0,1,1,0,0,1,2026-03
S01189,2026-01-09,Organic Search,Desktop,India,/contact,3,200.4,0,1,0,0,0,1,2026-01
S01190,2026-02-06,Paid Search,Desktop,India,/,6,100.2,0,1,0,0,0,1,2026-02
S01191,2026-02-25,Direct,Desktop,India,/products,4,154.8,0,1,1,0,0,1,2026-02
S01192,2026-03-23,Direct,Mobile,India,/,2,129.3,0,0,0,0,0,1,2026-03
S01193,2026-02-16,Email,Mobile,United States,/contact,8,213.1,0,1,0,0,0,1,2026-02
S01194,2026-03-31,Referral,Mobile,United States,/features,2,337.1,0,1,0,0,0,1,2026-03
S01195,2026-03-10,Email,Mobile,United States,/pricing,1,7.4,1,1,1,0,0,0,2026-03
S01196,2026-03-21,Organic Search,Mobile,United States,/pricing,2,141.8,0,1,0,0,0,1,2026-03
S01197,2026-03-29,Organic Search,Desktop,India,/pricing,1,10.3,1,1,0,0,0,0,2026-03
S01198,2026-02-28,Paid Search,Mobile,India,/products,2,270.4,0,1,0,0,0,1,2026-02
S01199,2026-03-04,Organic Search,Mobile,India,/products,5,296.0,0,1,0,0,0,1,2026-03
S01200,2026-02-20,Social,Tablet,India,/products,3,175.0,0,1,1,1,0,1,2026-02
S01201,2026-03-18,Paid Search,Mobile,United Kingdom,/products,1,17.6,1,1,1,0,0,0,2026-03
S01202,2026-03-08,Direct,Mobile,India,/pricing,1,4.1,1,1,1,0,0,0,2026-03
S01203,2026-02-06,Social,Mobile,United States,/products,4,253.9,0,1,1,1,0,1,2026-02
S01204,2026-01-01,Paid Search,Mobile,India,/blog,1,25.8,1,0,0,0,0,0,2026-01
S01205,2026-03-23,Organic Search,Mobile,India,/pricing,3,200.5,0,1,0,0,0,1,2026-03
S01206,2026-01-11,Organic Search,Desktop,India,/pricing,7,157.0,0,1,1,1,1,1,2026-01
S01207,2026-03-15,Paid Search,Mobile,India,/contact,1,44.0,1,0,0,0,0,0,2026-03
S01208,2026-01-04,Direct,Mobile,United States,/products,5,292.1,0,1,1,0,0,1,2026-01
S01209,2026-03-04,Organic Search,Mobile,United Kingdom,/blog,3,107.4,0,0,0,0,0,1,2026-03
S01210,2026-03-15,Direct,Desktop,India,/,1,9.5,1,0,0,0,0,0,2026-03
S01211,2026-01-22,Social,Mobile,United States,/blog,1,18.6,1,0,0,0,0,0,2026-01
S01212,2026-01-14,Social,Desktop,United Kingdom,/pricing,1,20.4,1,1,1,0,0,0,2026-01
S01213,2026-03-04,Paid Search,Mobile,India,/products,1,10.3,1,1,0,0,0,0,2026-03
S01214,2026-03-24,Direct,Desktop,India,/,1,25.5,1,0,0,0,0,0,2026-03
S01215,2026-01-22,Organic Search,Mobile,India,/blog,5,185.6,0,1,0,0,0,1,2026-01
S01216,2026-02-24,Direct,Mobile,India,/blog,5,155.3,0,0,0,0,0,1,2026-02
S01217,2026-03-31,Organic Search,Mobile,Canada,/blog,1,26.7,1,0,0,0,0,0,2026-03
S01218,2026-03-31,Paid Search,Desktop,India,/pricing,5,419.1,0,1,0,0,0,1,2026-03
S01219,2026-02-27,Paid Search,Mobile,United States,/blog,3,128.7,0,0,0,0,0,1,2026-02
S01220,2026-03-07,Organic Search,Mobile,United Kingdom,/pricing,1,21.7,1,1,1,1,1,0,2026-03
S01221,2026-02-12,Organic Search,Mobile,India,/products,1,3.0,1,1,1,0,0,0,2026-02
S01222,2026-01-08,Organic Search,Mobile,United States,/pricing,1,6.1,1,1,1,1,0,0,2026-01
S01223,2026-02-25,Email,Mobile,India,/pricing,1,9.4,1,1,1,1,0,0,2026-02
S01224,2026-02-13,Paid Search,Mobile,India,/features,2,168.4,0,1,1,1,1,1,2026-02
S01225,2026-01-22,Organic Search,Mobile,India,/pricing,2,181.9,0,1,1,0,0,1,2026-01
S01226,2026-01-16,Email,Mobile,India,/pricing,1,45.2,1,1,1,1,0,0,2026-01
S01227,2026-03-17,Direct,Mobile,India,/contact,4,154.9,0,1,1,0,0,1,2026-03
S01228,2026-01-08,Direct,Mobile,United States,/features,1,24.7,1,1,1,1,1,0,2026-01
S01229,2026-03-09,Referral,Mobile,United States,/products,1,3.9,1,1,0,0,0,0,2026-03
S01230,2026-02-23,Organic Search,Mobile,United Kingdom,/features,1,3.0,1,1,1,0,0,0,2026-02
S01231,2026-01-18,Organic Search,Desktop,India,/,1,49.5,1,0,0,0,0,0,2026-01
S01232,2026-02-02,Paid Search,Mobile,Australia,/features,1,14.5,1,1,1,1,0,0,2026-02
S01233,2026-01-09,Organic Search,Desktop,India,/products,1,26.0,1,1,1,0,0,0,2026-01
S01234,2026-02-10,Paid Search,Mobile,Canada,/products,1,28.2,1,1,1,0,0,0,2026-02
S01235,2026-02-23,Organic Search,Mobile,United Kingdom,/contact,3,305.7,0,1,0,0,0,1,2026-02
S01236,2026-02-10,Organic Search,Mobile,United States,/,2,177.1,0,0,0,0,0,1,2026-02
S01237,2026-02-19,Organic Search,Mobile,India,/features,1,82.0,1,1,0,0,0,0,2026-02
S01238,2026-01-10,Direct,Desktop,United Kingdom,/pricing,5,247.0,0,1,1,1,0,1,2026-01
S01239,2026-02-08,Organic Search,Desktop,United Kingdom,/,7,143.1,0,0,0,0,0,1,2026-02
S01240,2026-01-01,Organic Search,Mobile,India,/contact,2,264.8,0,0,0,0,0,1,2026-01
S01241,2026-03-10,Email,Desktop,United Kingdom,/pricing,1,74.3,1,1,1,0,0,0,2026-03
S01242,2026-03-24,Direct,Mobile,India,/features,4,89.6,0,1,0,0,0,1,2026-03
S01243,2026-01-03,Direct,Mobile,India,/features,1,16.4,1,1,0,0,0,0,2026-01
S01244,2026-02-01,Organic Search,Desktop,United States,/,1,38.0,1,0,0,0,0,0,2026-02
S01245,2026-02-12,Direct,Mobile,Canada,/products,3,365.6,0,1,1,0,0,1,2026-02
S01246,2026-01-06,Organic Search,Mobile,India,/products,2,351.2,0,1,1,1,0,1,2026-01
S01247,2026-03-13,Paid Search,Desktop,India,/pricing,5,213.7,0,1,1,0,0,1,2026-03
S01248,2026-02-03,Organic Search,Tablet,India,/,3,139.0,0,1,0,0,0,1,2026-02
S01249,2026-02-26,Email,Desktop,India,/products,1,29.7,1,1,0,0,0,0,2026-02
S01250,2026-03-03,Referral,Mobile,United States,/features,9,245.5,0,1,0,0,0,1,2026-03
S01251,2026-02-12,Organic Search,Desktop,India,/,1,16.6,1,0,0,0,0,0,2026-02
S01252,2026-02-19,Organic Search,Mobile,United Kingdom,/blog,5,144.5,0,0,0,0,0,1,2026-02
S01253,2026-01-05,Organic Search,Mobile,India,/pricing,4,178.9,0,1,1,0,0,1,2026-01
S01254,2026-01-26,Paid Search,Mobile,India,/,1,3.0,1,0,0,0,0,0,2026-01
S01255,2026-01-30,Organic Search,Desktop,India,/,5,139.5,0,0,0,0,0,1,2026-01
S01256,2026-01-25,Email,Desktop,India,/,1,9.6,1,0,0,0,0,0,2026-01
S01257,2026-02-20,Social,Desktop,India,/blog,1,24.0,1,0,0,0,0,0,2026-02
S01258,2026-02-26,Social,Mobile,India,/,2,185.0,0,0,0,0,0,1,2026-02
S01259,2026-02-24,Direct,Mobile,India,/features,1,60.1,1,1,0,0,0,0,2026-02
S01260,2026-02-04,Referral,Mobile,India,/features,1,13.5,1,1,0,0,0,0,2026-02
S01261,2026-01-29,Organic Search,Desktop,United States,/,3,162.1,0,1,1,0,0,1,2026-01
S01262,2026-02-24,Direct,Mobile,Canada,/features,1,25.8,1,1,0,0,0,0,2026-02
S01263,2026-03-20,Direct,Mobile,United States,/contact,1,28.9,1,0,0,0,0,0,2026-03
S01264,2026-01-22,Referral,Desktop,India,/,1,23.1,1,0,0,0,0,0,2026-01
S01265,2026-01-10,Paid Search,Mobile,India,/contact,1,40.8,1,0,0,0,0,0,2026-01
S01266,2026-02-01,Social,Desktop,India,/products,1,23.0,1,1,0,0,0,0,2026-02
S01267,2026-01-22,Organic Search,Mobile,United States,/blog,4,150.1,0,0,0,0,0,1,2026-01
S01268,2026-03-16,Referral,Desktop,United States,/,1,9.3,1,0,0,0,0,0,2026-03
S01269,2026-03-18,Direct,Mobile,India,/features,6,214.4,0,1,0,0,0,1,2026-03
S01270,2026-02-19,Direct,Mobile,India,/features,1,26.0,1,1,1,0,0,0,2026-02
S01271,2026-02-05,Referral,Mobile,India,/contact,1,15.4,1,0,0,0,0,0,2026-02
S01272,2026-02-05,Direct,Mobile,India,/contact,2,210.7,0,1,0,0,0,1,2026-02
S01273,2026-01-24,Direct,Desktop,Australia,/,3,134.3,0,0,0,0,0,1,2026-01
S01274,2026-01-19,Paid Search,Mobile,India,/blog,1,36.3,1,0,0,0,0,0,2026-01
S01275,2026-02-18,Organic Search,Mobile,India,/products,1,24.2,1,1,1,0,0,0,2026-02
S01276,2026-02-24,Direct,Desktop,India,/,3,78.0,0,1,1,0,0,1,2026-02
S01277,2026-02-21,Organic Search,Mobile,India,/,1,20.1,1,0,0,0,0,0,2026-02
S01278,2026-02-06,Organic Search,Desktop,India,/contact,1,39.0,1,0,0,0,0,0,2026-02
S01279,2026-03-13,Email,Desktop,India,/blog,3,147.1,0,1,1,1,0,1,2026-03
S01280,2026-01-29,Paid Search,Mobile,India,/,6,161.2,0,0,0,0,0,1,2026-01
S01281,2026-03-06,Direct,Desktop,India,/contact,3,273.0,0,1,1,1,1,1,2026-03
S01282,2026-02-27,Direct,Mobile,United States,/features,1,14.4,1,1,0,0,0,0,2026-02
S01283,2026-02-02,Direct,Mobile,India,/products,2,128.1,0,1,1,0,0,1,2026-02
S01284,2026-02-22,Paid Search,Mobile,India,/pricing,1,21.0,1,1,0,0,0,0,2026-02
S01285,2026-01-20,Referral,Desktop,Canada,/blog,6,254.3,0,1,0,0,0,1,2026-01
S01286,2026-01-20,Referral,Mobile,India,/blog,1,61.6,1,0,0,0,0,0,2026-01
S01287,2026-02-03,Direct,Mobile,Australia,/pricing,2,80.9,0,1,1,0,0,1,2026-02
S01288,2026-03-11,Direct,Tablet,Australia,/pricing,6,305.1,0,1,0,0,0,1,2026-03
S01289,2026-03-12,Direct,Mobile,India,/,1,27.9,1,0,0,0,0,0,2026-03
S01290,2026-03-11,Paid Search,Desktop,India,/pricing,4,223.1,0,1,1,1,0,1,2026-03
S01291,2026-02-04,Direct,Desktop,Canada,/products,5,317.2,0,1,0,0,0,1,2026-02
S01292,2026-02-24,Paid Search,Desktop,India,/products,4,145.9,0,1,0,0,0,1,2026-02
S01293,2026-03-30,Direct,Desktop,India,/products,1,17.1,1,1,0,0,0,0,2026-03
S01294,2026-02-24,Direct,Tablet,United States,/blog,1,22.8,1,0,0,0,0,0,2026-02
S01295,2026-03-11,Direct,Mobile,India,/products,2,131.0,0,1,1,1,1,1,2026-03
S01296,2026-01-27,Direct,Desktop,Canada,/products,2,96.7,0,1,1,1,0,1,2026-01
S01297,2026-02-26,Organic Search,Desktop,United Kingdom,/,1,17.6,1,0,0,0,0,0,2026-02
S01298,2026-02-05,Organic Search,Desktop,Canada,/contact,1,21.0,1,0,0,0,0,0,2026-02
S01299,2026-03-21,Social,Mobile,United Kingdom,/products,2,58.4,0,1,1,0,0,1,2026-03
S01300,2026-03-19,Direct,Tablet,United States,/products,1,26.3,1,1,0,0,0,0,2026-03
S01301,2026-03-14,Organic Search,Mobile,India,/products,1,19.3,1,1,0,0,0,0,2026-03
S01302,2026-03-17,Paid Search,Mobile,Australia,/blog,1,21.7,1,0,0,0,0,0,2026-03
S01303,2026-02-18,Social,Mobile,Australia,/pricing,5,206.6,0,1,0,0,0,1,2026-02
S01304,2026-03-19,Organic Search,Mobile,Canada,/products,4,408.1,0,1,1,1,1,1,2026-03
S01305,2026-01-04,Social,Desktop,United Kingdom,/features,2,262.7,0,1,1,1,1,1,2026-01
S01306,2026-03-18,Referral,Mobile,United States,/blog,1,37.2,1,0,0,0,0,0,2026-03
S01307,2026-02-23,Paid Search,Desktop,India,/pricing,3,262.1,0,1,1,0,0,1,2026-02
S01308,2026-03-17,Paid Search,Desktop,Canada,/pricing,1,17.1,1,1,0,0,0,0,2026-03
S01309,2026-03-07,Organic Search,Mobile,India,/contact,3,298.0,0,1,1,0,0,1,2026-03
S01310,2026-02-12,Referral,Desktop,India,/contact,1,21.1,1,0,0,0,0,0,2026-02
S01311,2026-03-14,Direct,Mobile,India,/blog,4,131.1,0,1,0,0,0,1,2026-03
S01312,2026-02-01,Referral,Desktop,United States,/blog,2,308.7,0,1,0,0,0,1,2026-02
S01313,2026-02-11,Paid Search,Tablet,United States,/features,3,173.3,0,1,0,0,0,1,2026-02
S01314,2026-03-28,Organic Search,Mobile,India,/contact,1,32.1,1,0,0,0,0,0,2026-03
S01315,2026-02-19,Organic Search,Desktop,India,/,4,219.2,0,1,0,0,0,1,2026-02
S01316,2026-03-10,Paid Search,Mobile,India,/contact,3,156.0,0,0,0,0,0,1,2026-03
S01317,2026-02-07,Paid Search,Mobile,India,/blog,1,19.7,1,0,0,0,0,0,2026-02
S01318,2026-01-02,Organic Search,Desktop,India,/blog,4,207.5,0,1,1,0,0,1,2026-01
S01319,2026-03-31,Social,Mobile,United States,/products,3,249.6,0,1,1,0,0,1,2026-03
S01320,2026-01-15,Email,Desktop,India,/products,2,126.1,0,1,0,0,0,1,2026-01
S01321,2026-02-21,Direct,Mobile,India,/features,3,150.2,0,1,0,0,0,1,2026-02
S01322,2026-03-03,Direct,Mobile,India,/blog,1,35.8,1,0,0,0,0,0,2026-03
S01323,2026-03-18,Organic Search,Desktop,India,/products,7,369.5,0,1,1,1,0,1,2026-03
S01324,2026-03-10,Social,Mobile,Canada,/blog,1,13.9,1,0,0,0,0,0,2026-03
S01325,2026-03-15,Direct,Desktop,India,/,3,160.7,0,1,0,0,0,1,2026-03
S01326,2026-01-10,Email,Mobile,India,/pricing,4,250.2,0,1,1,0,0,1,2026-01
S01327,2026-02-01,Direct,Desktop,United States,/pricing,3,224.6,0,1,1,0,0,1,2026-02
S01328,2026-02-20,Paid Search,Mobile,India,/blog,5,140.2,0,1,1,1,0,1,2026-02
S01329,2026-03-17,Organic Search,Mobile,Canada,/,5,182.7,0,0,0,0,0,1,2026-03
S01330,2026-02-20,Organic Search,Mobile,Australia,/,1,16.3,1,0,0,0,0,0,2026-02
S01331,2026-03-25,Social,Mobile,United States,/products,4,126.1,0,1,1,0,0,1,2026-03
S01332,2026-02-06,Direct,Tablet,Australia,/blog,1,45.8,1,0,0,0,0,0,2026-02
S01333,2026-02-03,Direct,Mobile,India,/contact,3,118.5,0,1,0,0,0,1,2026-02
S01334,2026-02-19,Referral,Mobile,India,/features,7,187.4,0,1,0,0,0,1,2026-02
S01335,2026-01-11,Referral,Desktop,India,/blog,3,437.0,0,1,1,0,0,1,2026-01
S01336,2026-01-05,Email,Mobile,India,/products,5,175.7,0,1,0,0,0,1,2026-01
S01337,2026-01-27,Organic Search,Mobile,India,/,3,241.7,0,1,1,1,1,1,2026-01
S01338,2026-02-07,Paid Search,Mobile,India,/features,5,241.0,0,1,0,0,0,1,2026-02
S01339,2026-02-04,Email,Mobile,India,/pricing,2,176.9,0,1,0,0,0,1,2026-02
S01340,2026-01-16,Direct,Desktop,India,/,1,10.3,1,0,0,0,0,0,2026-01
S01341,2026-03-17,Organic Search,Desktop,United States,/pricing,3,185.6,0,1,1,0,0,1,2026-03
S01342,2026-02-25,Social,Desktop,India,/blog,1,20.2,1,0,0,0,0,0,2026-02
S01343,2026-02-09,Direct,Desktop,India,/products,2,186.7,0,1,1,1,1,1,2026-02
S01344,2026-02-19,Paid Search,Mobile,India,/,1,3.5,1,0,0,0,0,0,2026-02
S01345,2026-03-02,Referral,Mobile,United States,/blog,3,104.3,0,0,0,0,0,1,2026-03
S01346,2026-01-01,Paid Search,Desktop,India,/,3,184.4,0,1,0,0,0,1,2026-01
S01347,2026-03-24,Direct,Tablet,United Kingdom,/pricing,7,310.1,0,1,0,0,0,1,2026-03
S01348,2026-03-28,Direct,Desktop,India,/features,5,95.9,0,1,0,0,0,1,2026-03
S01349,2026-01-12,Direct,Mobile,India,/contact,3,166.6,0,1,0,0,0,1,2026-01
S01350,2026-02-06,Organic Search,Desktop,Australia,/products,1,58.4,1,1,1,1,0,0,2026-02
S01351,2026-03-17,Social,Desktop,India,/,1,15.2,1,0,0,0,0,0,2026-03
S01352,2026-01-20,Social,Desktop,India,/pricing,2,132.6,0,1,1,1,0,1,2026-01
S01353,2026-02-16,Organic Search,Desktop,India,/products,6,250.7,0,1,0,0,0,1,2026-02
S01354,2026-02-14,Organic Search,Mobile,India,/features,2,118.9,0,1,1,1,1,1,2026-02
S01355,2026-03-06,Email,Mobile,India,/blog,1,33.6,1,0,0,0,0,0,2026-03
S01356,2026-02-25,Organic Search,Mobile,India,/products,1,49.0,1,1,1,0,0,0,2026-02
S01357,2026-01-06,Direct,Mobile,India,/blog,5,178.6,0,1,1,1,1,1,2026-01
S01358,2026-03-27,Direct,Desktop,Australia,/products,7,311.2,0,1,0,0,0,1,2026-03
S01359,2026-03-17,Paid Search,Mobile,India,/pricing,1,15.9,1,1,1,0,0,0,2026-03
S01360,2026-03-27,Organic Search,Mobile,India,/contact,1,30.0,1,0,0,0,0,0,2026-03
S01361,2026-01-06,Paid Search,Mobile,Canada,/products,1,40.3,1,1,1,0,0,0,2026-01
S01362,2026-03-06,Direct,Desktop,India,/products,4,163.8,0,1,0,0,0,1,2026-03
S01363,2026-02-12,Paid Search,Mobile,Canada,/features,2,94.4,0,1,0,0,0,1,2026-02
S01364,2026-03-09,Organic Search,Mobile,India,/pricing,3,140.2,0,1,0,0,0,1,2026-03
S01365,2026-02-03,Direct,Desktop,United States,/products,3,165.8,0,1,0,0,0,1,2026-02
S01366,2026-02-01,Direct,Mobile,Australia,/,4,95.5,0,0,0,0,0,1,2026-02
S01367,2026-02-10,Organic Search,Mobile,India,/products,1,56.3,1,1,1,1,1,0,2026-02
S01368,2026-01-30,Organic Search,Mobile,United Kingdom,/pricing,1,59.9,1,1,1,0,0,0,2026-01
S01369,2026-03-24,Organic Search,Mobile,United States,/products,1,9.7,1,1,1,0,0,0,2026-03
S01370,2026-02-02,Direct,Desktop,United Kingdom,/products,3,181.7,0,1,1,0,0,1,2026-02
S01371,2026-01-27,Organic Search,Desktop,India,/products,4,134.0,0,1,0,0,0,1,2026-01
S01372,2026-02-04,Referral,Mobile,India,/blog,3,159.8,0,0,0,0,0,1,2026-02
S01373,2026-01-26,Direct,Tablet,India,/features,5,103.1,0,1,0,0,0,1,2026-01
S01374,2026-02-23,Social,Desktop,Australia,/blog,1,15.4,1,0,0,0,0,0,2026-02
S01375,2026-01-03,Referral,Mobile,India,/blog,1,11.7,1,0,0,0,0,0,2026-01
S01376,2026-02-16,Organic Search,Mobile,India,/features,2,223.0,0,1,0,0,0,1,2026-02
S01377,2026-03-09,Paid Search,Mobile,Canada,/,4,167.6,0,1,1,0,0,1,2026-03
S01378,2026-02-01,Email,Desktop,India,/products,1,21.1,1,1,1,1,0,0,2026-02
S01379,2026-01-27,Paid Search,Mobile,United States,/,1,30.2,1,0,0,0,0,0,2026-01
S01380,2026-03-11,Direct,Mobile,India,/products,4,147.1,0,1,1,0,0,1,2026-03
S01381,2026-01-18,Direct,Desktop,United States,/contact,4,145.0,0,0,0,0,0,1,2026-01
S01382,2026-03-30,Organic Search,Desktop,India,/products,8,193.1,0,1,0,0,0,1,2026-03
S01383,2026-03-23,Direct,Desktop,India,/features,1,12.4,1,1,0,0,0,0,2026-03
S01384,2026-02-18,Referral,Desktop,United States,/,1,12.6,1,0,0,0,0,0,2026-02
S01385,2026-01-03,Referral,Mobile,India,/pricing,3,154.5,0,1,1,0,0,1,2026-01
S01386,2026-02-01,Organic Search,Desktop,India,/products,1,65.8,1,1,0,0,0,0,2026-02
S01387,2026-03-09,Paid Search,Mobile,India,/products,5,111.1,0,1,0,0,0,1,2026-03
S01388,2026-03-09,Organic Search,Mobile,United States,/products,2,347.7,0,1,0,0,0,1,2026-03
S01389,2026-01-03,Email,Tablet,India,/blog,9,241.9,0,0,0,0,0,1,2026-01
S01390,2026-01-17,Organic Search,Mobile,India,/pricing,1,15.3,1,1,0,0,0,0,2026-01
S01391,2026-02-26,Referral,Mobile,India,/features,1,20.7,1,1,0,0,0,0,2026-02
S01392,2026-02-23,Social,Desktop,India,/features,6,116.8,0,1,0,0,0,1,2026-02
S01393,2026-01-08,Organic Search,Mobile,United States,/pricing,1,52.9,1,1,0,0,0,0,2026-01
S01394,2026-01-26,Organic Search,Mobile,India,/contact,1,127.5,1,0,0,0,0,0,2026-01
S01395,2026-02-06,Social,Desktop,Canada,/,1,3.6,1,0,0,0,0,0,2026-02
S01396,2026-01-18,Organic Search,Desktop,United States,/products,1,41.0,1,1,1,1,0,0,2026-01
S01397,2026-02-22,Direct,Desktop,Canada,/products,1,23.2,1,1,1,1,0,0,2026-02
S01398,2026-02-17,Email,Mobile,United States,/pricing,2,201.3,0,1,1,0,0,1,2026-02
S01399,2026-02-28,Paid Search,Mobile,India,/pricing,4,303.2,0,1,0,0,0,1,2026-02
S01400,2026-01-11,Direct,Desktop,Australia,/pricing,1,43.5,1,1,0,0,0,0,2026-01
S01401,2026-02-23,Direct,Mobile,United Kingdom,/features,3,186.6,0,1,0,0,0,1,2026-02
S01402,2026-02-18,Organic Search,Mobile,United States,/products,6,182.0,0,1,1,0,0,1,2026-02
S01403,2026-02-28,Referral,Mobile,India,/features,1,3.0,1,1,0,0,0,0,2026-02
S01404,2026-03-19,Organic Search,Mobile,India,/pricing,5,243.1,0,1,1,0,0,1,2026-03
S01405,2026-03-18,Organic Search,Mobile,United States,/pricing,1,21.2,1,1,1,0,0,0,2026-03
S01406,2026-03-08,Organic Search,Desktop,India,/products,1,24.2,1,1,1,0,0,0,2026-03
S01407,2026-01-25,Referral,Tablet,United States,/products,5,452.1,0,1,1,1,0,1,2026-01
S01408,2026-02-27,Organic Search,Mobile,India,/products,5,271.9,0,1,1,0,0,1,2026-02
S01409,2026-01-12,Email,Desktop,India,/blog,3,153.2,0,1,1,0,0,1,2026-01
S01410,2026-01-07,Paid Search,Mobile,India,/pricing,1,74.5,1,1,1,0,0,0,2026-01
S01411,2026-02-11,Social,Mobile,India,/,5,169.4,0,0,0,0,0,1,2026-02
S01412,2026-01-08,Referral,Desktop,India,/blog,4,138.9,0,1,1,1,0,1,2026-01
S01413,2026-02-24,Email,Mobile,United Kingdom,/blog,6,126.8,0,1,0,0,0,1,2026-02
S01414,2026-03-15,Referral,Desktop,United States,/contact,2,339.7,0,1,1,1,1,1,2026-03
S01415,2026-01-21,Organic Search,Mobile,Australia,/pricing,2,122.4,0,1,0,0,0,1,2026-01
S01416,2026-03-12,Social,Mobile,United Kingdom,/blog,1,22.6,1,0,0,0,0,0,2026-03
S01417,2026-01-13,Direct,Mobile,United Kingdom,/pricing,3,243.4,0,1,0,0,0,1,2026-01
S01418,2026-01-13,Direct,Mobile,India,/blog,4,154.6,0,1,0,0,0,1,2026-01
S01419,2026-01-14,Email,Desktop,United Kingdom,/pricing,3,145.2,0,1,1,0,0,1,2026-01
S01420,2026-02-13,Referral,Desktop,Australia,/,6,126.1,0,1,0,0,0,1,2026-02
S01421,2026-02-06,Paid Search,Mobile,United Kingdom,/contact,2,91.3,0,0,0,0,0,1,2026-02
S01422,2026-03-28,Direct,Mobile,India,/blog,3,89.4,0,1,1,0,0,1,2026-03
S01423,2026-02-23,Direct,Desktop,United States,/blog,1,43.7,1,0,0,0,0,0,2026-02
S01424,2026-03-14,Direct,Desktop,India,/pricing,3,149.5,0,1,0,0,0,1,2026-03
S01425,2026-01-15,Direct,Mobile,India,/blog,1,9.6,1,0,0,0,0,0,2026-01
S01426,2026-02-10,Direct,Mobile,United States,/,2,119.8,0,0,0,0,0,1,2026-02
S01427,2026-01-05,Organic Search,Mobile,Canada,/products,1,44.9,1,1,1,1,1,0,2026-01
S01428,2026-02-08,Organic Search,Mobile,India,/,6,159.9,0,0,0,0,0,1,2026-02
S01429,2026-02-11,Social,Mobile,India,/,3,209.0,0,0,0,0,0,1,2026-02
S01430,2026-02-13,Direct,Mobile,Canada,/,1,61.4,1,0,0,0,0,0,2026-02
S01431,2026-03-30,Referral,Mobile,India,/blog,6,195.8,0,0,0,0,0,1,2026-03
S01432,2026-01-03,Paid Search,Mobile,India,/products,2,111.4,0,1,0,0,0,1,2026-01
S01433,2026-02-28,Organic Search,Mobile,United Kingdom,/features,1,12.7,1,1,1,0,0,0,2026-02
S01434,2026-02-27,Organic Search,Desktop,Canada,/features,1,10.6,1,1,1,1,0,0,2026-02
S01435,2026-03-22,Organic Search,Desktop,India,/,5,175.9,0,0,0,0,0,1,2026-03
S01436,2026-02-08,Referral,Mobile,United States,/blog,2,203.6,0,1,0,0,0,1,2026-02
S01437,2026-03-24,Organic Search,Mobile,India,/pricing,3,317.6,0,1,1,0,0,1,2026-03
S01438,2026-01-10,Direct,Mobile,India,/features,1,14.9,1,1,1,0,0,0,2026-01
S01439,2026-03-21,Referral,Desktop,United Kingdom,/pricing,1,22.1,1,1,1,0,0,0,2026-03
S01440,2026-01-02,Referral,Mobile,Canada,/products,6,197.0,0,1,1,1,0,1,2026-01
S01441,2026-01-11,Organic Search,Mobile,India,/products,1,5.4,1,1,1,0,0,0,2026-01
S01442,2026-02-25,Organic Search,Desktop,India,/features,7,177.3,0,1,0,0,0,1,2026-02
S01443,2026-02-12,Organic Search,Desktop,India,/products,1,20.6,1,1,1,0,0,0,2026-02
S01444,2026-02-23,Organic Search,Desktop,India,/features,5,178.9,0,1,0,0,0,1,2026-02
S01445,2026-02-05,Organic Search,Mobile,India,/products,3,195.9,0,1,1,0,0,1,2026-02
S01446,2026-03-11,Paid Search,Mobile,India,/blog,3,94.0,0,0,0,0,0,1,2026-03
S01447,2026-03-06,Email,Desktop,United Kingdom,/pricing,1,10.2,1,1,1,1,1,0,2026-03
S01448,2026-01-11,Direct,Mobile,India,/,4,124.0,0,1,0,0,0,1,2026-01
S01449,2026-03-01,Paid Search,Desktop,United States,/,6,178.2,0,0,0,0,0,1,2026-03
S01450,2026-01-06,Organic Search,Desktop,United States,/products,5,226.1,0,1,0,0,0,1,2026-01
S01451,2026-03-22,Social,Mobile,Canada,/blog,1,33.6,1,0,0,0,0,0,2026-03
S01452,2026-03-17,Paid Search,Mobile,Australia,/blog,1,53.5,1,0,0,0,0,0,2026-03
S01453,2026-01-18,Email,Mobile,India,/products,4,236.3,0,1,1,0,0,1,2026-01
S01454,2026-01-11,Referral,Mobile,India,/pricing,5,140.3,0,1,0,0,0,1,2026-01
S01455,2026-01-02,Direct,Desktop,United Kingdom,/,4,150.3,0,0,0,0,0,1,2026-01
S01456,2026-01-11,Organic Search,Desktop,India,/blog,7,263.9,0,0,0,0,0,1,2026-01
S01457,2026-03-14,Organic Search,Mobile,India,/features,3,151.6,0,1,1,0,0,1,2026-03
S01458,2026-03-26,Direct,Desktop,India,/features,6,154.3,0,1,0,0,0,1,2026-03
S01459,2026-02-22,Referral,Mobile,Canada,/features,5,103.1,0,1,0,0,0,1,2026-02
S01460,2026-01-12,Direct,Desktop,India,/products,1,34.4,1,1,0,0,0,0,2026-01
S01461,2026-02-15,Social,Mobile,India,/products,1,7.0,1,1,0,0,0,0,2026-02
S01462,2026-02-11,Direct,Desktop,India,/features,5,232.9,0,1,1,1,0,1,2026-02
S01463,2026-03-16,Organic Search,Desktop,United States,/,1,28.6,1,0,0,0,0,0,2026-03
S01464,2026-03-21,Direct,Mobile,India,/,2,172.2,0,0,0,0,0,1,2026-03
S01465,2026-03-01,Paid Search,Mobile,Canada,/products,1,34.3,1,1,0,0,0,0,2026-03
S01466,2026-01-24,Paid Search,Desktop,United Kingdom,/blog,1,33.0,1,0,0,0,0,0,2026-01
S01467,2026-03-21,Direct,Mobile,India,/blog,4,156.0,0,1,1,1,0,1,2026-03
S01468,2026-02-10,Organic Search,Desktop,India,/contact,4,132.4,0,1,1,0,0,1,2026-02
S01469,2026-02-18,Social,Tablet,United Kingdom,/products,8,199.3,0,1,1,0,0,1,2026-02
S01470,2026-03-30,Organic Search,Desktop,United Kingdom,/products,1,6.2,1,1,0,0,0,0,2026-03
S01471,2026-03-02,Referral,Mobile,India,/products,3,132.0,0,1,0,0,0,1,2026-03
S01472,2026-01-27,Organic Search,Desktop,India,/features,2,88.8,0,1,1,0,0,1,2026-01
S01473,2026-02-27,Organic Search,Tablet,India,/products,3,133.0,0,1,1,0,0,1,2026-02
S01474,2026-03-10,Direct,Mobile,India,/contact,1,34.9,1,0,0,0,0,0,2026-03
S01475,2026-01-27,Direct,Mobile,India,/pricing,2,128.4,0,1,1,0,0,1,2026-01
S01476,2026-02-27,Direct,Mobile,India,/features,1,17.7,1,1,0,0,0,0,2026-02
S01477,2026-03-31,Direct,Desktop,India,/features,5,173.1,0,1,0,0,0,1,2026-03
S01478,2026-03-06,Referral,Mobile,Canada,/pricing,1,13.4,1,1,1,1,1,0,2026-03
S01479,2026-02-02,Direct,Mobile,United Kingdom,/blog,2,160.2,0,1,0,0,0,1,2026-02
S01480,2026-02-03,Direct,Mobile,Canada,/products,1,76.2,1,1,1,0,0,0,2026-02
S01481,2026-01-23,Direct,Desktop,United States,/features,7,343.1,0,1,0,0,0,1,2026-01
S01482,2026-03-06,Organic Search,Mobile,United States,/features,4,248.5,0,1,1,1,1,1,2026-03
S01483,2026-03-27,Paid Search,Desktop,India,/pricing,1,12.5,1,1,0,0,0,0,2026-03
S01484,2026-02-21,Organic Search,Desktop,United States,/products,1,26.6,1,1,1,0,0,0,2026-02
S01485,2026-01-19,Paid Search,Tablet,India,/contact,4,252.0,0,0,0,0,0,1,2026-01
S01486,2026-03-20,Organic Search,Desktop,India,/contact,6,150.4,0,0,0,0,0,1,2026-03
S01487,2026-01-03,Referral,Mobile,Australia,/blog,4,123.3,0,1,0,0,0,1,2026-01
S01488,2026-01-26,Direct,Desktop,Canada,/contact,7,241.2,0,0,0,0,0,1,2026-01
S01489,2026-02-14,Email,Mobile,India,/pricing,1,36.4,1,1,0,0,0,0,2026-02
S01490,2026-01-08,Direct,Tablet,United Kingdom,/products,3,181.9,0,1,0,0,0,1,2026-01
S01491,2026-03-21,Organic Search,Mobile,India,/pricing,1,16.5,1,1,0,0,0,0,2026-03
S01492,2026-01-30,Social,Desktop,India,/,2,117.6,0,1,0,0,0,1,2026-01
S01493,2026-01-25,Paid Search,Desktop,India,/pricing,2,232.9,0,1,1,1,1,1,2026-01
S01494,2026-03-09,Social,Mobile,India,/blog,5,140.2,0,0,0,0,0,1,2026-03
S01495,2026-03-10,Direct,Desktop,United States,/,1,3.1,1,0,0,0,0,0,2026-03
S01496,2026-02-16,Paid Search,Mobile,India,/products,1,40.7,1,1,0,0,0,0,2026-02
S01497,2026-02-13,Email,Mobile,India,/blog,4,143.6,0,0,0,0,0,1,2026-02
S01498,2026-02-18,Paid Search,Mobile,Australia,/features,1,38.5,1,1,0,0,0,0,2026-02
S01499,2026-02-19,Direct,Mobile,United States,/contact,4,253.9,0,0,0,0,0,1,2026-02
S01500,2026-01-14,Paid Search,Desktop,India,/products,2,131.6,0,1,0,0,0,1,2026-01
S01501,2026-01-10,Paid Search,Desktop,India,/features,1,42.3,1,1,0,0,0,0,2026-01
S01502,2026-01-14,Referral,Mobile,India,/,1,25.3,1,0,0,0,0,0,2026-01
S01503,2026-02-01,Direct,Mobile,India,/,3,125.6,0,0,0,0,0,1,2026-02
S01504,2026-01-14,Direct,Desktop,United States,/blog,6,221.5,0,0,0,0,0,1,2026-01
S01505,2026-03-20,Social,Desktop,Canada,/pricing,1,27.4,1,1,1,0,0,0,2026-03
S01506,2026-02-10,Direct,Mobile,India,/features,1,38.5,1,1,0,0,0,0,2026-02
S01507,2026-03-27,Social,Desktop,India,/products,1,72.1,1,1,1,0,0,0,2026-03
S01508,2026-02-18,Direct,Mobile,India,/products,4,101.1,0,1,0,0,0,1,2026-02
S01509,2026-03-07,Organic Search,Desktop,Canada,/pricing,3,189.8,0,1,1,1,0,1,2026-03
S01510,2026-03-26,Social,Mobile,India,/,6,250.6,0,0,0,0,0,1,2026-03
S01511,2026-01-03,Organic Search,Desktop,India,/products,2,101.4,0,1,0,0,0,1,2026-01
S01512,2026-01-29,Organic Search,Mobile,Australia,/,6,244.2,0,1,0,0,0,1,2026-01
S01513,2026-02-23,Paid Search,Mobile,United States,/products,5,166.9,0,1,1,1,1,1,2026-02
S01514,2026-01-10,Social,Desktop,India,/blog,1,28.8,1,0,0,0,0,0,2026-01
S01515,2026-01-01,Email,Mobile,India,/,3,93.2,0,0,0,0,0,1,2026-01
S01516,2026-02-11,Organic Search,Mobile,India,/blog,3,146.2,0,0,0,0,0,1,2026-02
S01517,2026-01-16,Organic Search,Desktop,Australia,/pricing,3,171.8,0,1,0,0,0,1,2026-01
S01518,2026-02-17,Referral,Desktop,India,/pricing,5,249.3,0,1,1,0,0,1,2026-02
S01519,2026-02-10,Organic Search,Mobile,India,/pricing,1,12.6,1,1,0,0,0,0,2026-02
S01520,2026-02-23,Organic Search,Mobile,United States,/blog,4,145.1,0,0,0,0,0,1,2026-02
S01521,2026-02-21,Organic Search,Tablet,India,/features,6,184.1,0,1,0,0,0,1,2026-02
S01522,2026-03-20,Direct,Mobile,India,/,5,138.9,0,1,0,0,0,1,2026-03
S01523,2026-01-21,Email,Mobile,Canada,/features,6,305.9,0,1,1,1,1,1,2026-01
S01524,2026-02-08,Social,Mobile,India,/,3,313.1,0,1,1,1,1,1,2026-02
S01525,2026-03-16,Paid Search,Mobile,Canada,/pricing,4,90.3,0,1,1,1,0,1,2026-03
S01526,2026-01-05,Organic Search,Tablet,United Kingdom,/pricing,5,265.1,0,1,1,1,1,1,2026-01
S01527,2026-02-13,Direct,Mobile,India,/products,4,220.8,0,1,1,1,1,1,2026-02
S01528,2026-03-22,Direct,Mobile,United Kingdom,/,5,92.9,0,1,1,0,0,1,2026-03
S01529,2026-03-27,Organic Search,Mobile,United Kingdom,/,5,256.3,0,0,0,0,0,1,2026-03
S01530,2026-02-06,Organic Search,Mobile,United States,/,4,296.7,0,0,0,0,0,1,2026-02
S01531,2026-03-10,Organic Search,Mobile,United States,/pricing,3,216.3,0,1,0,0,0,1,2026-03
S01532,2026-01-03,Organic Search,Tablet,India,/,1,5.1,1,0,0,0,0,0,2026-01
S01533,2026-01-02,Direct,Desktop,India,/features,3,339.5,0,1,0,0,0,1,2026-01
S01534,2026-01-26,Paid Search,Mobile,United Kingdom,/features,1,9.6,1,1,1,1,0,0,2026-01
S01535,2026-01-17,Organic Search,Mobile,India,/products,4,123.3,0,1,0,0,0,1,2026-01
S01536,2026-02-10,Direct,Mobile,India,/,1,3.1,1,0,0,0,0,0,2026-02
S01537,2026-02-18,Social,Mobile,India,/products,1,35.4,1,1,1,0,0,0,2026-02
S01538,2026-03-26,Social,Desktop,India,/features,1,39.9,1,1,0,0,0,0,2026-03
S01539,2026-01-01,Social,Mobile,United Kingdom,/products,1,15.0,1,1,1,0,0,0,2026-01
S01540,2026-01-04,Direct,Desktop,United Kingdom,/,1,29.2,1,0,0,0,0,0,2026-01
S01541,2026-01-04,Social,Desktop,Canada,/contact,4,142.5,0,1,1,0,0,1,2026-01
S01542,2026-03-20,Organic Search,Mobile,India,/pricing,1,16.2,1,1,1,0,0,0,2026-03
S01543,2026-01-22,Direct,Desktop,India,/products,1,16.2,1,1,1,1,1,0,2026-01
S01544,2026-01-09,Organic Search,Mobile,Canada,/features,1,18.1,1,1,1,0,0,0,2026-01
S01545,2026-01-27,Direct,Mobile,India,/contact,1,33.5,1,0,0,0,0,0,2026-01
S01546,2026-02-28,Direct,Desktop,United States,/pricing,1,15.9,1,1,1,0,0,0,2026-02
S01547,2026-01-29,Organic Search,Mobile,United States,/products,4,192.1,0,1,0,0,0,1,2026-01
S01548,2026-01-14,Social,Mobile,India,/pricing,2,137.5,0,1,0,0,0,1,2026-01
S01549,2026-02-08,Organic Search,Desktop,India,/products,1,31.3,1,1,0,0,0,0,2026-02
S01550,2026-01-31,Organic Search,Mobile,United States,/pricing,3,236.4,0,1,1,0,0,1,2026-01
S01551,2026-01-22,Organic Search,Desktop,India,/products,1,9.3,1,1,0,0,0,0,2026-01
S01552,2026-03-19,Direct,Mobile,Canada,/blog,4,129.2,0,0,0,0,0,1,2026-03
S01553,2026-02-14,Organic Search,Desktop,United States,/blog,7,167.6,0,0,0,0,0,1,2026-02
S01554,2026-02-23,Direct,Mobile,India,/contact,1,25.5,1,0,0,0,0,0,2026-02
S01555,2026-01-23,Organic Search,Mobile,United States,/features,1,22.2,1,1,1,1,0,0,2026-01
S01556,2026-03-17,Social,Mobile,India,/,1,7.4,1,0,0,0,0,0,2026-03
S01557,2026-03-22,Referral,Desktop,India,/products,1,15.6,1,1,1,0,0,0,2026-03
S01558,2026-01-23,Direct,Mobile,Australia,/pricing,1,3.3,1,1,1,1,1,0,2026-01
S01559,2026-03-04,Paid Search,Desktop,United States,/products,6,115.8,0,1,1,0,0,1,2026-03
S01560,2026-02-13,Email,Mobile,United States,/,6,155.8,0,0,0,0,0,1,2026-02
S01561,2026-02-27,Referral,Mobile,Canada,/blog,1,5.7,1,0,0,0,0,0,2026-02
S01562,2026-01-19,Paid Search,Mobile,United States,/products,2,341.1,0,1,0,0,0,1,2026-01
S01563,2026-03-28,Email,Mobile,India,/,1,28.3,1,0,0,0,0,0,2026-03
S01564,2026-03-18,Email,Desktop,India,/pricing,4,193.7,0,1,0,0,0,1,2026-03
S01565,2026-02-10,Social,Mobile,India,/contact,4,396.4,0,0,0,0,0,1,2026-02
S01566,2026-02-19,Direct,Desktop,India,/blog,5,176.9,0,0,0,0,0,1,2026-02
S01567,2026-02-12,Organic Search,Mobile,India,/,2,130.3,0,0,0,0,0,1,2026-02
S01568,2026-02-17,Organic Search,Mobile,United Kingdom,/pricing,4,173.7,0,1,1,1,0,1,2026-02
S01569,2026-01-29,Direct,Desktop,India,/features,6,195.4,0,1,1,0,0,1,2026-01
S01570,2026-01-26,Direct,Desktop,United States,/,4,227.8,0,1,0,0,0,1,2026-01
S01571,2026-01-14,Direct,Desktop,Canada,/blog,3,441.6,0,1,1,0,0,1,2026-01
S01572,2026-01-10,Paid Search,Mobile,Australia,/blog,1,29.6,1,0,0,0,0,0,2026-01
S01573,2026-03-28,Direct,Desktop,India,/blog,2,74.8,0,1,0,0,0,1,2026-03
S01574,2026-02-17,Social,Desktop,Australia,/,1,48.5,1,0,0,0,0,0,2026-02
S01575,2026-02-19,Organic Search,Mobile,United Kingdom,/features,3,220.3,0,1,0,0,0,1,2026-02
S01576,2026-01-14,Organic Search,Desktop,India,/products,1,39.1,1,1,0,0,0,0,2026-01
S01577,2026-02-20,Social,Mobile,India,/,1,18.9,1,0,0,0,0,0,2026-02
S01578,2026-01-07,Email,Desktop,India,/,2,60.5,0,1,1,1,1,1,2026-01
S01579,2026-02-23,Referral,Tablet,United States,/pricing,8,217.9,0,1,1,1,0,1,2026-02
S01580,2026-03-06,Email,Tablet,United States,/,1,4.1,1,0,0,0,0,0,2026-03
S01581,2026-02-27,Email,Desktop,India,/features,9,164.8,0,1,1,1,1,1,2026-02
S01582,2026-03-06,Organic Search,Desktop,United Kingdom,/features,7,237.9,0,1,0,0,0,1,2026-03
S01583,2026-01-17,Direct,Desktop,India,/,7,205.2,0,0,0,0,0,1,2026-01
S01584,2026-01-04,Organic Search,Mobile,India,/features,2,298.7,0,1,1,0,0,1,2026-01
S01585,2026-03-02,Paid Search,Mobile,Canada,/contact,1,66.5,1,0,0,0,0,0,2026-03
S01586,2026-03-15,Referral,Mobile,Australia,/,1,20.0,1,0,0,0,0,0,2026-03
S01587,2026-01-06,Direct,Mobile,United Kingdom,/blog,2,114.2,0,1,1,1,1,1,2026-01
S01588,2026-03-24,Direct,Tablet,India,/contact,1,27.4,1,0,0,0,0,0,2026-03
S01589,2026-02-28,Organic Search,Desktop,India,/features,2,103.7,0,1,0,0,0,1,2026-02
S01590,2026-03-20,Organic Search,Mobile,India,/pricing,3,233.1,0,1,0,0,0,1,2026-03
S01591,2026-02-15,Organic Search,Mobile,India,/features,1,43.3,1,1,0,0,0,0,2026-02
S01592,2026-01-20,Organic Search,Desktop,India,/blog,1,27.6,1,0,0,0,0,0,2026-01
S01593,2026-02-16,Referral,Mobile,Australia,/products,1,8.3,1,1,0,0,0,0,2026-02
S01594,2026-03-10,Direct,Desktop,United States,/products,7,377.8,0,1,1,0,0,1,2026-03
S01595,2026-03-24,Social,Tablet,India,/pricing,1,71.6,1,1,0,0,0,0,2026-03
S01596,2026-03-03,Paid Search,Mobile,India,/products,1,29.8,1,1,0,0,0,0,2026-03
S01597,2026-02-08,Organic Search,Mobile,India,/products,3,157.5,0,1,1,0,0,1,2026-02
S01598,2026-03-02,Organic Search,Mobile,India,/,1,11.7,1,0,0,0,0,0,2026-03
S01599,2026-02-05,Social,Mobile,United States,/features,2,60.5,0,1,0,0,0,1,2026-02
S01600,2026-01-09,Organic Search,Mobile,India,/blog,2,131.6,0,1,1,0,0,1,2026-01
S01601,2026-01-31,Email,Mobile,Canada,/products,5,99.2,0,1,1,0,0,1,2026-01
S01602,2026-02-08,Organic Search,Mobile,India,/products,1,9.1,1,1,1,1,1,0,2026-02
S01603,2026-02-07,Paid Search,Mobile,India,/,5,319.1,0,0,0,0,0,1,2026-02
S01604,2026-01-01,Social,Mobile,Australia,/,1,70.2,1,0,0,0,0,0,2026-01
S01605,2026-01-24,Organic Search,Desktop,India,/blog,1,25.7,1,0,0,0,0,0,2026-01
S01606,2026-03-30,Organic Search,Mobile,India,/,2,208.9,0,1,0,0,0,1,2026-03
S01607,2026-03-31,Referral,Desktop,United States,/contact,4,75.4,0,0,0,0,0,1,2026-03
S01608,2026-01-22,Organic Search,Mobile,India,/products,3,218.3,0,1,0,0,0,1,2026-01
S01609,2026-02-01,Direct,Mobile,India,/,4,163.4,0,0,0,0,0,1,2026-02
S01610,2026-03-28,Direct,Mobile,India,/features,3,193.6,0,1,1,0,0,1,2026-03
S01611,2026-01-18,Organic Search,Desktop,India,/products,1,21.2,1,1,1,1,1,0,2026-01
S01612,2026-03-11,Social,Mobile,United States,/products,1,3.0,1,1,0,0,0,0,2026-03
S01613,2026-02-18,Social,Mobile,India,/,1,8.1,1,0,0,0,0,0,2026-02
S01614,2026-01-20,Direct,Mobile,United Kingdom,/blog,1,19.3,1,0,0,0,0,0,2026-01
S01615,2026-03-18,Social,Tablet,Canada,/products,1,4.7,1,1,1,1,0,0,2026-03
S01616,2026-02-08,Organic Search,Mobile,India,/features,1,8.6,1,1,1,0,0,0,2026-02
S01617,2026-01-28,Organic Search,Mobile,India,/blog,1,44.5,1,0,0,0,0,0,2026-01
S01618,2026-02-23,Paid Search,Desktop,India,/features,5,164.3,0,1,1,0,0,1,2026-02
S01619,2026-02-16,Referral,Mobile,India,/blog,5,259.6,0,1,1,0,0,1,2026-02
S01620,2026-01-04,Organic Search,Mobile,India,/features,1,40.1,1,1,0,0,0,0,2026-01
S01621,2026-01-16,Organic Search,Desktop,United Kingdom,/blog,7,260.3,0,1,0,0,0,1,2026-01
S01622,2026-02-19,Direct,Mobile,India,/pricing,1,58.3,1,1,1,1,1,0,2026-02
S01623,2026-03-09,Social,Mobile,India,/blog,1,42.2,1,0,0,0,0,0,2026-03
S01624,2026-02-01,Organic Search,Mobile,United States,/blog,4,233.8,0,1,1,0,0,1,2026-02
S01625,2026-03-24,Direct,Mobile,Canada,/,4,123.3,0,0,0,0,0,1,2026-03
S01626,2026-01-08,Social,Desktop,India,/blog,1,20.1,1,0,0,0,0,0,2026-01
S01627,2026-02-07,Direct,Desktop,India,/products,5,269.4,0,1,0,0,0,1,2026-02
S01628,2026-03-04,Organic Search,Desktop,Australia,/pricing,6,116.9,0,1,0,0,0,1,2026-03
S01629,2026-01-14,Organic Search,Mobile,India,/,3,155.1,0,1,1,0,0,1,2026-01
S01630,2026-02-20,Direct,Desktop,United States,/,1,21.2,1,0,0,0,0,0,2026-02
S01631,2026-03-31,Direct,Desktop,United States,/,1,35.3,1,0,0,0,0,0,2026-03
S01632,2026-03-15,Email,Mobile,India,/,1,35.2,1,0,0,0,0,0,2026-03
S01633,2026-02-03,Paid Search,Desktop,India,/,4,229.6,0,1,0,0,0,1,2026-02
S01634,2026-03-23,Paid Search,Mobile,India,/,5,259.1,0,1,1,0,0,1,2026-03
S01635,2026-03-13,Referral,Desktop,India,/pricing,1,58.8,1,1,1,0,0,0,2026-03
S01636,2026-01-18,Direct,Mobile,India,/products,1,50.8,1,1,0,0,0,0,2026-01
S01637,2026-03-01,Direct,Mobile,United Kingdom,/contact,1,23.2,1,0,0,0,0,0,2026-03
S01638,2026-03-01,Referral,Desktop,United States,/features,4,75.3,0,1,0,0,0,1,2026-03
S01639,2026-01-30,Organic Search,Desktop,Australia,/,5,371.6,0,1,1,1,1,1,2026-01
S01640,2026-01-29,Social,Mobile,Australia,/products,1,14.4,1,1,0,0,0,0,2026-01
S01641,2026-01-21,Social,Mobile,United Kingdom,/pricing,5,269.1,0,1,0,0,0,1,2026-01
S01642,2026-02-20,Organic Search,Desktop,India,/products,1,12.0,1,1,0,0,0,0,2026-02
S01643,2026-01-11,Direct,Mobile,India,/pricing,3,207.3,0,1,0,0,0,1,2026-01
S01644,2026-01-14,Organic Search,Mobile,United States,/blog,1,30.9,1,0,0,0,0,0,2026-01
S01645,2026-03-15,Organic Search,Desktop,United States,/blog,1,18.5,1,0,0,0,0,0,2026-03
S01646,2026-01-23,Direct,Mobile,India,/products,6,204.4,0,1,0,0,0,1,2026-01
S01647,2026-02-25,Organic Search,Mobile,United States,/blog,2,78.1,0,1,0,0,0,1,2026-02
S01648,2026-03-15,Social,Mobile,India,/products,1,4.7,1,1,1,0,0,0,2026-03
S01649,2026-01-02,Email,Desktop,India,/features,7,271.9,0,1,0,0,0,1,2026-01
S01650,2026-01-19,Social,Mobile,Canada,/contact,2,417.0,0,0,0,0,0,1,2026-01
S01651,2026-01-04,Organic Search,Desktop,India,/products,9,197.7,0,1,0,0,0,1,2026-01
S01652,2026-02-04,Organic Search,Tablet,United States,/features,2,129.5,0,1,0,0,0,1,2026-02
S01653,2026-01-27,Organic Search,Desktop,United States,/features,1,11.5,1,1,0,0,0,0,2026-01
S01654,2026-03-18,Organic Search,Mobile,United States,/pricing,4,83.1,0,1,1,1,0,1,2026-03
S01655,2026-03-16,Referral,Mobile,India,/,1,3.3,1,0,0,0,0,0,2026-03
S01656,2026-01-24,Direct,Mobile,United States,/features,1,26.9,1,1,1,0,0,0,2026-01
S01657,2026-01-29,Organic Search,Desktop,India,/products,1,16.9,1,1,0,0,0,0,2026-01
S01658,2026-02-17,Email,Tablet,United States,/products,6,206.7,0,1,1,1,1,1,2026-02
S01659,2026-02-19,Direct,Desktop,India,/blog,5,146.2,0,1,1,1,1,1,2026-02
S01660,2026-01-16,Organic Search,Mobile,Australia,/pricing,6,230.7,0,1,1,0,0,1,2026-01
S01661,2026-03-03,Organic Search,Mobile,United Kingdom,/,3,205.2,0,0,0,0,0,1,2026-03
S01662,2026-01-19,Paid Search,Desktop,India,/contact,6,203.3,0,0,0,0,0,1,2026-01
S01663,2026-03-23,Social,Mobile,India,/products,8,302.3,0,1,1,1,1,1,2026-03
S01664,2026-01-22,Organic Search,Desktop,India,/pricing,3,91.9,0,1,1,1,1,1,2026-01
S01665,2026-03-29,Email,Mobile,United Kingdom,/blog,1,18.0,1,0,0,0,0,0,2026-03
S01666,2026-01-26,Email,Desktop,United States,/,1,31.4,1,0,0,0,0,0,2026-01
S01667,2026-01-29,Email,Desktop,United States,/blog,6,142.2,0,0,0,0,0,1,2026-01
S01668,2026-01-10,Organic Search,Mobile,Canada,/blog,5,125.3,0,0,0,0,0,1,2026-01
S01669,2026-01-02,Organic Search,Mobile,India,/pricing,1,9.5,1,1,1,1,1,0,2026-01
S01670,2026-02-22,Email,Desktop,United States,/pricing,4,189.2,0,1,1,0,0,1,2026-02
S01671,2026-03-16,Organic Search,Mobile,India,/contact,1,26.2,1,0,0,0,0,0,2026-03
S01672,2026-02-09,Paid Search,Mobile,United States,/features,1,16.1,1,1,1,1,0,0,2026-02
S01673,2026-01-08,Social,Mobile,India,/,1,8.3,1,0,0,0,0,0,2026-01
S01674,2026-01-02,Organic Search,Mobile,United Kingdom,/products,1,45.6,1,1,1,0,0,0,2026-01
S01675,2026-03-02,Social,Desktop,India,/pricing,1,25.4,1,1,0,0,0,0,2026-03
S01676,2026-01-04,Referral,Mobile,India,/features,3,123.9,0,1,1,0,0,1,2026-01
S01677,2026-01-03,Social,Mobile,India,/features,2,59.8,0,1,0,0,0,1,2026-01
S01678,2026-03-09,Direct,Desktop,Australia,/products,1,10.0,1,1,1,0,0,0,2026-03
S01679,2026-03-03,Email,Mobile,India,/features,1,61.1,1,1,0,0,0,0,2026-03
S01680,2026-03-16,Direct,Mobile,India,/products,4,118.2,0,1,1,0,0,1,2026-03
S01681,2026-02-14,Social,Desktop,India,/products,1,54.0,1,1,1,0,0,0,2026-02
S01682,2026-03-30,Social,Desktop,India,/blog,3,237.6,0,1,1,0,0,1,2026-03
S01683,2026-01-05,Social,Desktop,Canada,/products,1,28.2,1,1,0,0,0,0,2026-01
S01684,2026-01-05,Organic Search,Desktop,Australia,/blog,3,165.6,0,1,1,1,1,1,2026-01
S01685,2026-02-10,Organic Search,Mobile,Canada,/products,1,17.0,1,1,1,0,0,0,2026-02
S01686,2026-02-14,Organic Search,Mobile,Canada,/features,9,270.3,0,1,0,0,0,1,2026-02
S01687,2026-03-25,Direct,Desktop,India,/contact,5,222.9,0,0,0,0,0,1,2026-03
S01688,2026-01-08,Direct,Desktop,India,/products,4,127.7,0,1,0,0,0,1,2026-01
S01689,2026-03-22,Paid Search,Mobile,United States,/pricing,6,287.6,0,1,1,0,0,1,2026-03
S01690,2026-02-20,Direct,Mobile,United States,/blog,3,349.2,0,0,0,0,0,1,2026-02
S01691,2026-03-06,Social,Mobile,India,/,1,19.0,1,0,0,0,0,0,2026-03
S01692,2026-02-27,Email,Mobile,United Kingdom,/features,4,224.8,0,1,1,1,1,1,2026-02
S01693,2026-03-02,Organic Search,Desktop,India,/pricing,4,164.2,0,1,1,0,0,1,2026-03
S01694,2026-02-18,Social,Desktop,India,/,5,189.8,0,0,0,0,0,1,2026-02
S01695,2026-02-23,Paid Search,Mobile,India,/features,1,14.2,1,1,0,0,0,0,2026-02
S01696,2026-01-21,Direct,Mobile,Canada,/products,3,209.0,0,1,0,0,0,1,2026-01
S01697,2026-02-25,Organic Search,Mobile,United Kingdom,/,1,57.6,1,0,0,0,0,0,2026-02
S01698,2026-02-10,Social,Mobile,United States,/products,1,10.8,1,1,1,0,0,0,2026-02
S01699,2026-03-16,Referral,Desktop,United Kingdom,/features,2,136.1,0,1,1,0,0,1,2026-03
S01700,2026-02-11,Social,Mobile,United Kingdom,/contact,1,32.2,1,0,0,0,0,0,2026-02
S01701,2026-01-24,Email,Mobile,India,/products,1,39.2,1,1,0,0,0,0,2026-01
S01702,2026-03-24,Referral,Desktop,United Kingdom,/,3,276.5,0,1,1,0,0,1,2026-03
S01703,2026-02-11,Direct,Tablet,India,/,4,98.3,0,0,0,0,0,1,2026-02
S01704,2026-01-23,Paid Search,Mobile,India,/blog,1,21.9,1,0,0,0,0,0,2026-01
S01705,2026-02-01,Direct,Mobile,India,/products,1,18.1,1,1,1,0,0,0,2026-02
S01706,2026-02-15,Referral,Mobile,India,/products,1,8.3,1,1,1,0,0,0,2026-02
S01707,2026-02-05,Organic Search,Mobile,United States,/products,3,187.0,0,1,0,0,0,1,2026-02
S01708,2026-03-20,Direct,Mobile,India,/pricing,2,289.4,0,1,1,0,0,1,2026-03
S01709,2026-01-20,Email,Desktop,India,/blog,1,7.0,1,0,0,0,0,0,2026-01
S01710,2026-02-04,Organic Search,Mobile,United States,/pricing,6,222.1,0,1,0,0,0,1,2026-02
S01711,2026-01-09,Social,Mobile,United States,/,3,111.5,0,1,1,0,0,1,2026-01
S01712,2026-02-07,Direct,Desktop,India,/pricing,4,149.4,0,1,0,0,0,1,2026-02
S01713,2026-02-20,Referral,Mobile,India,/pricing,6,375.2,0,1,0,0,0,1,2026-02
S01714,2026-01-22,Email,Desktop,India,/pricing,2,166.7,0,1,1,0,0,1,2026-01
S01715,2026-02-21,Organic Search,Desktop,Canada,/,3,200.9,0,1,0,0,0,1,2026-02
S01716,2026-02-26,Social,Desktop,Canada,/,1,11.1,1,0,0,0,0,0,2026-02
S01717,2026-03-12,Direct,Desktop,India,/pricing,1,42.2,1,1,1,0,0,0,2026-03
S01718,2026-02-05,Paid Search,Desktop,United States,/products,5,278.8,0,1,0,0,0,1,2026-02
S01719,2026-02-03,Paid Search,Desktop,United States,/blog,1,27.6,1,0,0,0,0,0,2026-02
S01720,2026-03-12,Social,Mobile,Australia,/products,1,40.3,1,1,0,0,0,0,2026-03
S01721,2026-02-10,Organic Search,Mobile,India,/products,5,305.3,0,1,1,1,1,1,2026-02
S01722,2026-02-25,Organic Search,Mobile,United States,/blog,1,32.8,1,0,0,0,0,0,2026-02
S01723,2026-03-25,Paid Search,Mobile,United States,/products,1,12.0,1,1,1,1,0,0,2026-03
S01724,2026-02-22,Paid Search,Mobile,India,/,2,158.0,0,1,0,0,0,1,2026-02
S01725,2026-03-22,Direct,Mobile,India,/features,1,38.6,1,1,0,0,0,0,2026-03
S01726,2026-03-04,Organic Search,Mobile,India,/pricing,1,36.1,1,1,0,0,0,0,2026-03
S01727,2026-01-26,Direct,Mobile,India,/features,3,93.3,0,1,0,0,0,1,2026-01
S01728,2026-01-05,Email,Mobile,United States,/products,6,257.6,0,1,1,0,0,1,2026-01
S01729,2026-03-30,Organic Search,Desktop,United States,/features,5,125.7,0,1,0,0,0,1,2026-03
S01730,2026-01-22,Direct,Mobile,India,/features,6,160.1,0,1,1,1,0,1,2026-01
S01731,2026-03-23,Referral,Desktop,Canada,/,2,108.1,0,0,0,0,0,1,2026-03
S01732,2026-02-02,Organic Search,Mobile,India,/pricing,3,99.6,0,1,1,1,0,1,2026-02
S01733,2026-01-10,Social,Desktop,Australia,/blog,3,154.3,0,0,0,0,0,1,2026-01
S01734,2026-03-14,Organic Search,Desktop,India,/pricing,1,22.5,1,1,0,0,0,0,2026-03
S01735,2026-02-27,Email,Mobile,Canada,/products,4,160.9,0,1,0,0,0,1,2026-02
S01736,2026-01-07,Social,Tablet,Australia,/contact,3,52.3,0,0,0,0,0,1,2026-01
S01737,2026-01-24,Email,Mobile,Canada,/blog,1,11.8,1,0,0,0,0,0,2026-01
S01738,2026-01-30,Organic Search,Desktop,United Kingdom,/contact,1,5.1,1,0,0,0,0,0,2026-01
S01739,2026-02-28,Direct,Desktop,India,/features,1,15.7,1,1,0,0,0,0,2026-02
S01740,2026-03-04,Social,Mobile,United States,/features,4,285.4,0,1,0,0,0,1,2026-03
S01741,2026-02-27,Organic Search,Desktop,United States,/blog,1,13.7,1,0,0,0,0,0,2026-02
S01742,2026-02-25,Organic Search,Mobile,India,/blog,2,147.0,0,1,1,0,0,1,2026-02
S01743,2026-03-26,Organic Search,Mobile,Australia,/features,1,19.4,1,1,0,0,0,0,2026-03
S01744,2026-03-13,Referral,Mobile,India,/blog,7,249.4,0,1,1,1,0,1,2026-03
S01745,2026-03-10,Paid Search,Mobile,India,/,1,19.3,1,0,0,0,0,0,2026-03
S01746,2026-02-06,Paid Search,Mobile,Australia,/pricing,5,112.4,0,1,1,1,1,1,2026-02
S01747,2026-02-15,Social,Desktop,India,/,1,54.3,1,0,0,0,0,0,2026-02
S01748,2026-01-22,Direct,Mobile,India,/contact,4,394.0,0,0,0,0,0,1,2026-01
S01749,2026-02-22,Direct,Mobile,India,/blog,2,121.8,0,0,0,0,0,1,2026-02
S01750,2026-02-11,Direct,Desktop,United Kingdom,/pricing,5,156.2,0,1,0,0,0,1,2026-02
S01751,2026-03-23,Paid Search,Mobile,Canada,/products,2,228.8,0,1,0,0,0,1,2026-03
S01752,2026-02-01,Organic Search,Mobile,India,/pricing,8,196.8,0,1,0,0,0,1,2026-02
S01753,2026-01-31,Email,Desktop,United States,/products,8,163.7,0,1,0,0,0,1,2026-01
S01754,2026-02-01,Social,Desktop,United States,/blog,1,17.1,1,0,0,0,0,0,2026-02
S01755,2026-02-01,Direct,Mobile,United States,/blog,2,206.6,0,0,0,0,0,1,2026-02
S01756,2026-02-17,Paid Search,Mobile,United States,/pricing,8,226.2,0,1,1,1,0,1,2026-02
S01757,2026-01-07,Organic Search,Desktop,Australia,/products,2,122.2,0,1,1,0,0,1,2026-01
S01758,2026-02-01,Referral,Desktop,India,/pricing,3,195.1,0,1,1,1,0,1,2026-02
S01759,2026-03-18,Email,Mobile,India,/pricing,2,92.0,0,1,1,0,0,1,2026-03
S01760,2026-01-12,Referral,Mobile,United States,/features,2,150.4,0,1,0,0,0,1,2026-01
S01761,2026-03-19,Direct,Mobile,India,/features,1,24.3,1,1,0,0,0,0,2026-03
S01762,2026-01-04,Organic Search,Desktop,India,/blog,6,235.0,0,0,0,0,0,1,2026-01
S01763,2026-03-09,Organic Search,Desktop,India,/products,1,47.4,1,1,1,1,1,0,2026-03
S01764,2026-02-17,Organic Search,Desktop,India,/,1,32.7,1,0,0,0,0,0,2026-02
S01765,2026-03-29,Organic Search,Mobile,Australia,/contact,3,230.7,0,1,0,0,0,1,2026-03
S01766,2026-01-27,Organic Search,Desktop,India,/contact,4,222.0,0,1,0,0,0,1,2026-01
S01767,2026-03-19,Referral,Desktop,United States,/,8,225.4,0,1,0,0,0,1,2026-03
S01768,2026-03-11,Organic Search,Mobile,United Kingdom,/blog,1,4.2,1,0,0,0,0,0,2026-03
S01769,2026-01-03,Organic Search,Desktop,India,/products,3,158.9,0,1,1,0,0,1,2026-01
S01770,2026-02-25,Social,Mobile,India,/,1,36.9,1,0,0,0,0,0,2026-02
S01771,2026-01-08,Paid Search,Mobile,India,/contact,2,242.7,0,1,0,0,0,1,2026-01
S01772,2026-03-14,Social,Desktop,India,/contact,1,12.4,1,0,0,0,0,0,2026-03
S01773,2026-02-11,Paid Search,Mobile,India,/contact,1,29.6,1,0,0,0,0,0,2026-02
S01774,2026-01-29,Email,Tablet,United States,/,1,9.1,1,0,0,0,0,0,2026-01
S01775,2026-02-06,Paid Search,Mobile,India,/pricing,1,37.1,1,1,1,0,0,0,2026-02
S01776,2026-02-23,Direct,Mobile,India,/features,1,8.3,1,1,1,0,0,0,2026-02
S01777,2026-01-02,Paid Search,Mobile,India,/blog,1,50.7,1,0,0,0,0,0,2026-01
S01778,2026-03-28,Direct,Mobile,India,/pricing,3,77.8,0,1,1,0,0,1,2026-03
S01779,2026-02-10,Direct,Mobile,India,/pricing,5,123.2,0,1,0,0,0,1,2026-02
S01780,2026-01-22,Direct,Desktop,Australia,/,3,207.8,0,0,0,0,0,1,2026-01
S01781,2026-03-26,Organic Search,Mobile,India,/blog,1,20.6,1,0,0,0,0,0,2026-03
S01782,2026-03-27,Social,Mobile,United States,/features,1,10.0,1,1,0,0,0,0,2026-03
S01783,2026-01-19,Organic Search,Desktop,United States,/,6,134.8,0,1,0,0,0,1,2026-01
S01784,2026-01-17,Organic Search,Mobile,United States,/,3,132.6,0,1,0,0,0,1,2026-01
S01785,2026-01-19,Organic Search,Desktop,United States,/pricing,6,130.6,0,1,0,0,0,1,2026-01
S01786,2026-01-14,Email,Mobile,India,/pricing,3,144.7,0,1,1,0,0,1,2026-01
S01787,2026-01-27,Direct,Mobile,United States,/products,1,15.9,1,1,0,0,0,0,2026-01
S01788,2026-03-08,Paid Search,Desktop,India,/,1,17.7,1,0,0,0,0,0,2026-03
S01789,2026-03-16,Email,Desktop,United Kingdom,/blog,4,210.7,0,1,0,0,0,1,2026-03
S01790,2026-03-30,Organic Search,Desktop,India,/products,5,252.6,0,1,0,0,0,1,2026-03
S01791,2026-03-30,Social,Mobile,United States,/blog,1,49.8,1,0,0,0,0,0,2026-03
S01792,2026-03-15,Organic Search,Mobile,United States,/pricing,8,408.7,0,1,1,1,0,1,2026-03
S01793,2026-01-07,Organic Search,Desktop,United States,/pricing,2,70.7,0,1,1,1,0,1,2026-01
S01794,2026-01-06,Paid Search,Desktop,India,/blog,3,146.8,0,1,0,0,0,1,2026-01
S01795,2026-02-11,Email,Desktop,United States,/blog,4,159.4,0,0,0,0,0,1,2026-02
S01796,2026-01-17,Organic Search,Mobile,United Kingdom,/pricing,1,13.9,1,1,0,0,0,0,2026-01
S01797,2026-01-27,Paid Search,Desktop,India,/pricing,2,257.0,0,1,0,0,0,1,2026-01
S01798,2026-03-04,Organic Search,Mobile,India,/pricing,3,58.9,0,1,1,1,1,1,2026-03
S01799,2026-03-09,Direct,Mobile,India,/pricing,1,13.8,1,1,1,0,0,0,2026-03
S01800,2026-03-19,Paid Search,Mobile,India,/pricing,1,29.5,1,1,1,0,0,0,2026-03
S01801,2026-01-18,Paid Search,Mobile,United Kingdom,/pricing,3,135.7,0,1,1,1,1,1,2026-01
S01802,2026-02-10,Paid Search,Desktop,India,/pricing,3,148.8,0,1,0,0,0,1,2026-02
S01803,2026-03-30,Organic Search,Mobile,United States,/products,3,102.7,0,1,0,0,0,1,2026-03
S01804,2026-03-01,Paid Search,Mobile,United Kingdom,/blog,1,23.1,1,0,0,0,0,0,2026-03
S01805,2026-03-24,Paid Search,Desktop,United States,/,1,37.3,1,0,0,0,0,0,2026-03
S01806,2026-02-08,Paid Search,Desktop,United States,/features,3,202.7,0,1,0,0,0,1,2026-02
S01807,2026-02-07,Organic Search,Mobile,United States,/blog,1,41.2,1,0,0,0,0,0,2026-02
S01808,2026-02-12,Direct,Tablet,India,/,9,307.9,0,0,0,0,0,1,2026-02
S01809,2026-03-19,Direct,Mobile,India,/blog,8,314.3,0,0,0,0,0,1,2026-03
S01810,2026-03-18,Organic Search,Desktop,Canada,/products,1,50.2,1,1,1,0,0,0,2026-03
S01811,2026-01-16,Organic Search,Mobile,Australia,/contact,4,227.3,0,0,0,0,0,1,2026-01
S01812,2026-03-14,Direct,Mobile,India,/contact,1,18.8,1,0,0,0,0,0,2026-03
S01813,2026-03-18,Social,Mobile,Australia,/features,7,170.8,0,1,0,0,0,1,2026-03
S01814,2026-02-22,Organic Search,Mobile,Australia,/pricing,5,218.0,0,1,0,0,0,1,2026-02
S01815,2026-02-11,Social,Mobile,India,/features,1,3.0,1,1,0,0,0,0,2026-02
S01816,2026-01-19,Direct,Mobile,United Kingdom,/blog,2,223.0,0,1,0,0,0,1,2026-01
S01817,2026-01-31,Social,Desktop,United States,/features,1,58.9,1,1,0,0,0,0,2026-01
S01818,2026-02-10,Direct,Mobile,India,/,2,213.1,0,0,0,0,0,1,2026-02
S01819,2026-03-12,Direct,Mobile,India,/features,1,11.3,1,1,0,0,0,0,2026-03
S01820,2026-03-04,Paid Search,Tablet,India,/blog,5,226.1,0,0,0,0,0,1,2026-03
S01821,2026-01-18,Referral,Desktop,United Kingdom,/products,1,9.4,1,1,1,1,1,0,2026-01
S01822,2026-01-04,Direct,Desktop,India,/contact,3,205.2,0,0,0,0,0,1,2026-01
S01823,2026-03-03,Direct,Mobile,United Kingdom,/blog,1,54.1,1,0,0,0,0,0,2026-03
S01824,2026-02-24,Paid Search,Mobile,United States,/features,1,6.9,1,1,1,0,0,0,2026-02
S01825,2026-02-08,Social,Mobile,United States,/,1,26.6,1,0,0,0,0,0,2026-02
S01826,2026-02-25,Organic Search,Mobile,India,/pricing,1,36.5,1,1,0,0,0,0,2026-02
S01827,2026-02-24,Direct,Mobile,India,/blog,1,13.3,1,0,0,0,0,0,2026-02
S01828,2026-02-23,Direct,Desktop,India,/,1,26.4,1,0,0,0,0,0,2026-02
S01829,2026-02-06,Referral,Desktop,India,/blog,2,131.3,0,1,0,0,0,1,2026-02
S01830,2026-02-14,Direct,Desktop,India,/blog,5,165.1,0,1,1,0,0,1,2026-02
S01831,2026-01-04,Direct,Mobile,India,/products,1,24.1,1,1,0,0,0,0,2026-01
S01832,2026-02-09,Referral,Desktop,India,/blog,2,121.0,0,1,0,0,0,1,2026-02
S01833,2026-01-10,Direct,Mobile,United States,/,4,179.1,0,1,0,0,0,1,2026-01
S01834,2026-03-01,Organic Search,Tablet,India,/features,1,4.1,1,1,1,0,0,0,2026-03
S01835,2026-01-01,Organic Search,Mobile,India,/features,1,31.1,1,1,1,0,0,0,2026-01
S01836,2026-02-02,Organic Search,Mobile,Canada,/pricing,8,274.7,0,1,1,1,0,1,2026-02
S01837,2026-02-10,Organic Search,Mobile,United States,/pricing,5,193.4,0,1,0,0,0,1,2026-02
S01838,2026-03-23,Direct,Desktop,Australia,/products,2,49.2,0,1,1,0,0,1,2026-03
S01839,2026-02-04,Social,Tablet,United States,/products,6,147.5,0,1,1,0,0,1,2026-02
S01840,2026-01-04,Social,Desktop,India,/features,2,202.4,0,1,0,0,0,1,2026-01
S01841,2026-02-23,Organic Search,Desktop,Australia,/products,3,108.2,0,1,1,0,0,1,2026-02
S01842,2026-03-23,Paid Search,Tablet,Canada,/products,2,176.0,0,1,0,0,0,1,2026-03
S01843,2026-02-09,Organic Search,Desktop,United States,/products,4,152.8,0,1,0,0,0,1,2026-02
S01844,2026-03-22,Referral,Mobile,United States,/blog,2,148.5,0,1,1,0,0,1,2026-03
S01845,2026-02-12,Organic Search,Desktop,India,/features,7,200.2,0,1,0,0,0,1,2026-02
S01846,2026-03-03,Paid Search,Mobile,India,/,7,205.4,0,0,0,0,0,1,2026-03
S01847,2026-02-20,Direct,Mobile,United Kingdom,/products,1,16.8,1,1,0,0,0,0,2026-02
S01848,2026-03-15,Paid Search,Mobile,India,/,1,89.5,1,0,0,0,0,0,2026-03
S01849,2026-01-29,Direct,Mobile,India,/,1,21.4,1,0,0,0,0,0,2026-01
S01850,2026-02-11,Social,Tablet,India,/products,1,14.5,1,1,1,1,0,0,2026-02
S01851,2026-03-01,Organic Search,Tablet,India,/features,3,90.6,0,1,0,0,0,1,2026-03
S01852,2026-01-22,Email,Mobile,India,/pricing,4,171.8,0,1,0,0,0,1,2026-01
S01853,2026-03-31,Direct,Desktop,India,/,1,76.4,1,0,0,0,0,0,2026-03
S01854,2026-02-09,Social,Mobile,Canada,/blog,1,12.0,1,0,0,0,0,0,2026-02
S01855,2026-03-26,Email,Mobile,India,/features,1,32.9,1,1,1,0,0,0,2026-03
S01856,2026-03-17,Referral,Mobile,India,/products,4,272.1,0,1,1,0,0,1,2026-03
S01857,2026-02-14,Organic Search,Mobile,India,/products,3,100.9,0,1,0,0,0,1,2026-02
S01858,2026-02-22,Organic Search,Mobile,United States,/blog,1,11.4,1,0,0,0,0,0,2026-02
S01859,2026-02-19,Organic Search,Mobile,United States,/,1,29.9,1,0,0,0,0,0,2026-02
S01860,2026-03-19,Organic Search,Mobile,United States,/features,5,156.4,0,1,0,0,0,1,2026-03
S01861,2026-03-04,Paid Search,Mobile,Australia,/features,6,170.6,0,1,1,0,0,1,2026-03
S01862,2026-03-12,Referral,Desktop,Australia,/features,3,133.3,0,1,0,0,0,1,2026-03
S01863,2026-02-05,Referral,Mobile,Canada,/,1,16.3,1,0,0,0,0,0,2026-02
S01864,2026-01-18,Direct,Mobile,United Kingdom,/,1,25.4,1,0,0,0,0,0,2026-01
S01865,2026-03-29,Paid Search,Mobile,India,/features,2,201.6,0,1,1,0,0,1,2026-03
S01866,2026-03-15,Email,Mobile,United States,/pricing,1,5.1,1,1,0,0,0,0,2026-03
S01867,2026-03-06,Referral,Mobile,India,/products,2,301.0,0,1,1,1,1,1,2026-03
S01868,2026-01-01,Organic Search,Mobile,United Kingdom,/pricing,4,91.6,0,1,1,0,0,1,2026-01
S01869,2026-01-17,Direct,Desktop,India,/,1,10.3,1,0,0,0,0,0,2026-01
S01870,2026-03-29,Social,Mobile,India,/blog,1,27.1,1,0,0,0,0,0,2026-03
S01871,2026-01-08,Organic Search,Desktop,India,/contact,5,227.8,0,0,0,0,0,1,2026-01
S01872,2026-01-24,Direct,Mobile,United States,/blog,3,146.2,0,0,0,0,0,1,2026-01
S01873,2026-01-31,Referral,Mobile,United States,/pricing,1,24.2,1,1,1,0,0,0,2026-01
S01874,2026-01-27,Referral,Mobile,India,/contact,6,254.0,0,0,0,0,0,1,2026-01
S01875,2026-03-25,Email,Mobile,India,/blog,1,4.2,1,0,0,0,0,0,2026-03
S01876,2026-01-30,Social,Mobile,India,/,3,166.4,0,1,0,0,0,1,2026-01
S01877,2026-03-29,Organic Search,Mobile,United Kingdom,/blog,6,505.3,0,1,0,0,0,1,2026-03
S01878,2026-03-26,Direct,Mobile,India,/,1,9.2,1,0,0,0,0,0,2026-03
S01879,2026-01-04,Direct,Desktop,India,/products,3,168.5,0,1,0,0,0,1,2026-01
S01880,2026-03-01,Paid Search,Mobile,United States,/blog,5,270.2,0,0,0,0,0,1,2026-03
S01881,2026-03-12,Direct,Mobile,United States,/products,3,177.7,0,1,0,0,0,1,2026-03
S01882,2026-01-26,Paid Search,Desktop,Canada,/,1,12.6,1,0,0,0,0,0,2026-01
S01883,2026-03-28,Direct,Mobile,United States,/blog,3,86.9,0,1,0,0,0,1,2026-03
S01884,2026-01-29,Social,Desktop,Australia,/products,2,328.5,0,1,1,0,0,1,2026-01
S01885,2026-03-27,Direct,Desktop,India,/pricing,2,159.9,0,1,1,0,0,1,2026-03
S01886,2026-03-16,Direct,Tablet,India,/products,1,53.9,1,1,1,0,0,0,2026-03
S01887,2026-02-23,Organic Search,Mobile,Australia,/blog,3,234.7,0,0,0,0,0,1,2026-02
S01888,2026-01-08,Organic Search,Mobile,India,/features,2,324.4,0,1,1,0,0,1,2026-01
S01889,2026-01-30,Email,Desktop,United Kingdom,/,2,125.1,0,1,1,0,0,1,2026-01
S01890,2026-03-13,Direct,Desktop,India,/features,3,153.7,0,1,1,1,1,1,2026-03
S01891,2026-03-01,Organic Search,Desktop,India,/,1,102.1,1,0,0,0,0,0,2026-03
S01892,2026-03-09,Social,Mobile,India,/products,3,229.3,0,1,1,1,1,1,2026-03
S01893,2026-01-30,Direct,Mobile,United States,/products,5,144.7,0,1,0,0,0,1,2026-01
S01894,2026-02-01,Organic Search,Mobile,United Kingdom,/products,1,4.0,1,1,0,0,0,0,2026-02
S01895,2026-01-08,Organic Search,Mobile,India,/,6,387.8,0,1,1,0,0,1,2026-01
S01896,2026-02-25,Organic Search,Mobile,India,/blog,7,193.8,0,0,0,0,0,1,2026-02
S01897,2026-01-23,Paid Search,Desktop,India,/features,1,39.1,1,1,1,1,1,0,2026-01
S01898,2026-03-14,Organic Search,Mobile,India,/contact,3,118.2,0,1,1,1,1,1,2026-03
S01899,2026-02-11,Organic Search,Desktop,India,/contact,3,288.3,0,1,1,0,0,1,2026-02
S01900,2026-01-13,Organic Search,Desktop,Australia,/pricing,4,69.7,0,1,1,1,1,1,2026-01
S01901,2026-02-27,Paid Search,Mobile,India,/,1,16.9,1,0,0,0,0,0,2026-02
S01902,2026-03-27,Organic Search,Mobile,India,/,1,28.6,1,0,0,0,0,0,2026-03
S01903,2026-03-19,Email,Desktop,India,/pricing,3,143.8,0,1,1,1,1,1,2026-03
S01904,2026-01-21,Organic Search,Mobile,India,/features,5,199.5,0,1,0,0,0,1,2026-01
S01905,2026-03-27,Paid Search,Mobile,India,/products,1,33.4,1,1,0,0,0,0,2026-03
S01906,2026-02-28,Direct,Desktop,United States,/products,5,167.0,0,1,1,1,1,1,2026-02
S01907,2026-02-25,Direct,Desktop,United States,/pricing,1,28.6,1,1,1,0,0,0,2026-02
S01908,2026-03-02,Organic Search,Desktop,United Kingdom,/features,4,231.7,0,1,0,0,0,1,2026-03
S01909,2026-01-01,Social,Tablet,India,/pricing,5,208.1,0,1,0,0,0,1,2026-01
S01910,2026-01-19,Email,Mobile,United States,/blog,1,18.0,1,0,0,0,0,0,2026-01
S01911,2026-02-12,Organic Search,Desktop,Canada,/pricing,6,330.3,0,1,1,1,0,1,2026-02
S01912,2026-01-11,Organic Search,Desktop,Canada,/products,6,189.1,0,1,1,1,0,1,2026-01
S01913,2026-01-12,Email,Desktop,Australia,/pricing,2,144.7,0,1,0,0,0,1,2026-01
S01914,2026-03-10,Direct,Desktop,India,/blog,2,262.0,0,0,0,0,0,1,2026-03
S01915,2026-01-09,Organic Search,Desktop,Australia,/blog,1,8.8,1,0,0,0,0,0,2026-01
S01916,2026-02-06,Organic Search,Desktop,United Kingdom,/pricing,1,19.9,1,1,0,0,0,0,2026-02
S01917,2026-02-28,Paid Search,Mobile,United Kingdom,/products,7,322.5,0,1,0,0,0,1,2026-02
S01918,2026-03-02,Social,Desktop,United States,/,1,27.3,1,0,0,0,0,0,2026-03
S01919,2026-03-18,Paid Search,Mobile,Australia,/,1,12.6,1,0,0,0,0,0,2026-03
S01920,2026-01-05,Referral,Desktop,India,/,5,141.1,0,1,1,0,0,1,2026-01
S01921,2026-01-18,Direct,Desktop,United Kingdom,/,1,14.2,1,0,0,0,0,0,2026-01
S01922,2026-03-11,Organic Search,Desktop,United States,/blog,1,21.2,1,0,0,0,0,0,2026-03
S01923,2026-01-06,Direct,Mobile,United Kingdom,/features,3,257.0,0,1,1,0,0,1,2026-01
S01924,2026-03-12,Direct,Mobile,United Kingdom,/blog,4,303.7,0,0,0,0,0,1,2026-03
S01925,2026-03-23,Organic Search,Mobile,India,/blog,7,156.3,0,0,0,0,0,1,2026-03
S01926,2026-02-09,Organic Search,Mobile,India,/contact,1,13.2,1,0,0,0,0,0,2026-02
S01927,2026-03-09,Direct,Mobile,India,/contact,1,27.4,1,0,0,0,0,0,2026-03
S01928,2026-01-25,Paid Search,Desktop,United Kingdom,/products,1,68.9,1,1,0,0,0,0,2026-01
S01929,2026-01-22,Organic Search,Mobile,United States,/,5,156.2,0,1,0,0,0,1,2026-01
S01930,2026-01-05,Direct,Tablet,Canada,/,2,115.1,0,0,0,0,0,1,2026-01
S01931,2026-02-22,Paid Search,Mobile,United Kingdom,/features,1,3.0,1,1,1,0,0,0,2026-02
S01932,2026-01-26,Paid Search,Desktop,United States,/,4,109.7,0,0,0,0,0,1,2026-01
S01933,2026-01-05,Social,Mobile,India,/products,5,141.8,0,1,0,0,0,1,2026-01
S01934,2026-02-05,Social,Desktop,United States,/pricing,1,3.0,1,1,0,0,0,0,2026-02
S01935,2026-02-28,Paid Search,Desktop,Canada,/blog,1,50.1,1,0,0,0,0,0,2026-02
S01936,2026-01-22,Organic Search,Desktop,United States,/blog,6,122.1,0,0,0,0,0,1,2026-01
S01937,2026-01-19,Direct,Desktop,Canada,/features,1,36.5,1,1,1,1,0,0,2026-01
S01938,2026-01-04,Paid Search,Mobile,Australia,/pricing,1,30.7,1,1,1,0,0,0,2026-01
S01939,2026-03-02,Organic Search,Mobile,India,/features,1,57.7,1,1,0,0,0,0,2026-03
S01940,2026-01-11,Organic Search,Mobile,United Kingdom,/,3,146.2,0,0,0,0,0,1,2026-01
S01941,2026-03-23,Organic Search,Desktop,United States,/features,2,168.5,0,1,1,1,1,1,2026-03
S01942,2026-02-26,Direct,Mobile,India,/blog,5,192.7,0,0,0,0,0,1,2026-02
S01943,2026-03-06,Direct,Mobile,India,/products,3,133.6,0,1,0,0,0,1,2026-03
S01944,2026-01-25,Organic Search,Desktop,India,/contact,2,75.1,0,0,0,0,0,1,2026-01
S01945,2026-01-07,Social,Mobile,India,/contact,1,16.6,1,0,0,0,0,0,2026-01
S01946,2026-03-17,Referral,Desktop,United States,/features,4,135.5,0,1,0,0,0,1,2026-03
S01947,2026-01-20,Organic Search,Desktop,India,/features,5,259.9,0,1,0,0,0,1,2026-01
S01948,2026-01-19,Referral,Desktop,India,/products,4,227.1,0,1,0,0,0,1,2026-01
S01949,2026-03-24,Organic Search,Desktop,United States,/products,1,13.7,1,1,0,0,0,0,2026-03
S01950,2026-01-14,Referral,Desktop,India,/products,4,149.7,0,1,0,0,0,1,2026-01
S01951,2026-01-10,Referral,Desktop,Canada,/features,1,34.0,1,1,0,0,0,0,2026-01
S01952,2026-02-04,Organic Search,Tablet,India,/features,1,11.0,1,1,0,0,0,0,2026-02
S01953,2026-01-12,Social,Mobile,India,/contact,4,271.5,0,1,0,0,0,1,2026-01
S01954,2026-02-26,Referral,Desktop,Australia,/features,1,56.7,1,1,0,0,0,0,2026-02
S01955,2026-03-03,Email,Desktop,Canada,/blog,1,18.5,1,0,0,0,0,0,2026-03
S01956,2026-03-19,Referral,Mobile,United States,/,2,92.2,0,1,1,1,1,1,2026-03
S01957,2026-02-28,Direct,Mobile,United Kingdom,/,2,139.7,0,0,0,0,0,1,2026-02
S01958,2026-03-08,Organic Search,Mobile,India,/pricing,4,129.2,0,1,0,0,0,1,2026-03
S01959,2026-03-03,Email,Mobile,United Kingdom,/blog,1,11.5,1,0,0,0,0,0,2026-03
S01960,2026-02-26,Paid Search,Desktop,India,/,3,185.6,0,1,0,0,0,1,2026-02
S01961,2026-02-14,Paid Search,Mobile,India,/features,1,28.3,1,1,0,0,0,0,2026-02
S01962,2026-02-01,Direct,Mobile,India,/blog,2,93.7,0,0,0,0,0,1,2026-02
S01963,2026-02-10,Paid Search,Mobile,United Kingdom,/products,1,27.1,1,1,0,0,0,0,2026-02
S01964,2026-03-31,Organic Search,Mobile,India,/features,1,8.3,1,1,0,0,0,0,2026-03
S01965,2026-02-14,Social,Mobile,India,/blog,1,9.7,1,0,0,0,0,0,2026-02
S01966,2026-01-24,Organic Search,Mobile,India,/blog,1,5.8,1,0,0,0,0,0,2026-01
S01967,2026-01-29,Social,Mobile,United Kingdom,/products,3,105.4,0,1,1,0,0,1,2026-01
S01968,2026-01-20,Email,Mobile,India,/products,1,42.7,1,1,0,0,0,0,2026-01
S01969,2026-01-27,Direct,Desktop,India,/,2,35.3,0,0,0,0,0,1,2026-01
S01970,2026-02-23,Direct,Mobile,India,/pricing,1,17.4,1,1,1,0,0,0,2026-02
S01971,2026-01-03,Organic Search,Desktop,United Kingdom,/blog,1,15.1,1,0,0,0,0,0,2026-01
S01972,2026-03-13,Referral,Mobile,India,/contact,1,34.2,1,0,0,0,0,0,2026-03
S01973,2026-03-06,Social,Mobile,Australia,/features,1,27.5,1,1,0,0,0,0,2026-03
S01974,2026-03-29,Direct,Tablet,India,/,1,39.2,1,0,0,0,0,0,2026-03
S01975,2026-02-23,Organic Search,Mobile,India,/contact,2,85.2,0,0,0,0,0,1,2026-02
S01976,2026-02-04,Organic Search,Mobile,India,/,3,239.8,0,0,0,0,0,1,2026-02
S01977,2026-03-05,Direct,Desktop,India,/,1,24.6,1,0,0,0,0,0,2026-03
S01978,2026-02-05,Referral,Mobile,India,/blog,1,56.8,1,0,0,0,0,0,2026-02
S01979,2026-01-18,Social,Desktop,India,/features,1,33.6,1,1,0,0,0,0,2026-01
S01980,2026-03-15,Organic Search,Desktop,Canada,/contact,1,53.4,1,0,0,0,0,0,2026-03
S01981,2026-01-02,Email,Tablet,India,/features,5,118.7,0,1,0,0,0,1,2026-01
S01982,2026-03-23,Direct,Tablet,India,/products,3,150.6,0,1,0,0,0,1,2026-03
S01983,2026-03-18,Email,Mobile,India,/,3,216.5,0,0,0,0,0,1,2026-03
S01984,2026-02-22,Organic Search,Desktop,India,/,7,211.3,0,0,0,0,0,1,2026-02
S01985,2026-02-12,Paid Search,Mobile,India,/pricing,1,19.3,1,1,0,0,0,0,2026-02
S01986,2026-01-01,Referral,Desktop,India,/pricing,1,20.8,1,1,0,0,0,0,2026-01
S01987,2026-01-30,Organic Search,Desktop,India,/,1,16.4,1,0,0,0,0,0,2026-01
S01988,2026-02-15,Paid Search,Mobile,India,/pricing,1,23.3,1,1,1,1,1,0,2026-02
S01989,2026-03-24,Referral,Mobile,Australia,/pricing,6,336.1,0,1,0,0,0,1,2026-03
S01990,2026-02-05,Organic Search,Mobile,United States,/blog,1,41.8,1,0,0,0,0,0,2026-02
S01991,2026-01-07,Organic Search,Mobile,Australia,/products,1,32.3,1,1,1,0,0,0,2026-01
S01992,2026-02-12,Paid Search,Mobile,India,/products,1,23.5,1,1,0,0,0,0,2026-02
S01993,2026-01-24,Direct,Desktop,Canada,/blog,6,248.4,0,0,0,0,0,1,2026-01
S01994,2026-01-17,Organic Search,Mobile,India,/blog,1,4.1,1,0,0,0,0,0,2026-01
S01995,2026-02-04,Direct,Desktop,India,/products,3,131.0,0,1,0,0,0,1,2026-02
S01996,2026-03-02,Social,Desktop,United Kingdom,/,1,9.1,1,0,0,0,0,0,2026-03
S01997,2026-02-23,Organic Search,Desktop,India,/contact,1,29.5,1,0,0,0,0,0,2026-02
S01998,2026-03-31,Direct,Mobile,India,/blog,6,283.8,0,1,0,0,0,1,2026-03
S01999,2026-02-03,Email,Desktop,United Kingdom,/products,5,219.7,0,1,0,0,0,1,2026-02
S02000,2026-03-01,Direct,Desktop,United States,/pricing,6,219.6,0,1,1,0,0,1,2026-03
S02001,2026-02-26,Email,Desktop,India,/blog,7,145.1,0,0,0,0,0,1,2026-02
S02002,2026-01-25,Direct,Desktop,India,/,1,15.9,1,0,0,0,0,0,2026-01
S02003,2026-03-03,Referral,Desktop,India,/products,1,4.5,1,1,1,0,0,0,2026-03
S02004,2026-02-08,Paid Search,Mobile,Australia,/contact,1,16.8,1,0,0,0,0,0,2026-02
S02005,2026-03-30,Organic Search,Desktop,India,/pricing,3,171.3,0,1,0,0,0,1,2026-03
S02006,2026-02-26,Email,Mobile,India,/products,3,94.0,0,1,0,0,0,1,2026-02
S02007,2026-03-11,Direct,Desktop,India,/features,3,105.6,0,1,0,0,0,1,2026-03
S02008,2026-03-10,Organic Search,Mobile,Australia,/pricing,4,384.9,0,1,0,0,0,1,2026-03
S02009,2026-02-19,Organic Search,Mobile,United Kingdom,/blog,5,237.6,0,0,0,0,0,1,2026-02
S02010,2026-03-20,Paid Search,Mobile,India,/products,4,143.9,0,1,1,0,0,1,2026-03
S02011,2026-02-15,Organic Search,Mobile,Australia,/,3,175.3,0,1,0,0,0,1,2026-02
S02012,2026-02-10,Organic Search,Tablet,India,/,7,208.4,0,1,0,0,0,1,2026-02
S02013,2026-03-21,Organic Search,Mobile,Canada,/contact,6,296.0,0,0,0,0,0,1,2026-03
S02014,2026-03-25,Direct,Desktop,India,/blog,1,28.2,1,0,0,0,0,0,2026-03
S02015,2026-01-29,Direct,Mobile,India,/features,1,16.5,1,1,0,0,0,0,2026-01
S02016,2026-03-24,Direct,Tablet,India,/,4,200.6,0,0,0,0,0,1,2026-03
S02017,2026-03-05,Organic Search,Mobile,Australia,/blog,1,55.8,1,0,0,0,0,0,2026-03
S02018,2026-03-08,Organic Search,Mobile,Australia,/pricing,1,19.8,1,1,1,1,1,0,2026-03
S02019,2026-03-24,Paid Search,Mobile,United States,/blog,6,111.8,0,0,0,0,0,1,2026-03
S02020,2026-03-21,Direct,Mobile,India,/products,5,270.5,0,1,1,0,0,1,2026-03
S02021,2026-02-06,Paid Search,Tablet,India,/blog,1,4.7,1,0,0,0,0,0,2026-02
S02022,2026-02-22,Organic Search,Tablet,India,/,1,9.8,1,0,0,0,0,0,2026-02
S02023,2026-02-22,Organic Search,Mobile,India,/,3,109.1,0,0,0,0,0,1,2026-02
S02024,2026-01-01,Organic Search,Mobile,India,/features,5,187.4,0,1,0,0,0,1,2026-01
S02025,2026-01-08,Direct,Mobile,United States,/,3,216.8,0,1,1,0,0,1,2026-01
S02026,2026-02-14,Direct,Mobile,United States,/,1,19.2,1,0,0,0,0,0,2026-02
S02027,2026-02-19,Social,Desktop,Australia,/features,1,17.5,1,1,1,1,0,0,2026-02
S02028,2026-02-14,Direct,Mobile,India,/products,1,3.0,1,1,1,1,1,0,2026-02
S02029,2026-03-26,Direct,Desktop,India,/pricing,2,160.4,0,1,0,0,0,1,2026-03
S02030,2026-01-07,Paid Search,Desktop,India,/features,3,144.0,0,1,0,0,0,1,2026-01
S02031,2026-03-27,Organic Search,Mobile,India,/blog,2,123.7,0,0,0,0,0,1,2026-03
S02032,2026-01-29,Direct,Mobile,United States,/,1,13.0,1,0,0,0,0,0,2026-01
S02033,2026-02-06,Direct,Mobile,United Kingdom,/pricing,2,159.6,0,1,0,0,0,1,2026-02
S02034,2026-02-05,Direct,Mobile,India,/pricing,4,201.0,0,1,0,0,0,1,2026-02
S02035,2026-01-18,Organic Search,Mobile,India,/products,2,69.6,0,1,0,0,0,1,2026-01
S02036,2026-03-01,Social,Desktop,Canada,/blog,1,10.6,1,0,0,0,0,0,2026-03
S02037,2026-03-18,Referral,Mobile,India,/contact,2,165.9,0,1,0,0,0,1,2026-03
S02038,2026-02-16,Organic Search,Desktop,United States,/,3,213.5,0,0,0,0,0,1,2026-02
S02039,2026-03-02,Paid Search,Desktop,United Kingdom,/,1,22.1,1,0,0,0,0,0,2026-03
S02040,2026-01-02,Social,Desktop,United States,/blog,6,312.7,0,0,0,0,0,1,2026-01
S02041,2026-01-14,Organic Search,Desktop,India,/pricing,5,219.3,0,1,0,0,0,1,2026-01
S02042,2026-03-30,Social,Mobile,United Kingdom,/features,1,4.5,1,1,1,0,0,0,2026-03
S02043,2026-03-19,Paid Search,Mobile,Australia,/,1,18.3,1,0,0,0,0,0,2026-03
S02044,2026-01-30,Referral,Mobile,India,/,1,41.9,1,0,0,0,0,0,2026-01
S02045,2026-03-02,Referral,Tablet,India,/blog,3,159.8,0,1,0,0,0,1,2026-03
S02046,2026-02-07,Organic Search,Tablet,United States,/contact,1,26.2,1,0,0,0,0,0,2026-02
S02047,2026-02-11,Direct,Mobile,United States,/,1,33.4,1,0,0,0,0,0,2026-02
S02048,2026-02-24,Direct,Mobile,India,/features,1,21.5,1,1,0,0,0,0,2026-02
S02049,2026-03-22,Organic Search,Mobile,United States,/products,3,133.6,0,1,0,0,0,1,2026-03
S02050,2026-03-28,Direct,Mobile,United States,/,4,305.5,0,1,1,0,0,1,2026-03
S02051,2026-02-03,Referral,Tablet,India,/pricing,3,193.3,0,1,1,0,0,1,2026-02
S02052,2026-02-02,Organic Search,Mobile,India,/products,1,28.5,1,1,0,0,0,0,2026-02
S02053,2026-03-27,Direct,Mobile,India,/blog,1,20.4,1,0,0,0,0,0,2026-03
S02054,2026-02-04,Email,Mobile,India,/products,8,248.7,0,1,0,0,0,1,2026-02
S02055,2026-01-06,Direct,Mobile,Australia,/pricing,4,98.5,0,1,1,0,0,1,2026-01
S02056,2026-02-19,Direct,Mobile,United States,/products,1,17.9,1,1,1,0,0,0,2026-02
S02057,2026-03-24,Referral,Desktop,India,/features,4,450.3,0,1,1,0,0,1,2026-03
S02058,2026-01-20,Direct,Mobile,Australia,/contact,6,135.7,0,1,0,0,0,1,2026-01
S02059,2026-01-05,Organic Search,Desktop,India,/products,6,300.4,0,1,1,0,0,1,2026-01
S02060,2026-01-11,Organic Search,Mobile,India,/pricing,3,80.5,0,1,0,0,0,1,2026-01
S02061,2026-02-07,Referral,Mobile,India,/contact,1,23.1,1,0,0,0,0,0,2026-02
S02062,2026-02-16,Organic Search,Mobile,United Kingdom,/,1,28.7,1,0,0,0,0,0,2026-02
S02063,2026-02-17,Direct,Mobile,United States,/features,1,15.9,1,1,1,1,0,0,2026-02
S02064,2026-03-28,Organic Search,Mobile,United Kingdom,/pricing,1,37.0,1,1,0,0,0,0,2026-03
S02065,2026-03-20,Direct,Mobile,India,/features,4,183.5,0,1,0,0,0,1,2026-03
S02066,2026-02-13,Referral,Desktop,India,/products,3,78.4,0,1,1,0,0,1,2026-02
S02067,2026-02-08,Direct,Desktop,India,/products,2,248.2,0,1,0,0,0,1,2026-02
S02068,2026-02-04,Referral,Desktop,Australia,/products,2,109.9,0,1,0,0,0,1,2026-02
S02069,2026-03-21,Organic Search,Mobile,India,/,1,9.6,1,0,0,0,0,0,2026-03
S02070,2026-01-08,Direct,Desktop,United States,/,1,22.8,1,0,0,0,0,0,2026-01
S02071,2026-03-15,Email,Desktop,United States,/contact,5,103.8,0,1,0,0,0,1,2026-03
S02072,2026-02-20,Direct,Mobile,India,/products,1,43.4,1,1,0,0,0,0,2026-02
S02073,2026-01-06,Organic Search,Mobile,India,/,5,136.5,0,0,0,0,0,1,2026-01
S02074,2026-02-15,Email,Mobile,India,/products,3,198.3,0,1,1,0,0,1,2026-02
S02075,2026-02-04,Direct,Desktop,United States,/products,5,295.8,0,1,1,1,1,1,2026-02
S02076,2026-02-06,Direct,Mobile,Australia,/pricing,5,107.4,0,1,0,0,0,1,2026-02
S02077,2026-01-06,Referral,Mobile,India,/,4,281.9,0,1,0,0,0,1,2026-01
S02078,2026-03-09,Organic Search,Tablet,Australia,/features,5,181.1,0,1,0,0,0,1,2026-03
S02079,2026-03-04,Organic Search,Mobile,India,/features,6,146.4,0,1,0,0,0,1,2026-03
S02080,2026-01-21,Organic Search,Tablet,India,/products,2,84.0,0,1,1,0,0,1,2026-01
S02081,2026-02-05,Direct,Desktop,Australia,/features,3,151.5,0,1,0,0,0,1,2026-02
S02082,2026-03-15,Organic Search,Desktop,Canada,/products,1,11.6,1,1,1,0,0,0,2026-03
S02083,2026-02-11,Paid Search,Desktop,India,/products,6,193.6,0,1,1,0,0,1,2026-02
S02084,2026-03-13,Organic Search,Mobile,United States,/contact,1,16.9,1,0,0,0,0,0,2026-03
S02085,2026-02-23,Paid Search,Desktop,Canada,/features,1,8.8,1,1,0,0,0,0,2026-02
S02086,2026-01-08,Organic Search,Desktop,United Kingdom,/products,6,300.0,0,1,0,0,0,1,2026-01
S02087,2026-03-14,Direct,Desktop,United States,/pricing,1,9.1,1,1,0,0,0,0,2026-03
S02088,2026-03-29,Direct,Mobile,India,/products,1,27.8,1,1,0,0,0,0,2026-03
S02089,2026-03-02,Paid Search,Mobile,India,/pricing,1,16.3,1,1,1,1,1,0,2026-03
S02090,2026-01-20,Direct,Mobile,United States,/blog,2,178.1,0,0,0,0,0,1,2026-01
S02091,2026-01-05,Direct,Mobile,India,/,5,230.6,0,1,0,0,0,1,2026-01
S02092,2026-02-15,Email,Mobile,India,/features,6,336.4,0,1,1,0,0,1,2026-02
S02093,2026-01-23,Paid Search,Desktop,India,/blog,4,214.3,0,1,1,0,0,1,2026-01
S02094,2026-02-02,Organic Search,Desktop,India,/,1,3.0,1,0,0,0,0,0,2026-02
S02095,2026-03-19,Email,Desktop,India,/features,5,192.3,0,1,0,0,0,1,2026-03
S02096,2026-02-23,Direct,Mobile,India,/blog,4,209.3,0,1,0,0,0,1,2026-02
S02097,2026-01-20,Organic Search,Mobile,India,/products,1,24.3,1,1,1,1,0,0,2026-01
S02098,2026-02-18,Direct,Mobile,India,/pricing,3,309.5,0,1,0,0,0,1,2026-02
S02099,2026-03-22,Organic Search,Mobile,Canada,/features,2,148.6,0,1,1,0,0,1,2026-03
S02100,2026-03-31,Organic Search,Mobile,United States,/contact,1,12.4,1,0,0,0,0,0,2026-03
S02101,2026-03-19,Social,Mobile,India,/products,3,92.2,0,1,0,0,0,1,2026-03
S02102,2026-03-24,Organic Search,Mobile,India,/blog,1,10.8,1,0,0,0,0,0,2026-03
S02103,2026-01-15,Social,Mobile,India,/features,3,203.9,0,1,1,0,0,1,2026-01
S02104,2026-01-24,Referral,Mobile,United States,/contact,6,184.4,0,1,0,0,0,1,2026-01
S02105,2026-02-08,Paid Search,Mobile,United States,/,1,26.1,1,0,0,0,0,0,2026-02
S02106,2026-02-01,Paid Search,Mobile,United States,/pricing,2,154.0,0,1,1,0,0,1,2026-02
S02107,2026-03-16,Paid Search,Desktop,United States,/features,3,165.3,0,1,0,0,0,1,2026-03
S02108,2026-03-21,Referral,Mobile,India,/,1,17.8,1,0,0,0,0,0,2026-03
S02109,2026-03-16,Direct,Mobile,India,/pricing,4,111.2,0,1,0,0,0,1,2026-03
S02110,2026-02-26,Organic Search,Mobile,India,/pricing,4,185.9,0,1,1,0,0,1,2026-02
S02111,2026-01-01,Direct,Tablet,India,/pricing,5,137.4,0,1,0,0,0,1,2026-01
S02112,2026-03-12,Direct,Desktop,India,/blog,5,411.7,0,1,0,0,0,1,2026-03
S02113,2026-03-08,Organic Search,Desktop,United Kingdom,/,1,3.0,1,0,0,0,0,0,2026-03
S02114,2026-02-21,Paid Search,Mobile,India,/features,1,6.5,1,1,1,0,0,0,2026-02
S02115,2026-01-19,Organic Search,Desktop,United States,/products,9,281.0,0,1,0,0,0,1,2026-01
S02116,2026-03-27,Referral,Desktop,India,/features,1,22.8,1,1,1,1,1,0,2026-03
S02117,2026-01-26,Organic Search,Mobile,India,/products,2,214.4,0,1,0,0,0,1,2026-01
S02118,2026-02-16,Organic Search,Desktop,United States,/,4,96.4,0,1,0,0,0,1,2026-02
S02119,2026-02-23,Organic Search,Mobile,India,/contact,9,284.2,0,0,0,0,0,1,2026-02
S02120,2026-02-16,Organic Search,Desktop,India,/features,5,188.2,0,1,1,0,0,1,2026-02
S02121,2026-01-24,Organic Search,Mobile,India,/products,5,178.2,0,1,1,1,1,1,2026-01
S02122,2026-01-17,Organic Search,Mobile,United States,/products,4,258.1,0,1,0,0,0,1,2026-01
S02123,2026-02-24,Organic Search,Tablet,India,/pricing,4,292.8,0,1,1,1,1,1,2026-02
S02124,2026-01-24,Organic Search,Desktop,Australia,/contact,1,17.7,1,0,0,0,0,0,2026-01
S02125,2026-02-07,Direct,Mobile,Australia,/products,4,178.3,0,1,1,1,1,1,2026-02
S02126,2026-03-27,Direct,Tablet,United Kingdom,/contact,1,4.3,1,0,0,0,0,0,2026-03
S02127,2026-03-19,Direct,Mobile,India,/products,1,25.1,1,1,0,0,0,0,2026-03
S02128,2026-02-27,Direct,Mobile,United States,/blog,1,12.7,1,0,0,0,0,0,2026-02
S02129,2026-01-29,Organic Search,Desktop,India,/products,5,147.6,0,1,0,0,0,1,2026-01
S02130,2026-02-12,Organic Search,Mobile,Canada,/,6,302.5,0,0,0,0,0,1,2026-02
S02131,2026-02-23,Organic Search,Mobile,India,/contact,3,140.0,0,0,0,0,0,1,2026-02
S02132,2026-03-13,Social,Desktop,India,/,1,31.3,1,0,0,0,0,0,2026-03
S02133,2026-03-08,Referral,Mobile,India,/contact,1,13.1,1,0,0,0,0,0,2026-03
S02134,2026-03-23,Referral,Mobile,United Kingdom,/,1,12.2,1,0,0,0,0,0,2026-03
S02135,2026-03-21,Direct,Mobile,Canada,/products,1,24.8,1,1,0,0,0,0,2026-03
S02136,2026-02-20,Direct,Desktop,India,/contact,1,16.9,1,0,0,0,0,0,2026-02
S02137,2026-01-16,Organic Search,Mobile,India,/blog,4,253.4,0,0,0,0,0,1,2026-01
S02138,2026-03-14,Social,Mobile,United Kingdom,/products,1,28.3,1,1,0,0,0,0,2026-03
S02139,2026-03-15,Social,Desktop,Canada,/blog,4,238.1,0,0,0,0,0,1,2026-03
S02140,2026-01-22,Email,Mobile,United Kingdom,/products,1,15.1,1,1,0,0,0,0,2026-01
S02141,2026-03-19,Email,Mobile,India,/features,5,219.4,0,1,0,0,0,1,2026-03
S02142,2026-01-20,Direct,Desktop,United States,/,2,67.8,0,0,0,0,0,1,2026-01
S02143,2026-03-06,Social,Desktop,Canada,/pricing,2,195.2,0,1,1,1,0,1,2026-03
S02144,2026-01-02,Social,Mobile,India,/,1,26.1,1,0,0,0,0,0,2026-01
S02145,2026-02-28,Organic Search,Desktop,India,/blog,4,128.7,0,0,0,0,0,1,2026-02
S02146,2026-01-19,Referral,Desktop,India,/contact,1,18.5,1,0,0,0,0,0,2026-01
S02147,2026-02-22,Organic Search,Mobile,India,/features,5,211.2,0,1,0,0,0,1,2026-02
S02148,2026-03-12,Referral,Desktop,United Kingdom,/products,1,47.2,1,1,1,1,0,0,2026-03
S02149,2026-02-10,Social,Desktop,India,/products,7,302.9,0,1,0,0,0,1,2026-02
S02150,2026-02-24,Organic Search,Desktop,United States,/,6,127.3,0,1,0,0,0,1,2026-02
S02151,2026-03-01,Paid Search,Mobile,India,/features,3,80.1,0,1,0,0,0,1,2026-03
S02152,2026-03-13,Organic Search,Desktop,Canada,/,5,107.4,0,1,1,0,0,1,2026-03
S02153,2026-01-03,Social,Tablet,Canada,/blog,1,49.1,1,0,0,0,0,0,2026-01
S02154,2026-02-15,Social,Mobile,United States,/products,3,219.8,0,1,1,0,0,1,2026-02
S02155,2026-02-17,Paid Search,Desktop,United States,/contact,1,9.6,1,0,0,0,0,0,2026-02
S02156,2026-02-02,Email,Desktop,India,/pricing,4,151.6,0,1,0,0,0,1,2026-02
S02157,2026-03-27,Organic Search,Desktop,Canada,/pricing,1,3.0,1,1,0,0,0,0,2026-03
S02158,2026-01-11,Organic Search,Tablet,United States,/features,1,9.5,1,1,0,0,0,0,2026-01
S02159,2026-02-20,Direct,Mobile,India,/contact,1,19.4,1,0,0,0,0,0,2026-02
S02160,2026-02-05,Organic Search,Mobile,Australia,/pricing,3,197.8,0,1,1,1,1,1,2026-02
S02161,2026-03-01,Direct,Desktop,India,/features,1,38.0,1,1,1,1,1,0,2026-03
S02162,2026-03-20,Organic Search,Mobile,United States,/blog,5,169.5,0,0,0,0,0,1,2026-03
S02163,2026-03-13,Direct,Mobile,India,/products,1,23.0,1,1,1,0,0,0,2026-03
S02164,2026-02-06,Direct,Desktop,United States,/,5,182.5,0,0,0,0,0,1,2026-02
S02165,2026-01-05,Email,Desktop,India,/blog,1,11.2,1,0,0,0,0,0,2026-01
S02166,2026-02-20,Organic Search,Mobile,India,/blog,1,30.3,1,0,0,0,0,0,2026-02
S02167,2026-01-26,Email,Desktop,India,/,3,229.7,0,1,0,0,0,1,2026-01
S02168,2026-03-23,Direct,Mobile,Australia,/products,4,139.7,0,1,0,0,0,1,2026-03
S02169,2026-03-05,Direct,Mobile,India,/blog,2,122.0,0,1,0,0,0,1,2026-03
S02170,2026-02-27,Direct,Mobile,United States,/,1,26.5,1,0,0,0,0,0,2026-02
S02171,2026-01-28,Direct,Mobile,India,/blog,4,232.3,0,1,0,0,0,1,2026-01
S02172,2026-02-23,Organic Search,Mobile,Canada,/blog,6,194.5,0,1,0,0,0,1,2026-02
S02173,2026-02-02,Direct,Desktop,India,/products,2,83.3,0,1,1,0,0,1,2026-02
S02174,2026-03-25,Organic Search,Desktop,United States,/products,1,45.5,1,1,0,0,0,0,2026-03
S02175,2026-02-24,Direct,Mobile,Australia,/products,1,11.6,1,1,1,0,0,0,2026-02
S02176,2026-01-29,Paid Search,Mobile,India,/products,1,38.7,1,1,0,0,0,0,2026-01
S02177,2026-03-01,Direct,Mobile,India,/blog,6,336.6,0,0,0,0,0,1,2026-03
S02178,2026-03-29,Social,Tablet,Canada,/blog,1,20.2,1,0,0,0,0,0,2026-03
S02179,2026-02-06,Organic Search,Desktop,India,/features,1,26.7,1,1,0,0,0,0,2026-02
S02180,2026-03-19,Referral,Mobile,India,/,4,139.5,0,0,0,0,0,1,2026-03
S02181,2026-03-16,Social,Mobile,India,/blog,4,126.0,0,0,0,0,0,1,2026-03
S02182,2026-02-20,Referral,Mobile,United Kingdom,/products,6,284.8,0,1,0,0,0,1,2026-02
S02183,2026-01-31,Social,Desktop,Australia,/features,5,127.4,0,1,0,0,0,1,2026-01
S02184,2026-02-05,Organic Search,Mobile,United States,/,1,24.9,1,0,0,0,0,0,2026-02
S02185,2026-03-05,Direct,Mobile,United States,/pricing,2,71.4,0,1,1,1,0,1,2026-03
S02186,2026-01-11,Organic Search,Mobile,India,/pricing,1,11.6,1,1,1,1,0,0,2026-01
S02187,2026-03-23,Social,Mobile,India,/products,1,31.2,1,1,1,0,0,0,2026-03
S02188,2026-02-05,Paid Search,Mobile,India,/contact,1,6.8,1,0,0,0,0,0,2026-02
S02189,2026-02-22,Organic Search,Mobile,India,/,1,28.1,1,0,0,0,0,0,2026-02
S02190,2026-02-04,Referral,Desktop,India,/,5,164.2,0,0,0,0,0,1,2026-02
S02191,2026-03-28,Organic Search,Mobile,United States,/blog,4,209.6,0,0,0,0,0,1,2026-03
S02192,2026-01-24,Paid Search,Mobile,India,/pricing,1,24.6,1,1,1,1,1,0,2026-01
S02193,2026-02-12,Social,Mobile,India,/products,1,47.6,1,1,0,0,0,0,2026-02
S02194,2026-02-13,Organic Search,Mobile,India,/products,1,8.9,1,1,1,0,0,0,2026-02
S02195,2026-03-07,Paid Search,Desktop,India,/,1,7.4,1,0,0,0,0,0,2026-03
S02196,2026-03-29,Social,Tablet,India,/features,4,254.5,0,1,0,0,0,1,2026-03
S02197,2026-03-27,Organic Search,Mobile,India,/pricing,4,233.8,0,1,1,1,0,1,2026-03
S02198,2026-02-03,Direct,Desktop,India,/products,1,20.5,1,1,1,0,0,0,2026-02
S02199,2026-02-07,Organic Search,Desktop,United States,/products,1,14.9,1,1,1,0,0,0,2026-02
S02200,2026-01-29,Paid Search,Desktop,United Kingdom,/features,4,98.1,0,1,1,0,0,1,2026-01
S02201,2026-03-30,Organic Search,Mobile,Canada,/features,3,254.5,0,1,1,0,0,1,2026-03
S02202,2026-01-26,Referral,Mobile,United Kingdom,/,2,86.7,0,1,0,0,0,1,2026-01
S02203,2026-02-10,Email,Mobile,United States,/blog,1,16.3,1,0,0,0,0,0,2026-02
S02204,2026-01-03,Organic Search,Tablet,Australia,/,4,219.8,0,1,1,0,0,1,2026-01
S02205,2026-01-10,Direct,Desktop,India,/products,1,10.1,1,1,0,0,0,0,2026-01
S02206,2026-01-14,Paid Search,Mobile,United States,/features,4,139.0,0,1,0,0,0,1,2026-01
S02207,2026-02-19,Paid Search,Mobile,India,/features,1,32.2,1,1,1,0,0,0,2026-02
S02208,2026-01-21,Direct,Mobile,India,/,4,178.6,0,1,0,0,0,1,2026-01
S02209,2026-02-20,Organic Search,Mobile,India,/features,1,15.8,1,1,1,1,1,0,2026-02
S02210,2026-03-19,Organic Search,Desktop,India,/blog,4,150.8,0,0,0,0,0,1,2026-03
S02211,2026-02-09,Referral,Mobile,United Kingdom,/features,1,19.9,1,1,0,0,0,0,2026-02
S02212,2026-03-11,Direct,Desktop,India,/features,3,79.3,0,1,0,0,0,1,2026-03
S02213,2026-02-22,Email,Desktop,United States,/pricing,3,86.8,0,1,0,0,0,1,2026-02
S02214,2026-03-07,Direct,Desktop,Canada,/contact,3,180.7,0,1,0,0,0,1,2026-03
S02215,2026-02-22,Referral,Desktop,India,/products,1,5.2,1,1,0,0,0,0,2026-02
S02216,2026-01-16,Organic Search,Mobile,India,/pricing,6,433.6,0,1,1,1,0,1,2026-01
S02217,2026-01-18,Organic Search,Desktop,India,/products,3,186.2,0,1,0,0,0,1,2026-01
S02218,2026-03-30,Referral,Desktop,India,/features,4,256.3,0,1,1,1,1,1,2026-03
S02219,2026-01-07,Referral,Mobile,Australia,/,1,18.5,1,0,0,0,0,0,2026-01
S02220,2026-03-28,Organic Search,Mobile,United States,/pricing,1,29.6,1,1,0,0,0,0,2026-03
S02221,2026-02-01,Direct,Mobile,United Kingdom,/features,1,15.6,1,1,0,0,0,0,2026-02
S02222,2026-03-01,Direct,Mobile,India,/products,5,229.7,0,1,0,0,0,1,2026-03
S02223,2026-03-15,Direct,Mobile,United States,/products,1,53.5,1,1,0,0,0,0,2026-03
S02224,2026-03-27,Organic Search,Mobile,United Kingdom,/products,1,24.2,1,1,0,0,0,0,2026-03
S02225,2026-01-18,Email,Desktop,India,/blog,1,10.5,1,0,0,0,0,0,2026-01
S02226,2026-03-12,Organic Search,Mobile,India,/products,1,19.9,1,1,1,0,0,0,2026-03
S02227,2026-01-30,Paid Search,Mobile,India,/products,1,20.1,1,1,0,0,0,0,2026-01
S02228,2026-01-12,Organic Search,Mobile,India,/pricing,5,142.5,0,1,1,1,1,1,2026-01
S02229,2026-02-08,Organic Search,Mobile,Canada,/contact,1,67.2,1,0,0,0,0,0,2026-02
S02230,2026-02-21,Paid Search,Tablet,United States,/features,4,84.3,0,1,0,0,0,1,2026-02
S02231,2026-03-26,Direct,Mobile,India,/products,3,129.6,0,1,1,1,1,1,2026-03
S02232,2026-01-28,Paid Search,Mobile,Australia,/features,1,8.5,1,1,1,0,0,0,2026-01
S02233,2026-03-21,Organic Search,Mobile,India,/features,4,127.6,0,1,1,0,0,1,2026-03
S02234,2026-01-29,Referral,Mobile,India,/blog,2,128.9,0,1,1,0,0,1,2026-01
S02235,2026-02-14,Social,Desktop,Australia,/pricing,2,114.4,0,1,1,0,0,1,2026-02
S02236,2026-03-07,Email,Desktop,Australia,/,5,134.6,0,1,1,0,0,1,2026-03
S02237,2026-01-31,Organic Search,Mobile,United States,/blog,5,185.1,0,0,0,0,0,1,2026-01
S02238,2026-02-26,Direct,Desktop,India,/pricing,1,14.8,1,1,1,0,0,0,2026-02
S02239,2026-02-14,Direct,Mobile,Australia,/products,3,415.8,0,1,0,0,0,1,2026-02
S02240,2026-02-20,Direct,Desktop,United Kingdom,/,1,29.9,1,0,0,0,0,0,2026-02
S02241,2026-01-21,Organic Search,Mobile,United States,/products,2,171.0,0,1,0,0,0,1,2026-01
S02242,2026-03-31,Organic Search,Mobile,India,/blog,8,258.8,0,0,0,0,0,1,2026-03
S02243,2026-03-25,Direct,Desktop,India,/,1,6.0,1,0,0,0,0,0,2026-03
S02244,2026-01-24,Organic Search,Desktop,Canada,/blog,1,24.8,1,0,0,0,0,0,2026-01
S02245,2026-03-16,Direct,Mobile,Canada,/features,2,60.2,0,1,0,0,0,1,2026-03
S02246,2026-03-20,Organic Search,Tablet,United States,/products,1,53.1,1,1,0,0,0,0,2026-03
S02247,2026-02-10,Organic Search,Desktop,United States,/,1,39.2,1,0,0,0,0,0,2026-02
S02248,2026-03-04,Paid Search,Mobile,United States,/,1,5.9,1,0,0,0,0,0,2026-03
S02249,2026-02-23,Direct,Desktop,United States,/products,4,102.3,0,1,0,0,0,1,2026-02
S02250,2026-01-03,Direct,Desktop,India,/features,5,170.2,0,1,1,1,0,1,2026-01
S02251,2026-01-23,Direct,Mobile,India,/blog,2,174.5,0,1,0,0,0,1,2026-01
S02252,2026-02-12,Social,Mobile,India,/features,3,289.1,0,1,0,0,0,1,2026-02
S02253,2026-01-28,Direct,Desktop,United Kingdom,/contact,7,221.8,0,0,0,0,0,1,2026-01
S02254,2026-01-14,Paid Search,Desktop,India,/products,3,108.1,0,1,1,0,0,1,2026-01
S02255,2026-01-12,Referral,Mobile,India,/blog,3,170.4,0,0,0,0,0,1,2026-01
S02256,2026-01-11,Direct,Mobile,Australia,/pricing,8,272.1,0,1,0,0,0,1,2026-01
S02257,2026-03-05,Email,Mobile,United States,/pricing,5,298.8,0,1,0,0,0,1,2026-03
S02258,2026-03-04,Social,Desktop,India,/products,1,32.3,1,1,0,0,0,0,2026-03
S02259,2026-02-25,Organic Search,Desktop,India,/products,1,10.4,1,1,0,0,0,0,2026-02
S02260,2026-03-21,Direct,Mobile,United Kingdom,/blog,1,23.4,1,0,0,0,0,0,2026-03
S02261,2026-03-29,Paid Search,Desktop,India,/blog,5,184.5,0,0,0,0,0,1,2026-03
S02262,2026-03-03,Referral,Desktop,India,/products,3,135.4,0,1,0,0,0,1,2026-03
S02263,2026-02-19,Direct,Mobile,India,/,2,135.4,0,0,0,0,0,1,2026-02
S02264,2026-01-31,Organic Search,Mobile,India,/pricing,4,117.5,0,1,1,0,0,1,2026-01
S02265,2026-03-19,Paid Search,Mobile,United Kingdom,/blog,8,147.3,0,1,1,1,1,1,2026-03
S02266,2026-01-05,Organic Search,Mobile,India,/pricing,2,198.6,0,1,0,0,0,1,2026-01
S02267,2026-02-03,Social,Mobile,India,/,3,207.8,0,0,0,0,0,1,2026-02
S02268,2026-02-12,Direct,Desktop,India,/products,1,10.6,1,1,1,0,0,0,2026-02
S02269,2026-02-03,Social,Desktop,India,/features,1,3.0,1,1,0,0,0,0,2026-02
S02270,2026-01-18,Email,Mobile,India,/blog,5,232.9,0,0,0,0,0,1,2026-01
S02271,2026-03-28,Paid Search,Desktop,Canada,/,1,20.9,1,0,0,0,0,0,2026-03
S02272,2026-03-16,Paid Search,Desktop,India,/pricing,1,32.7,1,1,0,0,0,0,2026-03
S02273,2026-03-17,Social,Mobile,India,/pricing,1,45.6,1,1,1,0,0,0,2026-03
S02274,2026-02-01,Email,Mobile,India,/blog,1,21.0,1,0,0,0,0,0,2026-02
S02275,2026-03-02,Email,Desktop,United Kingdom,/,1,25.2,1,0,0,0,0,0,2026-03
S02276,2026-03-23,Organic Search,Desktop,India,/blog,2,127.4,0,1,1,1,1,1,2026-03
S02277,2026-03-04,Direct,Mobile,Australia,/contact,1,15.0,1,0,0,0,0,0,2026-03
S02278,2026-01-12,Organic Search,Desktop,United States,/products,3,184.0,0,1,1,1,0,1,2026-01
S02279,2026-01-26,Email,Desktop,United States,/products,1,29.1,1,1,0,0,0,0,2026-01
S02280,2026-01-06,Paid Search,Desktop,United States,/,5,214.0,0,0,0,0,0,1,2026-01
S02281,2026-01-15,Direct,Desktop,India,/,8,301.6,0,0,0,0,0,1,2026-01
S02282,2026-01-01,Organic Search,Mobile,Australia,/contact,4,117.1,0,0,0,0,0,1,2026-01
S02283,2026-01-27,Direct,Mobile,Australia,/contact,5,280.5,0,0,0,0,0,1,2026-01
S02284,2026-03-30,Paid Search,Mobile,India,/,5,156.3,0,0,0,0,0,1,2026-03
S02285,2026-01-08,Organic Search,Desktop,United States,/features,3,188.4,0,1,1,1,1,1,2026-01
S02286,2026-02-12,Organic Search,Desktop,India,/,1,5.3,1,0,0,0,0,0,2026-02
S02287,2026-03-04,Email,Desktop,United States,/pricing,5,205.0,0,1,0,0,0,1,2026-03
S02288,2026-03-07,Social,Mobile,United Kingdom,/blog,1,13.4,1,0,0,0,0,0,2026-03
S02289,2026-02-26,Organic Search,Mobile,Australia,/products,1,39.3,1,1,0,0,0,0,2026-02
S02290,2026-01-10,Organic Search,Mobile,India,/pricing,6,227.8,0,1,0,0,0,1,2026-01
S02291,2026-01-21,Referral,Mobile,United States,/blog,1,5.4,1,0,0,0,0,0,2026-01
S02292,2026-01-10,Paid Search,Mobile,United States,/products,5,158.0,0,1,0,0,0,1,2026-01
S02293,2026-02-15,Paid Search,Desktop,India,/contact,1,43.1,1,0,0,0,0,0,2026-02
S02294,2026-01-25,Organic Search,Mobile,United States,/products,1,33.9,1,1,1,0,0,0,2026-01
S02295,2026-01-04,Organic Search,Desktop,United States,/,1,13.3,1,0,0,0,0,0,2026-01
S02296,2026-01-10,Organic Search,Tablet,United Kingdom,/contact,4,151.4,0,0,0,0,0,1,2026-01
S02297,2026-01-01,Social,Desktop,Australia,/products,4,267.1,0,1,0,0,0,1,2026-01
S02298,2026-01-04,Organic Search,Mobile,India,/products,5,144.5,0,1,1,0,0,1,2026-01
S02299,2026-01-18,Organic Search,Desktop,India,/products,1,23.6,1,1,0,0,0,0,2026-01
S02300,2026-01-06,Social,Desktop,India,/,1,49.0,1,0,0,0,0,0,2026-01
S02301,2026-01-01,Referral,Mobile,India,/products,3,98.7,0,1,1,1,0,1,2026-01
S02302,2026-02-08,Social,Desktop,India,/products,1,4.1,1,1,0,0,0,0,2026-02
S02303,2026-01-09,Direct,Desktop,Canada,/pricing,1,18.7,1,1,0,0,0,0,2026-01
S02304,2026-02-08,Direct,Mobile,India,/pricing,3,136.1,0,1,0,0,0,1,2026-02
S02305,2026-02-05,Direct,Mobile,United States,/features,5,115.2,0,1,1,0,0,1,2026-02
S02306,2026-02-14,Direct,Mobile,India,/features,1,33.9,1,1,1,0,0,0,2026-02
S02307,2026-02-28,Direct,Mobile,India,/products,1,7.4,1,1,0,0,0,0,2026-02
S02308,2026-02-25,Direct,Desktop,Canada,/contact,4,208.0,0,0,0,0,0,1,2026-02
S02309,2026-01-31,Paid Search,Mobile,United States,/features,4,164.5,0,1,0,0,0,1,2026-01
S02310,2026-01-25,Email,Mobile,India,/contact,5,202.4,0,0,0,0,0,1,2026-01
S02311,2026-01-22,Referral,Mobile,Australia,/blog,5,235.5,0,0,0,0,0,1,2026-01
S02312,2026-02-17,Organic Search,Mobile,India,/products,5,366.5,0,1,0,0,0,1,2026-02
S02313,2026-02-22,Direct,Mobile,India,/products,2,140.9,0,1,0,0,0,1,2026-02
S02314,2026-03-30,Organic Search,Desktop,India,/features,6,239.1,0,1,1,0,0,1,2026-03
S02315,2026-01-31,Direct,Mobile,United States,/pricing,3,181.7,0,1,0,0,0,1,2026-01
S02316,2026-02-28,Organic Search,Mobile,India,/features,1,17.5,1,1,1,0,0,0,2026-02
S02317,2026-03-05,Organic Search,Desktop,Canada,/blog,3,90.2,0,0,0,0,0,1,2026-03
S02318,2026-03-15,Social,Tablet,United States,/products,3,111.6,0,1,0,0,0,1,2026-03
S02319,2026-02-21,Direct,Mobile,India,/products,1,22.6,1,1,0,0,0,0,2026-02
S02320,2026-03-21,Email,Mobile,Canada,/contact,2,267.9,0,0,0,0,0,1,2026-03
S02321,2026-03-10,Organic Search,Mobile,India,/,5,315.5,0,1,0,0,0,1,2026-03
S02322,2026-01-20,Organic Search,Mobile,India,/blog,1,55.5,1,0,0,0,0,0,2026-01
S02323,2026-03-02,Direct,Mobile,India,/contact,3,234.7,0,0,0,0,0,1,2026-03
S02324,2026-01-20,Organic Search,Desktop,India,/,1,15.6,1,0,0,0,0,0,2026-01
S02325,2026-02-25,Organic Search,Desktop,India,/products,2,178.9,0,1,0,0,0,1,2026-02
S02326,2026-01-20,Referral,Mobile,India,/pricing,6,165.4,0,1,0,0,0,1,2026-01
S02327,2026-01-27,Organic Search,Tablet,United States,/features,6,147.0,0,1,0,0,0,1,2026-01
S02328,2026-02-06,Organic Search,Mobile,India,/pricing,2,219.8,0,1,0,0,0,1,2026-02
S02329,2026-01-25,Paid Search,Mobile,India,/,3,193.4,0,0,0,0,0,1,2026-01
S02330,2026-03-25,Direct,Mobile,United States,/,2,81.8,0,1,1,0,0,1,2026-03
S02331,2026-03-07,Paid Search,Mobile,India,/products,3,270.3,0,1,0,0,0,1,2026-03
S02332,2026-03-19,Direct,Desktop,United States,/products,7,210.2,0,1,0,0,0,1,2026-03
S02333,2026-02-24,Social,Mobile,United States,/products,1,17.8,1,1,1,1,1,0,2026-02
S02334,2026-02-08,Organic Search,Desktop,India,/features,3,126.8,0,1,0,0,0,1,2026-02
S02335,2026-01-05,Direct,Mobile,India,/,2,159.3,0,1,1,1,0,1,2026-01
S02336,2026-02-12,Paid Search,Desktop,India,/features,1,3.0,1,1,0,0,0,0,2026-02
S02337,2026-02-23,Email,Desktop,India,/contact,3,99.5,0,1,0,0,0,1,2026-02
S02338,2026-03-20,Direct,Mobile,India,/blog,1,35.2,1,0,0,0,0,0,2026-03
S02339,2026-01-09,Paid Search,Mobile,United Kingdom,/blog,1,35.0,1,0,0,0,0,0,2026-01
S02340,2026-02-19,Organic Search,Desktop,United States,/,1,47.8,1,0,0,0,0,0,2026-02
S02341,2026-01-25,Organic Search,Mobile,India,/pricing,1,19.7,1,1,1,0,0,0,2026-01
S02342,2026-02-03,Organic Search,Mobile,Australia,/products,2,141.4,0,1,1,0,0,1,2026-02
S02343,2026-02-07,Social,Desktop,India,/products,1,21.6,1,1,1,1,0,0,2026-02
S02344,2026-01-06,Organic Search,Mobile,Canada,/pricing,5,100.7,0,1,0,0,0,1,2026-01
S02345,2026-02-23,Social,Mobile,United Kingdom,/,1,28.8,1,0,0,0,0,0,2026-02
S02346,2026-02-09,Organic Search,Mobile,India,/products,4,99.2,0,1,1,0,0,1,2026-02
S02347,2026-02-21,Email,Mobile,India,/blog,6,218.6,0,1,0,0,0,1,2026-02
S02348,2026-01-18,Social,Mobile,India,/pricing,7,373.3,0,1,0,0,0,1,2026-01
S02349,2026-03-22,Organic Search,Mobile,Australia,/,6,230.6,0,1,1,0,0,1,2026-03
S02350,2026-01-05,Organic Search,Mobile,India,/,3,223.1,0,1,1,0,0,1,2026-01
S02351,2026-02-09,Organic Search,Mobile,Canada,/products,1,11.8,1,1,1,1,1,0,2026-02
S02352,2026-01-06,Email,Mobile,India,/pricing,2,183.3,0,1,0,0,0,1,2026-01
S02353,2026-03-19,Organic Search,Tablet,India,/pricing,5,139.5,0,1,0,0,0,1,2026-03
S02354,2026-02-22,Direct,Mobile,United States,/,4,156.3,0,0,0,0,0,1,2026-02
S02355,2026-03-01,Direct,Mobile,India,/blog,7,170.1,0,0,0,0,0,1,2026-03
S02356,2026-02-08,Social,Mobile,India,/contact,1,5.7,1,0,0,0,0,0,2026-02
S02357,2026-02-28,Direct,Desktop,Australia,/pricing,7,202.6,0,1,1,1,1,1,2026-02
S02358,2026-03-17,Direct,Mobile,India,/pricing,4,260.2,0,1,1,1,0,1,2026-03
S02359,2026-01-26,Referral,Mobile,Australia,/blog,8,285.4,0,1,0,0,0,1,2026-01
S02360,2026-02-26,Organic Search,Desktop,Australia,/features,2,155.3,0,1,0,0,0,1,2026-02
S02361,2026-01-23,Social,Mobile,India,/contact,1,10.3,1,0,0,0,0,0,2026-01
S02362,2026-01-07,Organic Search,Desktop,United States,/,4,132.7,0,0,0,0,0,1,2026-01
S02363,2026-02-12,Direct,Desktop,India,/products,1,20.9,1,1,0,0,0,0,2026-02
S02364,2026-02-13,Email,Desktop,United States,/,8,169.5,0,0,0,0,0,1,2026-02
S02365,2026-01-31,Paid Search,Mobile,Australia,/features,3,351.8,0,1,1,0,0,1,2026-01
S02366,2026-02-23,Paid Search,Mobile,Canada,/,1,29.8,1,0,0,0,0,0,2026-02
S02367,2026-02-02,Organic Search,Mobile,Australia,/features,3,170.1,0,1,1,0,0,1,2026-02
S02368,2026-03-17,Direct,Desktop,India,/,1,22.4,1,0,0,0,0,0,2026-03
S02369,2026-03-12,Direct,Desktop,United States,/blog,2,131.7,0,0,0,0,0,1,2026-03
S02370,2026-03-28,Direct,Desktop,India,/products,3,152.1,0,1,1,0,0,1,2026-03
S02371,2026-02-11,Direct,Mobile,Canada,/pricing,1,9.4,1,1,0,0,0,0,2026-02
S02372,2026-02-09,Direct,Desktop,India,/pricing,1,12.9,1,1,1,0,0,0,2026-02
S02373,2026-02-18,Organic Search,Mobile,India,/blog,1,7.7,1,0,0,0,0,0,2026-02
S02374,2026-01-22,Organic Search,Desktop,India,/pricing,1,3.0,1,1,1,0,0,0,2026-01
S02375,2026-03-03,Direct,Mobile,India,/products,1,17.2,1,1,1,0,0,0,2026-03
S02376,2026-02-14,Organic Search,Mobile,India,/blog,5,159.0,0,1,0,0,0,1,2026-02
S02377,2026-01-19,Email,Mobile,India,/contact,5,222.4,0,1,1,0,0,1,2026-01
S02378,2026-01-20,Paid Search,Tablet,Canada,/features,2,179.3,0,1,0,0,0,1,2026-01
S02379,2026-02-28,Organic Search,Mobile,United Kingdom,/blog,1,14.4,1,0,0,0,0,0,2026-02
S02380,2026-01-25,Paid Search,Mobile,India,/pricing,5,255.8,0,1,0,0,0,1,2026-01
S02381,2026-03-05,Email,Mobile,United Kingdom,/features,8,215.7,0,1,1,1,0,1,2026-03
S02382,2026-01-14,Organic Search,Mobile,India,/pricing,1,45.2,1,1,1,1,0,0,2026-01
S02383,2026-03-10,Organic Search,Desktop,United Kingdom,/contact,5,257.0,0,0,0,0,0,1,2026-03
S02384,2026-02-27,Organic Search,Mobile,India,/features,2,79.9,0,1,0,0,0,1,2026-02
S02385,2026-03-05,Organic Search,Mobile,United States,/,3,301.3,0,1,0,0,0,1,2026-03
S02386,2026-03-04,Social,Desktop,India,/,1,72.8,1,0,0,0,0,0,2026-03
S02387,2026-02-17,Referral,Mobile,India,/blog,9,214.2,0,1,1,1,0,1,2026-02
S02388,2026-02-03,Organic Search,Mobile,United States,/blog,6,276.0,0,0,0,0,0,1,2026-02
S02389,2026-02-22,Social,Mobile,United Kingdom,/blog,1,6.1,1,0,0,0,0,0,2026-02
S02390,2026-01-01,Organic Search,Mobile,United Kingdom,/contact,2,264.9,0,0,0,0,0,1,2026-01
S02391,2026-03-11,Paid Search,Mobile,India,/pricing,1,3.9,1,1,0,0,0,0,2026-03
S02392,2026-02-24,Social,Mobile,India,/products,5,121.4,0,1,0,0,0,1,2026-02
S02393,2026-02-24,Direct,Mobile,United Kingdom,/pricing,8,188.1,0,1,0,0,0,1,2026-02
S02394,2026-01-22,Organic Search,Desktop,India,/,1,10.6,1,0,0,0,0,0,2026-01
S02395,2026-03-31,Paid Search,Desktop,India,/pricing,4,195.0,0,1,0,0,0,1,2026-03
S02396,2026-01-11,Referral,Desktop,India,/features,1,38.2,1,1,1,1,1,0,2026-01
S02397,2026-03-01,Organic Search,Mobile,India,/,7,141.9,0,0,0,0,0,1,2026-03
S02398,2026-02-14,Organic Search,Mobile,India,/features,4,303.4,0,1,1,0,0,1,2026-02
S02399,2026-01-28,Organic Search,Tablet,India,/features,4,208.8,0,1,1,1,1,1,2026-01
S02400,2026-01-30,Direct,Desktop,United States,/,1,13.0,1,0,0,0,0,0,2026-01
S02401,2026-02-08,Paid Search,Mobile,United States,/features,1,4.0,1,1,0,0,0,0,2026-02
S02402,2026-02-04,Social,Mobile,United Kingdom,/blog,1,28.3,1,0,0,0,0,0,2026-02
S02403,2026-03-10,Social,Mobile,United States,/pricing,8,438.8,0,1,1,0,0,1,2026-03
S02404,2026-03-11,Email,Mobile,India,/products,5,147.0,0,1,0,0,0,1,2026-03
S02405,2026-02-22,Social,Mobile,Australia,/products,1,19.9,1,1,0,0,0,0,2026-02
S02406,2026-03-21,Organic Search,Mobile,United Kingdom,/blog,3,138.1,0,0,0,0,0,1,2026-03
S02407,2026-02-07,Direct,Tablet,United States,/products,6,178.8,0,1,1,0,0,1,2026-02
S02408,2026-03-17,Organic Search,Mobile,India,/products,2,162.6,0,1,0,0,0,1,2026-03
S02409,2026-02-19,Direct,Desktop,United States,/contact,1,6.7,1,0,0,0,0,0,2026-02
S02410,2026-02-22,Referral,Mobile,United States,/blog,1,10.4,1,0,0,0,0,0,2026-02
S02411,2026-03-18,Paid Search,Desktop,United States,/blog,1,8.7,1,0,0,0,0,0,2026-03
S02412,2026-01-13,Referral,Desktop,United Kingdom,/contact,5,143.5,0,0,0,0,0,1,2026-01
S02413,2026-03-26,Direct,Mobile,Australia,/,2,138.3,0,0,0,0,0,1,2026-03
S02414,2026-02-02,Direct,Desktop,Australia,/products,4,252.2,0,1,0,0,0,1,2026-02
S02415,2026-03-12,Direct,Desktop,United States,/blog,1,10.7,1,0,0,0,0,0,2026-03
S02416,2026-02-11,Organic Search,Desktop,Australia,/pricing,5,238.8,0,1,0,0,0,1,2026-02
S02417,2026-02-22,Organic Search,Mobile,Australia,/,5,141.5,0,0,0,0,0,1,2026-02
S02418,2026-02-19,Direct,Desktop,India,/features,1,15.7,1,1,0,0,0,0,2026-02
S02419,2026-02-18,Organic Search,Mobile,United States,/,1,22.9,1,0,0,0,0,0,2026-02
S02420,2026-01-14,Referral,Mobile,India,/pricing,1,12.1,1,1,1,0,0,0,2026-01
S02421,2026-02-05,Organic Search,Mobile,India,/pricing,3,149.6,0,1,0,0,0,1,2026-02
S02422,2026-01-27,Organic Search,Mobile,India,/blog,1,35.9,1,0,0,0,0,0,2026-01
S02423,2026-01-26,Social,Mobile,India,/products,1,17.5,1,1,1,1,1,0,2026-01
S02424,2026-03-17,Organic Search,Mobile,India,/,2,179.4,0,1,1,1,0,1,2026-03
S02425,2026-01-24,Email,Desktop,India,/features,3,240.5,0,1,0,0,0,1,2026-01
S02426,2026-03-30,Social,Mobile,India,/contact,2,52.9,0,0,0,0,0,1,2026-03
S02427,2026-01-09,Organic Search,Tablet,United States,/pricing,5,118.4,0,1,1,0,0,1,2026-01
S02428,2026-01-21,Paid Search,Mobile,Canada,/,3,116.6,0,1,1,1,1,1,2026-01
S02429,2026-01-16,Paid Search,Desktop,Australia,/pricing,6,182.3,0,1,1,0,0,1,2026-01
S02430,2026-03-09,Social,Desktop,India,/products,3,124.5,0,1,0,0,0,1,2026-03
S02431,2026-01-03,Social,Desktop,India,/products,1,20.8,1,1,0,0,0,0,2026-01
S02432,2026-01-25,Paid Search,Desktop,Canada,/,3,175.8,0,0,0,0,0,1,2026-01
S02433,2026-01-09,Paid Search,Desktop,India,/,2,156.6,0,1,1,0,0,1,2026-01
S02434,2026-01-13,Direct,Mobile,Australia,/products,3,124.5,0,1,0,0,0,1,2026-01
S02435,2026-02-04,Paid Search,Mobile,United States,/products,1,23.4,1,1,0,0,0,0,2026-02
S02436,2026-01-13,Referral,Mobile,India,/features,1,68.6,1,1,1,1,1,0,2026-01
S02437,2026-02-26,Paid Search,Mobile,India,/pricing,1,47.5,1,1,1,0,0,0,2026-02
S02438,2026-03-17,Paid Search,Mobile,India,/products,1,16.0,1,1,1,0,0,0,2026-03
S02439,2026-03-27,Direct,Mobile,United States,/,1,23.8,1,0,0,0,0,0,2026-03
S02440,2026-02-11,Social,Desktop,India,/features,1,50.1,1,1,0,0,0,0,2026-02
S02441,2026-03-10,Referral,Desktop,Canada,/,1,7.9,1,0,0,0,0,0,2026-03
S02442,2026-02-26,Organic Search,Desktop,United States,/products,5,245.6,0,1,1,0,0,1,2026-02
S02443,2026-01-09,Organic Search,Desktop,India,/blog,3,193.9,0,1,1,0,0,1,2026-01
S02444,2026-03-21,Direct,Mobile,India,/blog,3,90.5,0,0,0,0,0,1,2026-03
S02445,2026-03-09,Direct,Mobile,India,/features,7,179.2,0,1,0,0,0,1,2026-03
S02446,2026-02-23,Paid Search,Desktop,India,/products,1,22.8,1,1,1,1,0,0,2026-02
S02447,2026-03-07,Organic Search,Desktop,United States,/products,1,33.9,1,1,0,0,0,0,2026-03
S02448,2026-01-01,Direct,Mobile,United States,/products,3,151.7,0,1,0,0,0,1,2026-01
S02449,2026-02-07,Paid Search,Mobile,United Kingdom,/pricing,1,35.6,1,1,0,0,0,0,2026-02
S02450,2026-02-25,Paid Search,Mobile,India,/products,10,294.3,0,1,0,0,0,1,2026-02
S02451,2026-02-19,Paid Search,Mobile,India,/products,1,22.3,1,1,0,0,0,0,2026-02
S02452,2026-01-07,Social,Mobile,Canada,/,1,4.2,1,0,0,0,0,0,2026-01
S02453,2026-02-26,Paid Search,Mobile,United States,/contact,1,18.5,1,0,0,0,0,0,2026-02
S02454,2026-02-10,Social,Desktop,United States,/,1,6.9,1,0,0,0,0,0,2026-02
S02455,2026-03-30,Paid Search,Tablet,United States,/products,1,53.4,1,1,0,0,0,0,2026-03
S02456,2026-03-11,Direct,Mobile,Canada,/contact,3,132.6,0,1,0,0,0,1,2026-03
S02457,2026-01-29,Paid Search,Desktop,India,/blog,1,45.7,1,0,0,0,0,0,2026-01
S02458,2026-03-17,Organic Search,Desktop,India,/pricing,1,21.9,1,1,1,0,0,0,2026-03
S02459,2026-02-27,Organic Search,Mobile,United Kingdom,/blog,1,46.2,1,0,0,0,0,0,2026-02
S02460,2026-02-07,Direct,Desktop,India,/,3,320.2,0,0,0,0,0,1,2026-02
S02461,2026-02-22,Email,Mobile,United Kingdom,/features,5,215.4,0,1,1,1,1,1,2026-02
S02462,2026-02-22,Paid Search,Mobile,India,/products,2,65.4,0,1,0,0,0,1,2026-02
S02463,2026-01-26,Organic Search,Mobile,India,/contact,1,60.7,1,0,0,0,0,0,2026-01
S02464,2026-03-12,Paid Search,Desktop,India,/products,6,177.2,0,1,0,0,0,1,2026-03
S02465,2026-01-19,Organic Search,Tablet,Canada,/blog,1,12.3,1,0,0,0,0,0,2026-01
S02466,2026-01-27,Social,Mobile,United Kingdom,/pricing,5,252.5,0,1,1,0,0,1,2026-01
S02467,2026-02-14,Social,Mobile,India,/,2,163.3,0,0,0,0,0,1,2026-02
S02468,2026-02-21,Paid Search,Mobile,India,/products,1,3.3,1,1,1,1,0,0,2026-02
S02469,2026-03-31,Paid Search,Desktop,India,/features,1,19.8,1,1,0,0,0,0,2026-03
S02470,2026-01-20,Direct,Desktop,India,/products,2,189.4,0,1,0,0,0,1,2026-01
S02471,2026-03-17,Direct,Mobile,United Kingdom,/contact,1,6.8,1,0,0,0,0,0,2026-03
S02472,2026-01-20,Email,Desktop,India,/products,6,158.6,0,1,0,0,0,1,2026-01
S02473,2026-03-28,Social,Mobile,India,/blog,1,15.2,1,0,0,0,0,0,2026-03
S02474,2026-01-23,Direct,Mobile,India,/blog,1,3.0,1,0,0,0,0,0,2026-01
S02475,2026-03-18,Direct,Mobile,United States,/pricing,3,142.7,0,1,1,0,0,1,2026-03
S02476,2026-02-12,Organic Search,Mobile,United States,/blog,1,25.0,1,0,0,0,0,0,2026-02
S02477,2026-02-22,Organic Search,Mobile,United States,/blog,4,161.1,0,0,0,0,0,1,2026-02
S02478,2026-01-09,Organic Search,Mobile,United States,/blog,1,27.7,1,0,0,0,0,0,2026-01
S02479,2026-01-05,Direct,Mobile,Australia,/pricing,4,191.2,0,1,1,0,0,1,2026-01
S02480,2026-03-10,Referral,Desktop,India,/blog,3,152.9,0,0,0,0,0,1,2026-03
S02481,2026-01-27,Direct,Mobile,Canada,/products,2,205.6,0,1,0,0,0,1,2026-01
S02482,2026-01-29,Organic Search,Desktop,United States,/,3,104.9,0,0,0,0,0,1,2026-01
S02483,2026-02-08,Organic Search,Mobile,India,/,3,182.9,0,0,0,0,0,1,2026-02
S02484,2026-03-14,Direct,Desktop,United Kingdom,/blog,4,188.9,0,1,0,0,0,1,2026-03
S02485,2026-02-07,Social,Mobile,United States,/contact,5,228.6,0,0,0,0,0,1,2026-02
S02486,2026-01-11,Direct,Desktop,United States,/,1,8.4,1,0,0,0,0,0,2026-01
S02487,2026-03-26,Social,Mobile,India,/pricing,1,25.6,1,1,0,0,0,0,2026-03
S02488,2026-03-03,Social,Mobile,India,/products,1,26.6,1,1,1,0,0,0,2026-03
S02489,2026-02-03,Organic Search,Mobile,Canada,/pricing,2,132.9,0,1,1,0,0,1,2026-02
S02490,2026-03-26,Paid Search,Mobile,India,/blog,5,149.5,0,0,0,0,0,1,2026-03
S02491,2026-03-05,Referral,Desktop,India,/blog,2,152.7,0,0,0,0,0,1,2026-03
S02492,2026-03-22,Direct,Tablet,India,/blog,1,20.6,1,0,0,0,0,0,2026-03
S02493,2026-02-22,Organic Search,Desktop,India,/features,4,108.7,0,1,0,0,0,1,2026-02
S02494,2026-03-23,Referral,Mobile,Canada,/,2,187.2,0,0,0,0,0,1,2026-03
S02495,2026-02-02,Email,Desktop,United States,/pricing,4,117.6,0,1,0,0,0,1,2026-02
S02496,2026-01-22,Direct,Desktop,Australia,/products,2,153.8,0,1,0,0,0,1,2026-01
S02497,2026-03-01,Direct,Mobile,India,/contact,6,142.9,0,0,0,0,0,1,2026-03
S02498,2026-02-15,Organic Search,Mobile,India,/features,5,198.5,0,1,0,0,0,1,2026-02
S02499,2026-01-30,Social,Desktop,India,/,2,132.9,0,0,0,0,0,1,2026-01
S02500,2026-03-29,Direct,Mobile,India,/products,1,42.1,1,1,1,1,0,0,2026-03
S02501,2026-03-07,Organic Search,Mobile,United Kingdom,/pricing,7,233.0,0,1,0,0,0,1,2026-03
S02502,2026-01-10,Paid Search,Desktop,India,/contact,1,39.3,1,0,0,0,0,0,2026-01
S02503,2026-01-13,Referral,Mobile,India,/,1,21.8,1,0,0,0,0,0,2026-01
S02504,2026-03-18,Social,Mobile,Canada,/pricing,4,106.3,0,1,1,0,0,1,2026-03
S02505,2026-03-03,Organic Search,Mobile,United States,/products,4,157.6,0,1,1,1,0,1,2026-03
S02506,2026-02-28,Organic Search,Desktop,India,/blog,2,212.7,0,0,0,0,0,1,2026-02
S02507,2026-01-04,Referral,Tablet,United States,/blog,6,107.7,0,1,1,1,1,1,2026-01
S02508,2026-01-27,Referral,Desktop,India,/products,4,105.9,0,1,0,0,0,1,2026-01
S02509,2026-02-16,Direct,Desktop,Canada,/features,2,130.7,0,1,1,1,0,1,2026-02
S02510,2026-01-22,Paid Search,Desktop,United States,/,4,252.7,0,0,0,0,0,1,2026-01
S02511,2026-03-20,Direct,Desktop,India,/features,3,122.9,0,1,1,0,0,1,2026-03
S02512,2026-03-29,Direct,Mobile,India,/products,8,218.2,0,1,1,1,1,1,2026-03
S02513,2026-01-14,Organic Search,Mobile,India,/pricing,1,19.2,1,1,0,0,0,0,2026-01
S02514,2026-01-05,Organic Search,Desktop,United States,/products,2,115.5,0,1,0,0,0,1,2026-01
S02515,2026-02-02,Organic Search,Desktop,India,/blog,1,4.0,1,0,0,0,0,0,2026-02
S02516,2026-02-24,Social,Mobile,United Kingdom,/products,1,12.2,1,1,0,0,0,0,2026-02
S02517,2026-01-26,Organic Search,Desktop,India,/pricing,3,212.7,0,1,0,0,0,1,2026-01
S02518,2026-01-30,Organic Search,Desktop,India,/,3,198.4,0,1,0,0,0,1,2026-01
S02519,2026-03-19,Direct,Mobile,India,/products,1,18.5,1,1,0,0,0,0,2026-03
S02520,2026-03-07,Organic Search,Mobile,India,/features,1,10.7,1,1,0,0,0,0,2026-03
S02521,2026-01-10,Organic Search,Mobile,India,/pricing,1,9.3,1,1,1,0,0,0,2026-01
S02522,2026-03-19,Paid Search,Mobile,United States,/pricing,3,147.9,0,1,0,0,0,1,2026-03
S02523,2026-02-10,Direct,Mobile,Australia,/blog,3,233.6,0,0,0,0,0,1,2026-02
S02524,2026-03-15,Paid Search,Mobile,India,/pricing,1,32.8,1,1,1,0,0,0,2026-03
S02525,2026-02-28,Email,Mobile,United States,/features,3,244.2,0,1,0,0,0,1,2026-02
S02526,2026-03-17,Organic Search,Mobile,India,/products,5,196.6,0,1,0,0,0,1,2026-03
S02527,2026-01-14,Email,Desktop,United States,/contact,4,118.6,0,0,0,0,0,1,2026-01
S02528,2026-03-26,Email,Desktop,India,/features,2,234.2,0,1,1,0,0,1,2026-03
S02529,2026-02-02,Social,Mobile,United States,/products,1,35.5,1,1,1,0,0,0,2026-02
S02530,2026-03-13,Paid Search,Mobile,India,/products,1,14.3,1,1,0,0,0,0,2026-03
S02531,2026-03-15,Paid Search,Mobile,India,/blog,8,287.8,0,1,0,0,0,1,2026-03
S02532,2026-02-23,Paid Search,Mobile,United States,/blog,2,232.7,0,0,0,0,0,1,2026-02
S02533,2026-01-14,Paid Search,Mobile,India,/products,4,281.8,0,1,1,0,0,1,2026-01
S02534,2026-01-21,Organic Search,Mobile,India,/products,1,53.1,1,1,0,0,0,0,2026-01
S02535,2026-03-10,Referral,Mobile,India,/,7,144.0,0,0,0,0,0,1,2026-03
S02536,2026-01-26,Paid Search,Tablet,Australia,/blog,1,26.3,1,0,0,0,0,0,2026-01
S02537,2026-01-17,Social,Mobile,India,/blog,5,234.0,0,0,0,0,0,1,2026-01
S02538,2026-01-16,Direct,Desktop,United States,/products,4,310.6,0,1,1,1,1,1,2026-01
S02539,2026-02-06,Organic Search,Mobile,Canada,/pricing,6,229.6,0,1,0,0,0,1,2026-02
S02540,2026-03-02,Direct,Mobile,United States,/blog,3,125.5,0,1,1,0,0,1,2026-03
S02541,2026-02-22,Direct,Desktop,India,/contact,1,46.9,1,0,0,0,0,0,2026-02
S02542,2026-01-07,Direct,Mobile,United States,/,2,271.9,0,0,0,0,0,1,2026-01
S02543,2026-02-27,Direct,Desktop,India,/products,3,308.8,0,1,1,0,0,1,2026-02
S02544,2026-01-10,Organic Search,Tablet,United States,/products,1,30.2,1,1,0,0,0,0,2026-01
S02545,2026-01-20,Direct,Mobile,India,/blog,1,20.9,1,0,0,0,0,0,2026-01
S02546,2026-02-15,Direct,Mobile,United Kingdom,/,4,95.3,0,0,0,0,0,1,2026-02
S02547,2026-02-24,Referral,Mobile,Canada,/products,1,19.5,1,1,1,0,0,0,2026-02
S02548,2026-01-30,Organic Search,Mobile,India,/features,1,13.4,1,1,1,0,0,0,2026-01
S02549,2026-02-14,Organic Search,Mobile,India,/pricing,5,262.2,0,1,0,0,0,1,2026-02
S02550,2026-03-24,Organic Search,Mobile,India,/,3,182.3,0,0,0,0,0,1,2026-03
S02551,2026-01-26,Direct,Desktop,United States,/products,4,536.9,0,1,1,0,0,1,2026-01
S02552,2026-03-16,Direct,Desktop,India,/,4,168.2,0,1,1,0,0,1,2026-03
S02553,2026-01-12,Paid Search,Mobile,United States,/products,3,161.6,0,1,0,0,0,1,2026-01
S02554,2026-02-05,Referral,Mobile,India,/products,9,150.5,0,1,1,1,0,1,2026-02
S02555,2026-01-04,Organic Search,Desktop,Australia,/,1,16.3,1,0,0,0,0,0,2026-01
S02556,2026-03-22,Paid Search,Desktop,India,/,1,8.2,1,0,0,0,0,0,2026-03
S02557,2026-01-02,Organic Search,Mobile,India,/features,5,134.6,0,1,0,0,0,1,2026-01
S02558,2026-02-22,Organic Search,Mobile,India,/features,3,177.8,0,1,0,0,0,1,2026-02
S02559,2026-03-11,Direct,Desktop,United States,/,4,163.4,0,1,0,0,0,1,2026-03
S02560,2026-02-11,Organic Search,Desktop,India,/blog,4,189.8,0,1,1,0,0,1,2026-02
S02561,2026-01-28,Paid Search,Desktop,India,/,4,325.4,0,0,0,0,0,1,2026-01
S02562,2026-03-15,Paid Search,Mobile,India,/features,1,30.4,1,1,1,0,0,0,2026-03
S02563,2026-03-06,Social,Mobile,United Kingdom,/features,1,4.5,1,1,1,0,0,0,2026-03
S02564,2026-03-30,Direct,Mobile,Australia,/blog,1,15.5,1,0,0,0,0,0,2026-03
S02565,2026-01-20,Paid Search,Mobile,India,/blog,2,102.0,0,1,1,0,0,1,2026-01
S02566,2026-03-07,Direct,Desktop,India,/products,1,8.5,1,1,1,0,0,0,2026-03
S02567,2026-01-19,Organic Search,Mobile,India,/products,2,129.9,0,1,0,0,0,1,2026-01
S02568,2026-03-04,Organic Search,Desktop,India,/pricing,1,27.8,1,1,0,0,0,0,2026-03
S02569,2026-02-27,Paid Search,Desktop,Australia,/,4,268.1,0,1,0,0,0,1,2026-02
S02570,2026-03-12,Referral,Tablet,India,/blog,1,18.7,1,0,0,0,0,0,2026-03
S02571,2026-03-10,Organic Search,Desktop,United States,/pricing,5,178.3,0,1,1,1,0,1,2026-03
S02572,2026-02-08,Direct,Desktop,Australia,/,1,4.6,1,0,0,0,0,0,2026-02
S02573,2026-02-11,Social,Mobile,United States,/pricing,1,8.4,1,1,0,0,0,0,2026-02
S02574,2026-03-10,Social,Mobile,India,/features,1,9.7,1,1,1,0,0,0,2026-03
S02575,2026-01-18,Direct,Mobile,United States,/pricing,5,132.8,0,1,0,0,0,1,2026-01
S02576,2026-02-15,Paid Search,Tablet,India,/pricing,4,243.8,0,1,0,0,0,1,2026-02
S02577,2026-02-01,Paid Search,Desktop,India,/features,1,20.6,1,1,0,0,0,0,2026-02
S02578,2026-03-22,Email,Mobile,Australia,/,8,255.5,0,1,1,0,0,1,2026-03
S02579,2026-01-29,Organic Search,Mobile,India,/blog,1,29.3,1,0,0,0,0,0,2026-01
S02580,2026-03-19,Referral,Mobile,India,/products,5,137.3,0,1,0,0,0,1,2026-03
S02581,2026-03-21,Organic Search,Mobile,India,/products,1,6.5,1,1,0,0,0,0,2026-03
S02582,2026-01-10,Social,Desktop,India,/contact,2,215.3,0,0,0,0,0,1,2026-01
S02583,2026-01-02,Organic Search,Mobile,United States,/products,3,216.5,0,1,0,0,0,1,2026-01
S02584,2026-02-09,Organic Search,Desktop,United Kingdom,/products,4,157.8,0,1,1,1,1,1,2026-02
S02585,2026-02-07,Organic Search,Mobile,United States,/,1,60.7,1,0,0,0,0,0,2026-02
S02586,2026-03-05,Direct,Mobile,India,/contact,4,282.4,0,0,0,0,0,1,2026-03
S02587,2026-03-18,Direct,Mobile,India,/features,5,117.0,0,1,1,0,0,1,2026-03
S02588,2026-01-10,Organic Search,Tablet,India,/,4,96.6,0,1,0,0,0,1,2026-01
S02589,2026-02-10,Direct,Desktop,India,/pricing,5,185.9,0,1,0,0,0,1,2026-02
S02590,2026-01-30,Direct,Mobile,United Kingdom,/,1,3.0,1,0,0,0,0,0,2026-01
S02591,2026-01-12,Social,Mobile,United States,/blog,1,20.1,1,0,0,0,0,0,2026-01
S02592,2026-02-01,Email,Desktop,Canada,/pricing,5,252.4,0,1,0,0,0,1,2026-02
S02593,2026-03-23,Paid Search,Desktop,United Kingdom,/,1,4.6,1,0,0,0,0,0,2026-03
S02594,2026-03-01,Organic Search,Desktop,India,/pricing,2,374.2,0,1,1,0,0,1,2026-03
S02595,2026-01-11,Organic Search,Desktop,United States,/features,1,20.1,1,1,0,0,0,0,2026-01
S02596,2026-01-08,Email,Desktop,United Kingdom,/products,5,107.1,0,1,1,1,0,1,2026-01
S02597,2026-03-06,Organic Search,Mobile,Australia,/,1,66.6,1,0,0,0,0,0,2026-03
S02598,2026-03-18,Direct,Desktop,India,/contact,2,145.4,0,0,0,0,0,1,2026-03
S02599,2026-03-31,Referral,Mobile,United States,/,4,216.0,0,0,0,0,0,1,2026-03
S02600,2026-02-06,Referral,Desktop,India,/pricing,2,117.7,0,1,0,0,0,1,2026-02
S02601,2026-02-06,Direct,Tablet,United Kingdom,/pricing,8,161.0,0,1,1,1,1,1,2026-02
S02602,2026-01-01,Paid Search,Tablet,Australia,/products,8,238.8,0,1,1,0,0,1,2026-01
S02603,2026-02-16,Direct,Mobile,Australia,/,6,231.9,0,0,0,0,0,1,2026-02
S02604,2026-03-25,Social,Mobile,India,/,5,199.1,0,0,0,0,0,1,2026-03
S02605,2026-01-07,Organic Search,Desktop,India,/,1,26.1,1,0,0,0,0,0,2026-01
S02606,2026-02-25,Organic Search,Tablet,United Kingdom,/pricing,4,192.8,0,1,0,0,0,1,2026-02
S02607,2026-01-09,Paid Search,Desktop,United States,/features,1,30.4,1,1,0,0,0,0,2026-01
S02608,2026-01-16,Organic Search,Mobile,Australia,/,2,110.6,0,1,0,0,0,1,2026-01
S02609,2026-03-02,Paid Search,Mobile,India,/blog,1,28.7,1,0,0,0,0,0,2026-03
S02610,2026-03-17,Direct,Desktop,Canada,/products,1,60.4,1,1,0,0,0,0,2026-03
S02611,2026-01-17,Email,Desktop,United States,/,3,105.8,0,0,0,0,0,1,2026-01
S02612,2026-03-15,Social,Desktop,India,/pricing,1,17.6,1,1,0,0,0,0,2026-03
S02613,2026-01-12,Direct,Desktop,India,/products,8,191.5,0,1,0,0,0,1,2026-01
S02614,2026-03-19,Social,Mobile,United States,/blog,7,343.4,0,0,0,0,0,1,2026-03
S02615,2026-03-22,Organic Search,Mobile,India,/products,4,242.2,0,1,0,0,0,1,2026-03
S02616,2026-02-22,Direct,Desktop,United Kingdom,/blog,7,264.3,0,1,0,0,0,1,2026-02
S02617,2026-03-21,Organic Search,Mobile,United States,/features,1,24.6,1,1,0,0,0,0,2026-03
S02618,2026-02-23,Email,Desktop,India,/products,3,124.1,0,1,0,0,0,1,2026-02
S02619,2026-01-04,Social,Desktop,India,/contact,1,19.6,1,0,0,0,0,0,2026-01
S02620,2026-03-18,Email,Desktop,Australia,/products,6,280.9,0,1,0,0,0,1,2026-03
S02621,2026-01-13,Email,Mobile,United Kingdom,/,8,228.6,0,1,0,0,0,1,2026-01
S02622,2026-02-26,Referral,Desktop,United Kingdom,/products,1,31.9,1,1,1,1,0,0,2026-02
S02623,2026-01-19,Organic Search,Mobile,United Kingdom,/features,1,51.2,1,1,0,0,0,0,2026-01
S02624,2026-01-01,Referral,Mobile,United States,/blog,1,47.8,1,0,0,0,0,0,2026-01
S02625,2026-03-14,Paid Search,Mobile,Australia,/contact,1,73.8,1,0,0,0,0,0,2026-03
S02626,2026-03-02,Direct,Mobile,United States,/blog,1,36.3,1,0,0,0,0,0,2026-03
S02627,2026-02-16,Paid Search,Desktop,United States,/products,1,32.5,1,1,0,0,0,0,2026-02
S02628,2026-03-27,Direct,Desktop,India,/features,4,258.3,0,1,1,1,0,1,2026-03
S02629,2026-01-30,Organic Search,Mobile,India,/contact,3,124.2,0,1,0,0,0,1,2026-01
S02630,2026-02-17,Organic Search,Desktop,United Kingdom,/features,1,39.2,1,1,0,0,0,0,2026-02
S02631,2026-03-07,Organic Search,Mobile,India,/pricing,4,130.7,0,1,0,0,0,1,2026-03
S02632,2026-01-14,Direct,Desktop,United Kingdom,/features,4,233.2,0,1,0,0,0,1,2026-01
S02633,2026-03-26,Email,Desktop,Australia,/,3,143.1,0,0,0,0,0,1,2026-03
S02634,2026-03-31,Paid Search,Mobile,India,/features,1,21.3,1,1,1,1,1,0,2026-03
S02635,2026-03-17,Direct,Mobile,India,/contact,3,133.2,0,1,1,0,0,1,2026-03
S02636,2026-02-12,Direct,Mobile,United States,/blog,1,33.1,1,0,0,0,0,0,2026-02
S02637,2026-02-18,Direct,Mobile,India,/products,4,152.8,0,1,0,0,0,1,2026-02
S02638,2026-01-31,Organic Search,Desktop,United Kingdom,/,2,78.4,0,0,0,0,0,1,2026-01
S02639,2026-02-11,Social,Mobile,United States,/contact,1,12.1,1,0,0,0,0,0,2026-02
S02640,2026-03-22,Organic Search,Mobile,India,/features,2,90.4,0,1,1,1,1,1,2026-03
S02641,2026-02-08,Paid Search,Mobile,United States,/blog,6,118.6,0,0,0,0,0,1,2026-02
S02642,2026-03-03,Social,Desktop,India,/contact,1,23.9,1,0,0,0,0,0,2026-03
S02643,2026-01-25,Paid Search,Mobile,India,/pricing,1,20.8,1,1,1,0,0,0,2026-01
S02644,2026-02-09,Email,Desktop,India,/features,5,195.2,0,1,1,0,0,1,2026-02
S02645,2026-03-06,Organic Search,Desktop,India,/,4,154.6,0,0,0,0,0,1,2026-03
S02646,2026-02-03,Email,Mobile,Canada,/products,5,129.2,0,1,0,0,0,1,2026-02
S02647,2026-02-01,Social,Mobile,India,/pricing,6,235.0,0,1,0,0,0,1,2026-02
S02648,2026-03-22,Social,Mobile,India,/products,1,24.0,1,1,0,0,0,0,2026-03
S02649,2026-03-23,Paid Search,Mobile,India,/pricing,1,14.3,1,1,0,0,0,0,2026-03
S02650,2026-01-29,Email,Desktop,India,/features,1,7.0,1,1,0,0,0,0,2026-01
S02651,2026-01-12,Referral,Desktop,India,/,4,109.2,0,1,0,0,0,1,2026-01
S02652,2026-02-10,Direct,Mobile,United Kingdom,/blog,1,34.0,1,0,0,0,0,0,2026-02
S02653,2026-02-26,Social,Mobile,India,/,8,311.6,0,0,0,0,0,1,2026-02
S02654,2026-02-06,Social,Mobile,United States,/features,1,15.3,1,1,0,0,0,0,2026-02
S02655,2026-01-06,Direct,Mobile,India,/products,6,189.2,0,1,0,0,0,1,2026-01
S02656,2026-03-29,Referral,Desktop,India,/blog,7,171.5,0,1,0,0,0,1,2026-03
S02657,2026-01-18,Direct,Desktop,India,/blog,1,62.8,1,0,0,0,0,0,2026-01
S02658,2026-03-21,Paid Search,Desktop,United Kingdom,/products,1,22.0,1,1,1,1,1,0,2026-03
S02659,2026-02-16,Organic Search,Mobile,Australia,/products,2,117.2,0,1,0,0,0,1,2026-02
S02660,2026-03-04,Organic Search,Mobile,India,/,2,228.3,0,0,0,0,0,1,2026-03
S02661,2026-03-12,Email,Mobile,Australia,/products,6,209.0,0,1,1,0,0,1,2026-03
S02662,2026-02-22,Direct,Tablet,India,/products,5,122.6,0,1,1,0,0,1,2026-02
S02663,2026-03-30,Direct,Desktop,United States,/,6,264.1,0,1,1,0,0,1,2026-03
S02664,2026-02-15,Organic Search,Desktop,United States,/blog,1,22.2,1,0,0,0,0,0,2026-02
S02665,2026-03-09,Direct,Mobile,India,/products,1,7.9,1,1,1,0,0,0,2026-03
S02666,2026-01-10,Social,Mobile,India,/products,4,237.1,0,1,0,0,0,1,2026-01
S02667,2026-03-22,Email,Desktop,India,/products,3,154.2,0,1,1,1,1,1,2026-03
S02668,2026-03-22,Organic Search,Mobile,United States,/pricing,4,227.0,0,1,1,1,0,1,2026-03
S02669,2026-01-06,Paid Search,Desktop,India,/pricing,1,37.3,1,1,0,0,0,0,2026-01
S02670,2026-03-29,Direct,Mobile,Canada,/blog,3,57.3,0,1,1,0,0,1,2026-03
S02671,2026-01-22,Paid Search,Tablet,India,/pricing,1,14.8,1,1,1,0,0,0,2026-01
S02672,2026-03-08,Direct,Mobile,Australia,/pricing,3,95.7,0,1,0,0,0,1,2026-03
S02673,2026-03-28,Direct,Desktop,India,/products,1,24.5,1,1,0,0,0,0,2026-03
S02674,2026-01-26,Direct,Mobile,United States,/products,3,346.3,0,1,0,0,0,1,2026-01
S02675,2026-03-08,Paid Search,Mobile,India,/blog,1,33.5,1,0,0,0,0,0,2026-03
S02676,2026-02-05,Direct,Mobile,India,/products,1,12.0,1,1,0,0,0,0,2026-02
S02677,2026-03-06,Direct,Mobile,India,/features,1,22.1,1,1,1,0,0,0,2026-03
S02678,2026-03-15,Social,Tablet,United States,/pricing,1,9.6,1,1,1,1,0,0,2026-03
S02679,2026-01-22,Social,Desktop,India,/blog,1,31.3,1,0,0,0,0,0,2026-01
S02680,2026-03-17,Direct,Tablet,United States,/pricing,6,169.4,0,1,0,0,0,1,2026-03
S02681,2026-02-27,Social,Tablet,Australia,/contact,5,226.4,0,0,0,0,0,1,2026-02
S02682,2026-01-28,Email,Desktop,India,/products,7,198.9,0,1,0,0,0,1,2026-01
S02683,2026-03-17,Organic Search,Mobile,India,/products,4,116.2,0,1,0,0,0,1,2026-03
S02684,2026-03-03,Paid Search,Desktop,India,/features,1,12.4,1,1,1,1,0,0,2026-03
S02685,2026-01-05,Organic Search,Mobile,India,/blog,1,20.4,1,0,0,0,0,0,2026-01
S02686,2026-03-26,Social,Desktop,India,/pricing,5,199.7,0,1,1,1,1,1,2026-03
S02687,2026-02-22,Organic Search,Mobile,United Kingdom,/products,3,158.8,0,1,0,0,0,1,2026-02
S02688,2026-03-08,Paid Search,Desktop,India,/products,2,47.6,0,1,1,0,0,1,2026-03
S02689,2026-02-03,Organic Search,Mobile,India,/features,1,10.0,1,1,1,0,0,0,2026-02
S02690,2026-02-06,Direct,Mobile,United States,/products,7,220.5,0,1,0,0,0,1,2026-02
S02691,2026-02-01,Referral,Mobile,India,/,3,190.6,0,1,0,0,0,1,2026-02
S02692,2026-02-15,Direct,Mobile,United States,/,2,43.7,0,1,1,0,0,1,2026-02
S02693,2026-03-13,Email,Mobile,Australia,/contact,3,157.8,0,0,0,0,0,1,2026-03
S02694,2026-03-11,Referral,Mobile,India,/pricing,1,25.5,1,1,1,0,0,0,2026-03
S02695,2026-02-19,Email,Mobile,India,/pricing,6,152.0,0,1,1,0,0,1,2026-02
S02696,2026-01-03,Organic Search,Desktop,United Kingdom,/features,4,270.5,0,1,1,0,0,1,2026-01
S02697,2026-01-07,Social,Mobile,United States,/products,1,15.0,1,1,0,0,0,0,2026-01
S02698,2026-03-20,Organic Search,Desktop,United Kingdom,/features,1,33.6,1,1,0,0,0,0,2026-03
S02699,2026-03-30,Direct,Mobile,United Kingdom,/blog,1,6.1,1,0,0,0,0,0,2026-03
S02700,2026-01-14,Email,Mobile,United States,/pricing,6,244.3,0,1,0,0,0,1,2026-01
S02701,2026-02-16,Paid Search,Mobile,United States,/features,1,13.2,1,1,0,0,0,0,2026-02
S02702,2026-03-22,Direct,Mobile,United States,/contact,1,76.4,1,0,0,0,0,0,2026-03
S02703,2026-01-03,Direct,Mobile,United States,/products,1,9.8,1,1,1,0,0,0,2026-01
S02704,2026-03-31,Social,Desktop,United States,/,2,113.6,0,1,0,0,0,1,2026-03
S02705,2026-01-15,Paid Search,Mobile,India,/features,5,230.8,0,1,0,0,0,1,2026-01
S02706,2026-01-05,Direct,Mobile,Canada,/products,4,180.5,0,1,1,1,0,1,2026-01
S02707,2026-02-15,Email,Mobile,India,/pricing,6,247.5,0,1,0,0,0,1,2026-02
S02708,2026-03-28,Organic Search,Mobile,India,/products,1,21.9,1,1,1,1,1,0,2026-03
S02709,2026-03-11,Organic Search,Mobile,India,/features,1,18.7,1,1,1,1,1,0,2026-03
S02710,2026-01-21,Paid Search,Desktop,India,/blog,1,14.9,1,0,0,0,0,0,2026-01
S02711,2026-02-25,Referral,Mobile,United States,/contact,3,216.6,0,0,0,0,0,1,2026-02
S02712,2026-02-11,Organic Search,Desktop,India,/pricing,6,193.8,0,1,0,0,0,1,2026-02
S02713,2026-02-10,Organic Search,Mobile,United States,/contact,1,36.2,1,0,0,0,0,0,2026-02
S02714,2026-01-08,Organic Search,Mobile,India,/pricing,4,112.2,0,1,0,0,0,1,2026-01
S02715,2026-01-29,Email,Mobile,India,/blog,6,213.1,0,1,0,0,0,1,2026-01
S02716,2026-01-21,Organic Search,Mobile,India,/blog,4,187.3,0,0,0,0,0,1,2026-01
S02717,2026-03-30,Direct,Mobile,United States,/pricing,2,286.5,0,1,1,0,0,1,2026-03
S02718,2026-01-23,Referral,Desktop,United Kingdom,/pricing,5,171.9,0,1,0,0,0,1,2026-01
S02719,2026-03-19,Organic Search,Desktop,India,/products,1,47.7,1,1,1,0,0,0,2026-03
S02720,2026-01-17,Direct,Mobile,India,/products,6,132.4,0,1,0,0,0,1,2026-01
S02721,2026-01-05,Direct,Mobile,India,/blog,1,18.7,1,0,0,0,0,0,2026-01
S02722,2026-03-18,Social,Desktop,India,/,2,257.7,0,1,0,0,0,1,2026-03
S02723,2026-02-14,Direct,Mobile,India,/blog,1,16.4,1,0,0,0,0,0,2026-02
S02724,2026-03-29,Direct,Mobile,Australia,/products,2,65.0,0,1,1,0,0,1,2026-03
S02725,2026-01-16,Organic Search,Desktop,India,/products,3,183.4,0,1,0,0,0,1,2026-01
S02726,2026-01-28,Social,Mobile,India,/blog,1,13.1,1,0,0,0,0,0,2026-01
S02727,2026-03-30,Social,Mobile,Canada,/products,1,33.9,1,1,0,0,0,0,2026-03
S02728,2026-03-08,Organic Search,Mobile,United States,/contact,5,212.9,0,1,0,0,0,1,2026-03
S02729,2026-01-18,Direct,Desktop,India,/contact,1,28.6,1,0,0,0,0,0,2026-01
S02730,2026-01-14,Email,Mobile,United States,/pricing,2,65.3,0,1,1,0,0,1,2026-01
S02731,2026-02-08,Organic Search,Desktop,Australia,/products,1,27.3,1,1,1,1,0,0,2026-02
S02732,2026-03-27,Organic Search,Mobile,India,/,5,209.3,0,0,0,0,0,1,2026-03
S02733,2026-01-10,Direct,Mobile,India,/features,1,20.7,1,1,1,1,1,0,2026-01
S02734,2026-03-04,Direct,Mobile,Canada,/,1,16.8,1,0,0,0,0,0,2026-03
S02735,2026-01-14,Organic Search,Desktop,United Kingdom,/contact,3,111.2,0,1,0,0,0,1,2026-01
S02736,2026-03-04,Direct,Mobile,Australia,/contact,5,104.5,0,0,0,0,0,1,2026-03
S02737,2026-03-16,Organic Search,Desktop,India,/,1,12.8,1,0,0,0,0,0,2026-03
S02738,2026-01-23,Direct,Mobile,Australia,/blog,1,14.3,1,0,0,0,0,0,2026-01
S02739,2026-03-03,Paid Search,Mobile,India,/pricing,1,15.3,1,1,0,0,0,0,2026-03
S02740,2026-02-17,Paid Search,Mobile,United States,/pricing,1,5.7,1,1,0,0,0,0,2026-02
S02741,2026-01-06,Organic Search,Mobile,Canada,/,3,71.4,0,1,0,0,0,1,2026-01
S02742,2026-02-06,Email,Mobile,India,/blog,2,133.1,0,0,0,0,0,1,2026-02
S02743,2026-03-10,Organic Search,Desktop,India,/,5,141.1,0,0,0,0,0,1,2026-03
S02744,2026-03-20,Social,Desktop,United States,/features,3,168.8,0,1,0,0,0,1,2026-03
S02745,2026-03-16,Direct,Desktop,Canada,/pricing,3,113.7,0,1,1,1,1,1,2026-03
S02746,2026-03-01,Social,Desktop,India,/blog,1,13.6,1,0,0,0,0,0,2026-03
S02747,2026-03-05,Organic Search,Mobile,Canada,/contact,1,5.3,1,0,0,0,0,0,2026-03
S02748,2026-01-26,Organic Search,Desktop,India,/blog,3,134.0,0,0,0,0,0,1,2026-01
S02749,2026-03-02,Direct,Mobile,India,/pricing,6,266.3,0,1,1,0,0,1,2026-03
S02750,2026-01-10,Organic Search,Desktop,India,/products,1,8.6,1,1,0,0,0,0,2026-01
S02751,2026-01-19,Organic Search,Desktop,Australia,/pricing,4,245.1,0,1,1,1,0,1,2026-01
S02752,2026-03-14,Social,Mobile,India,/products,3,64.9,0,1,0,0,0,1,2026-03
S02753,2026-01-24,Social,Desktop,United States,/contact,1,10.5,1,0,0,0,0,0,2026-01
S02754,2026-01-06,Organic Search,Desktop,India,/products,4,85.3,0,1,1,0,0,1,2026-01
S02755,2026-01-16,Email,Mobile,Australia,/products,1,6.7,1,1,1,1,0,0,2026-01
S02756,2026-02-11,Social,Desktop,United Kingdom,/features,1,7.6,1,1,1,0,0,0,2026-02
S02757,2026-02-17,Email,Mobile,India,/products,5,170.3,0,1,1,0,0,1,2026-02
S02758,2026-02-28,Paid Search,Mobile,India,/features,4,135.9,0,1,0,0,0,1,2026-02
S02759,2026-02-21,Paid Search,Mobile,India,/products,3,222.4,0,1,0,0,0,1,2026-02
S02760,2026-02-24,Direct,Mobile,India,/,2,158.2,0,1,1,0,0,1,2026-02
S02761,2026-01-15,Paid Search,Mobile,United Kingdom,/blog,2,106.9,0,0,0,0,0,1,2026-01
S02762,2026-01-11,Email,Desktop,United States,/pricing,2,342.1,0,1,1,0,0,1,2026-01
S02763,2026-01-30,Organic Search,Mobile,India,/contact,5,163.0,0,1,1,0,0,1,2026-01
S02764,2026-02-28,Organic Search,Mobile,United States,/products,4,94.4,0,1,1,0,0,1,2026-02
S02765,2026-02-17,Organic Search,Desktop,India,/,1,33.9,1,0,0,0,0,0,2026-02
S02766,2026-01-22,Referral,Mobile,India,/products,3,123.7,0,1,0,0,0,1,2026-01
S02767,2026-03-11,Direct,Desktop,India,/products,5,134.9,0,1,1,0,0,1,2026-03
S02768,2026-02-20,Paid Search,Mobile,India,/pricing,2,186.7,0,1,1,0,0,1,2026-02
S02769,2026-03-14,Email,Tablet,United States,/products,2,165.4,0,1,0,0,0,1,2026-03
S02770,2026-01-23,Referral,Desktop,India,/pricing,3,119.8,0,1,0,0,0,1,2026-01
S02771,2026-03-11,Organic Search,Mobile,United States,/features,1,8.7,1,1,0,0,0,0,2026-03
S02772,2026-02-04,Social,Mobile,India,/products,1,4.3,1,1,1,0,0,0,2026-02
S02773,2026-01-14,Email,Mobile,United States,/blog,1,8.8,1,0,0,0,0,0,2026-01
S02774,2026-03-09,Organic Search,Tablet,India,/products,1,41.7,1,1,1,1,0,0,2026-03
S02775,2026-03-20,Social,Desktop,India,/features,1,9.8,1,1,0,0,0,0,2026-03
S02776,2026-01-23,Direct,Mobile,India,/products,2,83.5,0,1,1,1,1,1,2026-01
S02777,2026-01-03,Paid Search,Mobile,India,/pricing,5,210.3,0,1,1,0,0,1,2026-01
S02778,2026-03-18,Direct,Desktop,India,/products,5,221.6,0,1,0,0,0,1,2026-03
S02779,2026-02-19,Organic Search,Mobile,India,/,1,19.5,1,0,0,0,0,0,2026-02
S02780,2026-02-10,Organic Search,Desktop,United Kingdom,/products,3,148.0,0,1,1,0,0,1,2026-02
S02781,2026-01-25,Organic Search,Desktop,India,/products,1,15.5,1,1,1,0,0,0,2026-01
S02782,2026-03-31,Organic Search,Mobile,United Kingdom,/features,1,11.2,1,1,0,0,0,0,2026-03
S02783,2026-01-26,Paid Search,Mobile,United States,/products,3,205.2,0,1,0,0,0,1,2026-01
S02784,2026-02-24,Direct,Mobile,India,/contact,1,4.0,1,0,0,0,0,0,2026-02
S02785,2026-01-20,Organic Search,Mobile,United States,/pricing,1,9.2,1,1,0,0,0,0,2026-01
S02786,2026-01-15,Paid Search,Tablet,India,/products,7,285.1,0,1,0,0,0,1,2026-01
S02787,2026-02-12,Paid Search,Desktop,United States,/products,1,29.0,1,1,0,0,0,0,2026-02
S02788,2026-03-09,Direct,Desktop,United Kingdom,/products,5,240.7,0,1,0,0,0,1,2026-03
S02789,2026-01-05,Referral,Mobile,United Kingdom,/features,6,300.4,0,1,0,0,0,1,2026-01
S02790,2026-02-24,Direct,Mobile,India,/,4,91.4,0,0,0,0,0,1,2026-02
S02791,2026-01-20,Social,Desktop,United States,/features,1,23.5,1,1,1,0,0,0,2026-01
S02792,2026-01-11,Organic Search,Mobile,India,/,3,165.0,0,0,0,0,0,1,2026-01
S02793,2026-03-29,Social,Mobile,India,/products,1,4.6,1,1,0,0,0,0,2026-03
S02794,2026-01-07,Referral,Mobile,India,/,5,222.6,0,0,0,0,0,1,2026-01
S02795,2026-01-16,Email,Desktop,India,/blog,1,4.4,1,0,0,0,0,0,2026-01
S02796,2026-03-16,Paid Search,Desktop,United States,/pricing,1,19.2,1,1,0,0,0,0,2026-03
S02797,2026-01-10,Paid Search,Mobile,Canada,/contact,6,229.1,0,0,0,0,0,1,2026-01
S02798,2026-02-13,Direct,Desktop,India,/products,2,59.1,0,1,1,0,0,1,2026-02
S02799,2026-01-28,Paid Search,Mobile,United States,/,1,8.5,1,0,0,0,0,0,2026-01
S02800,2026-03-04,Social,Mobile,United States,/blog,1,7.3,1,0,0,0,0,0,2026-03
S02801,2026-03-20,Referral,Mobile,Australia,/pricing,1,38.5,1,1,1,0,0,0,2026-03
S02802,2026-02-15,Direct,Desktop,United States,/features,3,223.1,0,1,1,1,1,1,2026-02
S02803,2026-01-14,Organic Search,Mobile,India,/products,1,7.7,1,1,0,0,0,0,2026-01
S02804,2026-03-16,Paid Search,Mobile,India,/blog,3,79.6,0,1,0,0,0,1,2026-03
S02805,2026-03-16,Organic Search,Mobile,United States,/,1,30.7,1,0,0,0,0,0,2026-03
S02806,2026-01-15,Organic Search,Desktop,India,/contact,1,24.3,1,0,0,0,0,0,2026-01
S02807,2026-01-04,Direct,Desktop,Australia,/,2,123.9,0,1,1,1,1,1,2026-01
S02808,2026-01-10,Social,Mobile,Australia,/features,9,381.3,0,1,0,0,0,1,2026-01
S02809,2026-02-07,Organic Search,Desktop,Australia,/products,1,7.3,1,1,1,1,1,0,2026-02
S02810,2026-02-05,Organic Search,Mobile,India,/features,1,19.0,1,1,1,0,0,0,2026-02
S02811,2026-03-26,Organic Search,Mobile,United States,/features,8,336.0,0,1,1,0,0,1,2026-03
S02812,2026-02-16,Email,Desktop,United States,/features,2,229.5,0,1,1,0,0,1,2026-02
S02813,2026-03-31,Paid Search,Desktop,India,/pricing,2,152.3,0,1,0,0,0,1,2026-03
S02814,2026-02-25,Organic Search,Mobile,India,/products,7,170.3,0,1,1,0,0,1,2026-02
S02815,2026-03-31,Organic Search,Mobile,India,/features,4,276.3,0,1,0,0,0,1,2026-03
S02816,2026-01-22,Direct,Mobile,India,/pricing,5,77.5,0,1,0,0,0,1,2026-01
S02817,2026-03-08,Organic Search,Mobile,Australia,/blog,1,8.4,1,0,0,0,0,0,2026-03
S02818,2026-03-10,Paid Search,Desktop,Canada,/products,3,86.3,0,1,1,0,0,1,2026-03
S02819,2026-03-18,Direct,Tablet,India,/pricing,4,179.4,0,1,1,0,0,1,2026-03
S02820,2026-03-08,Referral,Mobile,United States,/products,3,286.4,0,1,0,0,0,1,2026-03
S02821,2026-01-27,Organic Search,Desktop,India,/blog,1,23.2,1,0,0,0,0,0,2026-01
S02822,2026-02-14,Paid Search,Mobile,India,/products,4,155.3,0,1,0,0,0,1,2026-02
S02823,2026-01-29,Organic Search,Mobile,India,/products,4,240.3,0,1,0,0,0,1,2026-01
S02824,2026-02-12,Referral,Mobile,United States,/features,8,226.7,0,1,0,0,0,1,2026-02
S02825,2026-02-17,Referral,Tablet,United States,/pricing,1,12.2,1,1,0,0,0,0,2026-02
S02826,2026-03-06,Social,Mobile,Canada,/features,5,221.9,0,1,1,0,0,1,2026-03
S02827,2026-01-17,Direct,Desktop,Canada,/products,8,217.5,0,1,0,0,0,1,2026-01
S02828,2026-03-31,Organic Search,Mobile,India,/pricing,1,35.6,1,1,0,0,0,0,2026-03
S02829,2026-01-31,Social,Desktop,United Kingdom,/pricing,1,5.5,1,1,0,0,0,0,2026-01
S02830,2026-02-04,Social,Mobile,India,/products,1,7.5,1,1,1,0,0,0,2026-02
S02831,2026-02-19,Organic Search,Tablet,India,/blog,3,95.2,0,0,0,0,0,1,2026-02
S02832,2026-01-25,Direct,Desktop,India,/,3,117.1,0,1,1,0,0,1,2026-01
S02833,2026-02-08,Direct,Mobile,India,/pricing,1,18.3,1,1,1,1,1,0,2026-02
S02834,2026-02-13,Social,Desktop,India,/,1,14.7,1,0,0,0,0,0,2026-02
S02835,2026-01-05,Paid Search,Desktop,India,/blog,3,167.3,0,1,0,0,0,1,2026-01
S02836,2026-01-23,Paid Search,Mobile,India,/features,1,20.9,1,1,1,0,0,0,2026-01
S02837,2026-01-03,Paid Search,Mobile,Australia,/,4,237.2,0,1,1,0,0,1,2026-01
S02838,2026-01-06,Organic Search,Desktop,India,/pricing,1,79.1,1,1,0,0,0,0,2026-01
S02839,2026-03-29,Direct,Desktop,India,/pricing,1,38.6,1,1,1,1,1,0,2026-03
S02840,2026-03-27,Organic Search,Mobile,Australia,/blog,7,208.2,0,0,0,0,0,1,2026-03
S02841,2026-02-14,Social,Desktop,United States,/,1,6.8,1,0,0,0,0,0,2026-02
S02842,2026-02-01,Direct,Mobile,India,/products,7,197.9,0,1,1,0,0,1,2026-02
S02843,2026-02-24,Direct,Mobile,Australia,/features,2,195.1,0,1,0,0,0,1,2026-02
S02844,2026-02-15,Organic Search,Desktop,India,/pricing,4,83.1,0,1,0,0,0,1,2026-02
S02845,2026-03-20,Organic Search,Mobile,India,/blog,2,77.6,0,1,1,1,0,1,2026-03
S02846,2026-01-10,Paid Search,Mobile,United States,/products,2,125.0,0,1,0,0,0,1,2026-01
S02847,2026-03-28,Organic Search,Mobile,India,/contact,6,207.0,0,0,0,0,0,1,2026-03
S02848,2026-03-08,Organic Search,Mobile,United Kingdom,/,2,253.9,0,0,0,0,0,1,2026-03
S02849,2026-03-26,Social,Mobile,India,/,2,216.5,0,0,0,0,0,1,2026-03
S02850,2026-02-13,Direct,Desktop,United States,/pricing,2,68.4,0,1,1,0,0,1,2026-02
S02851,2026-03-06,Direct,Mobile,United States,/pricing,7,230.2,0,1,1,1,0,1,2026-03
S02852,2026-01-17,Direct,Desktop,Australia,/blog,4,174.5,0,1,0,0,0,1,2026-01
S02853,2026-03-11,Social,Desktop,India,/products,1,8.6,1,1,0,0,0,0,2026-03
S02854,2026-01-24,Direct,Mobile,India,/products,1,4.1,1,1,0,0,0,0,2026-01
S02855,2026-01-01,Social,Mobile,Australia,/blog,1,60.9,1,0,0,0,0,0,2026-01
S02856,2026-02-25,Referral,Desktop,United States,/products,5,263.8,0,1,1,1,1,1,2026-02
S02857,2026-01-25,Paid Search,Mobile,India,/blog,1,14.2,1,0,0,0,0,0,2026-01
S02858,2026-03-19,Direct,Mobile,India,/blog,5,141.1,0,0,0,0,0,1,2026-03
S02859,2026-01-19,Social,Desktop,United Kingdom,/,4,178.0,0,1,1,0,0,1,2026-01
S02860,2026-01-10,Direct,Desktop,United States,/blog,1,50.2,1,0,0,0,0,0,2026-01
S02861,2026-01-28,Direct,Desktop,United States,/features,8,216.1,0,1,0,0,0,1,2026-01
S02862,2026-01-17,Direct,Mobile,Canada,/features,5,136.1,0,1,1,1,1,1,2026-01
S02863,2026-03-22,Organic Search,Mobile,India,/,3,264.8,0,0,0,0,0,1,2026-03
S02864,2026-03-19,Organic Search,Mobile,India,/pricing,1,23.4,1,1,1,0,0,0,2026-03
S02865,2026-02-24,Direct,Desktop,United States,/features,3,105.7,0,1,1,1,1,1,2026-02
S02866,2026-03-07,Organic Search,Mobile,Canada,/blog,1,14.9,1,0,0,0,0,0,2026-03
S02867,2026-01-21,Direct,Mobile,India,/products,2,140.5,0,1,1,0,0,1,2026-01
S02868,2026-03-25,Direct,Mobile,United States,/products,3,113.7,0,1,0,0,0,1,2026-03
S02869,2026-03-11,Referral,Desktop,India,/blog,6,178.8,0,1,1,0,0,1,2026-03
S02870,2026-01-15,Organic Search,Desktop,India,/features,3,214.2,0,1,1,1,0,1,2026-01
S02871,2026-02-15,Paid Search,Mobile,Australia,/features,4,205.0,0,1,0,0,0,1,2026-02
S02872,2026-03-01,Direct,Mobile,India,/features,5,199.1,0,1,1,1,1,1,2026-03
S02873,2026-01-11,Organic Search,Mobile,India,/products,4,106.3,0,1,0,0,0,1,2026-01
S02874,2026-01-21,Organic Search,Mobile,United Kingdom,/blog,3,288.5,0,1,0,0,0,1,2026-01
S02875,2026-01-06,Organic Search,Mobile,India,/,1,3.8,1,0,0,0,0,0,2026-01
S02876,2026-01-28,Organic Search,Mobile,India,/,4,380.0,0,0,0,0,0,1,2026-01
S02877,2026-01-10,Organic Search,Desktop,United Kingdom,/,1,34.5,1,0,0,0,0,0,2026-01
S02878,2026-02-18,Direct,Desktop,India,/contact,1,23.5,1,0,0,0,0,0,2026-02
S02879,2026-01-13,Direct,Tablet,United States,/,6,111.5,0,0,0,0,0,1,2026-01
S02880,2026-02-04,Organic Search,Desktop,India,/pricing,2,125.8,0,1,0,0,0,1,2026-02
S02881,2026-01-23,Organic Search,Mobile,India,/pricing,2,64.7,0,1,1,0,0,1,2026-01
S02882,2026-02-21,Organic Search,Mobile,United States,/products,4,150.4,0,1,1,1,1,1,2026-02
S02883,2026-02-06,Direct,Mobile,India,/pricing,7,310.5,0,1,1,0,0,1,2026-02
S02884,2026-02-04,Direct,Desktop,Canada,/,1,3.0,1,0,0,0,0,0,2026-02
S02885,2026-02-12,Direct,Mobile,Australia,/products,1,11.7,1,1,1,0,0,0,2026-02
S02886,2026-03-09,Organic Search,Mobile,Canada,/pricing,4,236.1,0,1,0,0,0,1,2026-03
S02887,2026-03-08,Organic Search,Mobile,India,/features,1,40.3,1,1,0,0,0,0,2026-03
S02888,2026-01-22,Referral,Mobile,India,/blog,1,52.2,1,0,0,0,0,0,2026-01
S02889,2026-03-18,Organic Search,Desktop,Canada,/features,2,211.0,0,1,0,0,0,1,2026-03
S02890,2026-01-07,Organic Search,Desktop,India,/products,1,19.5,1,1,0,0,0,0,2026-01
S02891,2026-02-20,Organic Search,Mobile,United States,/,6,287.9,0,1,1,0,0,1,2026-02
S02892,2026-03-12,Referral,Desktop,Canada,/products,1,20.7,1,1,1,0,0,0,2026-03
S02893,2026-03-10,Paid Search,Mobile,India,/contact,1,6.6,1,0,0,0,0,0,2026-03
S02894,2026-03-22,Paid Search,Mobile,India,/products,2,203.5,0,1,1,0,0,1,2026-03
S02895,2026-02-02,Referral,Mobile,United States,/,5,303.5,0,0,0,0,0,1,2026-02
S02896,2026-03-16,Organic Search,Desktop,United States,/contact,1,25.8,1,0,0,0,0,0,2026-03
S02897,2026-03-23,Referral,Desktop,India,/contact,1,16.6,1,0,0,0,0,0,2026-03
S02898,2026-02-10,Organic Search,Mobile,United States,/,1,41.1,1,0,0,0,0,0,2026-02
S02899,2026-02-17,Paid Search,Tablet,United Kingdom,/blog,1,33.9,1,0,0,0,0,0,2026-02
S02900,2026-02-09,Direct,Mobile,India,/products,2,192.0,0,1,1,0,0,1,2026-02
S02901,2026-01-31,Direct,Mobile,India,/pricing,1,32.3,1,1,1,0,0,0,2026-01
S02902,2026-01-28,Referral,Desktop,United Kingdom,/pricing,1,7.2,1,1,0,0,0,0,2026-01
S02903,2026-01-19,Organic Search,Desktop,United Kingdom,/contact,1,4.4,1,0,0,0,0,0,2026-01
S02904,2026-02-12,Referral,Desktop,Australia,/products,9,353.7,0,1,1,1,1,1,2026-02
S02905,2026-03-28,Direct,Tablet,India,/features,3,138.1,0,1,0,0,0,1,2026-03
S02906,2026-01-04,Paid Search,Mobile,Canada,/,1,55.5,1,0,0,0,0,0,2026-01
S02907,2026-01-14,Referral,Desktop,United Kingdom,/blog,4,170.3,0,0,0,0,0,1,2026-01
S02908,2026-03-02,Organic Search,Desktop,United States,/blog,7,183.1,0,1,1,0,0,1,2026-03
S02909,2026-03-09,Referral,Mobile,India,/blog,1,16.6,1,0,0,0,0,0,2026-03
S02910,2026-03-05,Paid Search,Mobile,India,/contact,1,28.5,1,0,0,0,0,0,2026-03
S02911,2026-01-24,Paid Search,Tablet,India,/blog,1,21.1,1,0,0,0,0,0,2026-01
S02912,2026-03-15,Organic Search,Mobile,India,/blog,1,11.8,1,0,0,0,0,0,2026-03
S02913,2026-01-01,Direct,Mobile,India,/products,1,10.2,1,1,0,0,0,0,2026-01
S02914,2026-02-28,Paid Search,Desktop,Australia,/contact,2,92.7,0,0,0,0,0,1,2026-02
S02915,2026-03-29,Direct,Desktop,India,/pricing,2,92.5,0,1,1,0,0,1,2026-03
S02916,2026-01-17,Organic Search,Tablet,Australia,/products,1,23.3,1,1,0,0,0,0,2026-01
S02917,2026-03-30,Organic Search,Desktop,India,/pricing,4,81.7,0,1,1,1,0,1,2026-03
S02918,2026-03-19,Email,Mobile,Canada,/products,1,22.1,1,1,1,0,0,0,2026-03
S02919,2026-01-26,Organic Search,Desktop,India,/blog,1,5.7,1,0,0,0,0,0,2026-01
S02920,2026-02-03,Paid Search,Mobile,United States,/products,1,6.2,1,1,1,1,1,0,2026-02
S02921,2026-01-24,Referral,Desktop,United States,/products,5,230.9,0,1,1,1,1,1,2026-01
S02922,2026-02-27,Organic Search,Mobile,Australia,/contact,1,16.6,1,0,0,0,0,0,2026-02
S02923,2026-03-13,Organic Search,Desktop,India,/contact,3,210.6,0,0,0,0,0,1,2026-03
S02924,2026-01-20,Paid Search,Mobile,India,/pricing,3,138.2,0,1,0,0,0,1,2026-01
S02925,2026-03-03,Organic Search,Desktop,Australia,/contact,5,243.1,0,1,0,0,0,1,2026-03
S02926,2026-02-06,Paid Search,Mobile,India,/products,1,13.4,1,1,0,0,0,0,2026-02
S02927,2026-01-20,Paid Search,Mobile,United States,/products,1,31.6,1,1,1,0,0,0,2026-01
S02928,2026-02-26,Paid Search,Mobile,India,/features,5,134.0,0,1,1,1,1,1,2026-02
S02929,2026-02-11,Direct,Mobile,India,/blog,1,22.3,1,0,0,0,0,0,2026-02
S02930,2026-03-01,Paid Search,Desktop,United States,/blog,1,28.0,1,0,0,0,0,0,2026-03
S02931,2026-02-28,Paid Search,Mobile,United States,/products,1,19.4,1,1,1,0,0,0,2026-02
S02932,2026-01-28,Organic Search,Mobile,United States,/products,4,139.2,0,1,1,0,0,1,2026-01
S02933,2026-01-30,Paid Search,Mobile,India,/,4,248.8,0,1,1,0,0,1,2026-01
S02934,2026-02-23,Email,Mobile,United Kingdom,/contact,3,119.4,0,1,0,0,0,1,2026-02
S02935,2026-01-11,Paid Search,Desktop,Australia,/products,8,270.4,0,1,0,0,0,1,2026-01
S02936,2026-01-01,Direct,Mobile,India,/pricing,2,160.1,0,1,0,0,0,1,2026-01
S02937,2026-01-08,Direct,Mobile,India,/,1,14.8,1,0,0,0,0,0,2026-01
S02938,2026-02-23,Organic Search,Mobile,India,/blog,1,33.5,1,0,0,0,0,0,2026-02
S02939,2026-03-07,Organic Search,Mobile,United Kingdom,/products,3,307.5,0,1,1,0,0,1,2026-03
S02940,2026-03-23,Organic Search,Desktop,India,/blog,1,22.5,1,0,0,0,0,0,2026-03
S02941,2026-03-11,Referral,Mobile,United States,/pricing,1,18.8,1,1,0,0,0,0,2026-03
S02942,2026-02-17,Organic Search,Mobile,India,/,1,26.8,1,0,0,0,0,0,2026-02
S02943,2026-03-05,Social,Desktop,United States,/,1,21.8,1,0,0,0,0,0,2026-03
S02944,2026-02-09,Organic Search,Mobile,Canada,/products,7,233.8,0,1,1,0,0,1,2026-02
S02945,2026-03-19,Organic Search,Desktop,India,/blog,4,327.5,0,1,1,0,0,1,2026-03
S02946,2026-02-12,Direct,Mobile,India,/features,6,396.4,0,1,1,0,0,1,2026-02
S02947,2026-03-21,Direct,Desktop,India,/products,4,160.9,0,1,0,0,0,1,2026-03
S02948,2026-01-08,Social,Mobile,India,/pricing,6,169.8,0,1,0,0,0,1,2026-01
S02949,2026-02-05,Referral,Mobile,India,/products,5,196.5,0,1,1,1,0,1,2026-02
S02950,2026-02-07,Email,Desktop,Canada,/features,3,143.3,0,1,1,1,1,1,2026-02
S02951,2026-02-04,Organic Search,Desktop,India,/contact,2,244.3,0,0,0,0,0,1,2026-02
S02952,2026-03-16,Social,Desktop,India,/blog,7,265.7,0,0,0,0,0,1,2026-03
S02953,2026-02-05,Organic Search,Desktop,India,/,3,98.9,0,1,1,1,0,1,2026-02
S02954,2026-03-26,Email,Mobile,United States,/pricing,4,112.9,0,1,1,1,0,1,2026-03
S02955,2026-02-05,Direct,Desktop,Australia,/contact,6,223.0,0,1,0,0,0,1,2026-02
S02956,2026-01-17,Direct,Desktop,India,/products,3,258.5,0,1,0,0,0,1,2026-01
S02957,2026-03-28,Organic Search,Mobile,India,/blog,2,101.7,0,1,0,0,0,1,2026-03
S02958,2026-03-04,Organic Search,Mobile,India,/contact,1,107.5,1,0,0,0,0,0,2026-03
S02959,2026-02-16,Organic Search,Mobile,Australia,/features,1,37.1,1,1,1,1,0,0,2026-02
S02960,2026-02-15,Email,Desktop,Canada,/blog,5,233.3,0,1,0,0,0,1,2026-02
S02961,2026-02-06,Social,Mobile,India,/pricing,2,76.0,0,1,1,1,1,1,2026-02
S02962,2026-03-26,Referral,Mobile,United States,/contact,1,10.7,1,0,0,0,0,0,2026-03
S02963,2026-03-19,Organic Search,Desktop,United Kingdom,/products,4,151.5,0,1,0,0,0,1,2026-03
S02964,2026-02-10,Paid Search,Desktop,United Kingdom,/features,1,10.1,1,1,1,0,0,0,2026-02
S02965,2026-03-06,Organic Search,Mobile,India,/pricing,1,11.4,1,1,1,1,1,0,2026-03
S02966,2026-01-20,Direct,Desktop,United Kingdom,/blog,8,175.1,0,0,0,0,0,1,2026-01
S02967,2026-02-06,Direct,Mobile,United States,/features,3,215.3,0,1,0,0,0,1,2026-02
S02968,2026-01-05,Organic Search,Desktop,India,/pricing,4,125.2,0,1,1,1,1,1,2026-01
S02969,2026-01-30,Paid Search,Mobile,India,/products,1,57.4,1,1,0,0,0,0,2026-01
S02970,2026-03-09,Organic Search,Mobile,India,/,1,11.3,1,0,0,0,0,0,2026-03
S02971,2026-02-02,Direct,Desktop,India,/features,1,72.4,1,1,1,1,0,0,2026-02
S02972,2026-03-06,Paid Search,Mobile,India,/blog,1,27.8,1,0,0,0,0,0,2026-03
S02973,2026-03-30,Organic Search,Mobile,Canada,/products,6,109.4,0,1,0,0,0,1,2026-03
S02974,2026-03-25,Referral,Mobile,Canada,/features,1,51.1,1,1,1,0,0,0,2026-03
S02975,2026-02-01,Direct,Desktop,India,/contact,9,251.4,0,1,0,0,0,1,2026-02
S02976,2026-01-06,Social,Desktop,India,/features,2,367.6,0,1,0,0,0,1,2026-01
S02977,2026-03-23,Paid Search,Desktop,United States,/blog,1,15.3,1,0,0,0,0,0,2026-03
S02978,2026-03-30,Paid Search,Tablet,India,/contact,1,37.3,1,0,0,0,0,0,2026-03
S02979,2026-03-26,Paid Search,Desktop,India,/features,1,3.0,1,1,1,1,1,0,2026-03
S02980,2026-01-17,Email,Mobile,United Kingdom,/,1,12.7,1,0,0,0,0,0,2026-01
S02981,2026-01-07,Paid Search,Mobile,India,/contact,3,103.0,0,0,0,0,0,1,2026-01
S02982,2026-02-20,Organic Search,Desktop,India,/pricing,5,207.5,0,1,0,0,0,1,2026-02
S02983,2026-02-27,Organic Search,Desktop,United Kingdom,/contact,7,168.7,0,0,0,0,0,1,2026-02
S02984,2026-02-20,Paid Search,Tablet,United States,/blog,2,161.0,0,0,0,0,0,1,2026-02
S02985,2026-01-05,Organic Search,Desktop,India,/blog,3,107.4,0,0,0,0,0,1,2026-01
S02986,2026-01-04,Organic Search,Mobile,United States,/products,5,126.2,0,1,0,0,0,1,2026-01
S02987,2026-02-03,Organic Search,Desktop,Australia,/,1,9.6,1,0,0,0,0,0,2026-02
S02988,2026-02-26,Direct,Desktop,India,/products,1,41.0,1,1,1,0,0,0,2026-02
S02989,2026-01-22,Organic Search,Desktop,United States,/blog,1,55.8,1,0,0,0,0,0,2026-01
S02990,2026-01-31,Paid Search,Desktop,India,/features,1,20.0,1,1,0,0,0,0,2026-01
S02991,2026-02-23,Social,Mobile,India,/,1,27.2,1,0,0,0,0,0,2026-02
S02992,2026-03-17,Social,Desktop,India,/products,1,43.6,1,1,0,0,0,0,2026-03
S02993,2026-02-17,Organic Search,Mobile,India,/blog,6,204.8,0,1,0,0,0,1,2026-02
S02994,2026-02-17,Direct,Desktop,India,/products,1,4.0,1,1,1,0,0,0,2026-02
S02995,2026-01-23,Paid Search,Mobile,United Kingdom,/,5,240.7,0,0,0,0,0,1,2026-01
S02996,2026-01-07,Direct,Mobile,India,/,1,27.6,1,0,0,0,0,0,2026-01
S02997,2026-03-04,Paid Search,Mobile,Canada,/blog,1,14.5,1,0,0,0,0,0,2026-03
S02998,2026-02-20,Organic Search,Mobile,India,/blog,4,297.7,0,0,0,0,0,1,2026-02
S02999,2026-01-17,Referral,Mobile,Canada,/features,1,13.4,1,1,0,0,0,0,2026-01
S03000,2026-03-28,Organic Search,Tablet,United States,/products,4,131.8,0,1,1,0,0,1,2026-03
S03001,2026-02-11,Social,Mobile,India,/,2,257.1,0,0,0,0,0,1,2026-02
S03002,2026-03-15,Paid Search,Desktop,United States,/features,1,33.7,1,1,1,1,0,0,2026-03
S03003,2026-01-27,Organic Search,Mobile,United Kingdom,/contact,1,48.9,1,0,0,0,0,0,2026-01
S03004,2026-03-09,Social,Mobile,India,/products,1,32.5,1,1,0,0,0,0,2026-03
S03005,2026-01-19,Organic Search,Desktop,India,/features,1,19.1,1,1,0,0,0,0,2026-01
S03006,2026-03-23,Social,Desktop,United States,/blog,3,131.9,0,0,0,0,0,1,2026-03
S03007,2026-03-10,Paid Search,Mobile,United States,/features,3,91.5,0,1,0,0,0,1,2026-03
S03008,2026-03-05,Organic Search,Desktop,India,/products,5,218.5,0,1,1,0,0,1,2026-03
S03009,2026-02-03,Organic Search,Desktop,United Kingdom,/,2,420.8,0,0,0,0,0,1,2026-02
S03010,2026-01-15,Social,Desktop,India,/,5,227.8,0,0,0,0,0,1,2026-01
S03011,2026-02-27,Organic Search,Tablet,India,/blog,1,26.3,1,0,0,0,0,0,2026-02
S03012,2026-02-03,Email,Desktop,United States,/features,1,25.3,1,1,1,1,1,0,2026-02
S03013,2026-03-01,Social,Desktop,Australia,/pricing,6,230.9,0,1,1,1,1,1,2026-03
S03014,2026-01-09,Paid Search,Mobile,India,/,8,212.5,0,0,0,0,0,1,2026-01
S03015,2026-01-24,Organic Search,Mobile,India,/,1,4.3,1,0,0,0,0,0,2026-01
S03016,2026-02-14,Paid Search,Mobile,India,/blog,1,3.0,1,0,0,0,0,0,2026-02
S03017,2026-02-18,Referral,Desktop,United States,/features,1,9.0,1,1,0,0,0,0,2026-02
S03018,2026-01-23,Organic Search,Desktop,India,/products,5,151.9,0,1,0,0,0,1,2026-01
S03019,2026-02-13,Direct,Mobile,India,/blog,3,147.2,0,0,0,0,0,1,2026-02
S03020,2026-03-06,Organic Search,Desktop,India,/pricing,1,52.3,1,1,1,0,0,0,2026-03
S03021,2026-01-02,Direct,Mobile,Canada,/features,4,153.0,0,1,0,0,0,1,2026-01
S03022,2026-01-08,Social,Mobile,India,/features,1,3.0,1,1,0,0,0,0,2026-01
S03023,2026-02-16,Direct,Desktop,United States,/products,4,222.3,0,1,1,1,1,1,2026-02
S03024,2026-01-07,Paid Search,Mobile,India,/blog,3,160.8,0,0,0,0,0,1,2026-01
S03025,2026-01-07,Organic Search,Mobile,India,/features,1,34.5,1,1,0,0,0,0,2026-01
S03026,2026-03-27,Organic Search,Mobile,India,/contact,1,5.7,1,0,0,0,0,0,2026-03
S03027,2026-01-18,Organic Search,Mobile,India,/pricing,1,20.7,1,1,0,0,0,0,2026-01
S03028,2026-03-18,Email,Desktop,India,/,5,534.4,0,0,0,0,0,1,2026-03
S03029,2026-02-07,Paid Search,Tablet,India,/pricing,4,270.6,0,1,1,1,1,1,2026-02
S03030,2026-02-01,Direct,Desktop,India,/blog,1,9.7,1,0,0,0,0,0,2026-02
S03031,2026-02-26,Social,Desktop,India,/products,3,112.1,0,1,0,0,0,1,2026-02
S03032,2026-01-01,Organic Search,Mobile,India,/contact,6,137.9,0,1,0,0,0,1,2026-01
S03033,2026-01-28,Organic Search,Mobile,India,/products,1,20.9,1,1,0,0,0,0,2026-01
S03034,2026-01-26,Organic Search,Mobile,India,/features,1,14.2,1,1,0,0,0,0,2026-01
S03035,2026-01-01,Referral,Mobile,India,/products,5,206.4,0,1,0,0,0,1,2026-01
S03036,2026-01-23,Paid Search,Desktop,United States,/,1,17.9,1,0,0,0,0,0,2026-01
S03037,2026-01-31,Paid Search,Mobile,Australia,/pricing,4,126.3,0,1,1,1,1,1,2026-01
S03038,2026-03-08,Organic Search,Mobile,United States,/blog,5,195.3,0,1,0,0,0,1,2026-03
S03039,2026-02-06,Organic Search,Mobile,India,/features,1,24.8,1,1,1,0,0,0,2026-02
S03040,2026-02-12,Paid Search,Desktop,Australia,/pricing,1,22.6,1,1,1,1,0,0,2026-02
S03041,2026-01-19,Direct,Mobile,Australia,/,1,33.1,1,0,0,0,0,0,2026-01
S03042,2026-02-21,Referral,Mobile,India,/contact,2,175.1,0,0,0,0,0,1,2026-02
S03043,2026-03-23,Social,Desktop,India,/pricing,1,23.2,1,1,1,1,1,0,2026-03
S03044,2026-03-22,Direct,Mobile,United Kingdom,/products,2,81.2,0,1,1,0,0,1,2026-03
S03045,2026-03-26,Social,Desktop,Australia,/features,2,79.1,0,1,1,1,0,1,2026-03
S03046,2026-02-07,Referral,Mobile,United Kingdom,/,3,218.5,0,0,0,0,0,1,2026-02
S03047,2026-03-19,Direct,Desktop,United States,/,1,21.5,1,0,0,0,0,0,2026-03
S03048,2026-01-01,Paid Search,Tablet,United States,/pricing,1,19.4,1,1,0,0,0,0,2026-01
S03049,2026-02-11,Email,Mobile,Australia,/blog,3,239.1,0,0,0,0,0,1,2026-02
S03050,2026-03-27,Organic Search,Desktop,India,/pricing,2,258.5,0,1,1,0,0,1,2026-03
S03051,2026-02-22,Email,Mobile,India,/contact,3,80.7,0,1,1,0,0,1,2026-02
S03052,2026-02-17,Organic Search,Desktop,Canada,/products,3,151.1,0,1,0,0,0,1,2026-02
S03053,2026-03-30,Paid Search,Desktop,India,/contact,4,205.9,0,0,0,0,0,1,2026-03
S03054,2026-01-11,Social,Desktop,India,/,3,101.5,0,0,0,0,0,1,2026-01
S03055,2026-03-12,Paid Search,Desktop,India,/,1,89.2,1,0,0,0,0,0,2026-03
S03056,2026-03-17,Direct,Desktop,India,/products,6,225.3,0,1,1,0,0,1,2026-03
S03057,2026-02-28,Paid Search,Mobile,India,/,1,35.8,1,0,0,0,0,0,2026-02
S03058,2026-01-18,Organic Search,Mobile,United States,/pricing,2,85.8,0,1,0,0,0,1,2026-01
S03059,2026-03-30,Organic Search,Desktop,India,/features,1,19.1,1,1,0,0,0,0,2026-03
S03060,2026-03-05,Organic Search,Desktop,United States,/features,2,265.2,0,1,1,0,0,1,2026-03
S03061,2026-02-28,Paid Search,Desktop,India,/blog,1,9.6,1,0,0,0,0,0,2026-02
S03062,2026-01-31,Direct,Mobile,Australia,/,4,185.3,0,1,1,0,0,1,2026-01
S03063,2026-01-04,Organic Search,Mobile,United States,/features,4,247.2,0,1,0,0,0,1,2026-01
S03064,2026-03-26,Email,Desktop,Australia,/products,6,198.5,0,1,1,0,0,1,2026-03
S03065,2026-03-16,Direct,Desktop,India,/blog,1,15.8,1,0,0,0,0,0,2026-03
S03066,2026-02-21,Direct,Mobile,India,/blog,6,148.6,0,1,1,1,0,1,2026-02
S03067,2026-02-03,Direct,Mobile,United Kingdom,/,7,202.1,0,1,0,0,0,1,2026-02
S03068,2026-01-26,Organic Search,Mobile,Canada,/pricing,1,36.6,1,1,0,0,0,0,2026-01
S03069,2026-01-31,Social,Mobile,India,/contact,1,8.6,1,0,0,0,0,0,2026-01
S03070,2026-02-02,Direct,Tablet,United States,/products,3,127.2,0,1,0,0,0,1,2026-02
S03071,2026-02-08,Organic Search,Mobile,United States,/blog,5,176.2,0,1,0,0,0,1,2026-02
S03072,2026-02-12,Referral,Mobile,India,/contact,6,171.3,0,0,0,0,0,1,2026-02
S03073,2026-01-03,Social,Mobile,United States,/products,1,8.1,1,1,1,0,0,0,2026-01
S03074,2026-03-22,Social,Mobile,India,/products,1,42.7,1,1,1,1,0,0,2026-03
S03075,2026-02-01,Email,Tablet,India,/pricing,1,42.7,1,1,1,0,0,0,2026-02
S03076,2026-02-08,Email,Mobile,Canada,/features,2,114.6,0,1,0,0,0,1,2026-02
S03077,2026-03-27,Direct,Mobile,India,/pricing,2,212.6,0,1,1,1,1,1,2026-03
S03078,2026-02-22,Paid Search,Mobile,United Kingdom,/pricing,5,116.2,0,1,0,0,0,1,2026-02
S03079,2026-01-30,Paid Search,Tablet,United Kingdom,/products,2,179.0,0,1,0,0,0,1,2026-01
S03080,2026-01-17,Organic Search,Tablet,Australia,/contact,1,8.4,1,0,0,0,0,0,2026-01
S03081,2026-02-01,Organic Search,Mobile,India,/features,6,246.1,0,1,1,1,1,1,2026-02
S03082,2026-01-18,Organic Search,Desktop,India,/blog,1,20.7,1,0,0,0,0,0,2026-01
S03083,2026-02-25,Paid Search,Mobile,India,/contact,1,62.1,1,0,0,0,0,0,2026-02
S03084,2026-01-12,Social,Mobile,United States,/blog,1,6.7,1,0,0,0,0,0,2026-01
S03085,2026-01-05,Social,Mobile,India,/contact,1,3.4,1,0,0,0,0,0,2026-01
S03086,2026-01-17,Organic Search,Desktop,United Kingdom,/,5,204.7,0,0,0,0,0,1,2026-01
S03087,2026-02-15,Organic Search,Desktop,India,/products,2,79.0,0,1,1,0,0,1,2026-02
S03088,2026-01-31,Direct,Mobile,India,/features,2,132.1,0,1,1,0,0,1,2026-01
S03089,2026-03-20,Direct,Mobile,Canada,/products,2,77.4,0,1,1,0,0,1,2026-03
S03090,2026-01-29,Email,Mobile,Canada,/products,1,28.8,1,1,1,0,0,0,2026-01
S03091,2026-01-16,Email,Mobile,India,/blog,4,123.5,0,0,0,0,0,1,2026-01
S03092,2026-03-09,Email,Mobile,United States,/blog,5,319.4,0,0,0,0,0,1,2026-03
S03093,2026-03-04,Email,Mobile,India,/products,1,4.2,1,1,1,0,0,0,2026-03
S03094,2026-02-27,Referral,Tablet,United Kingdom,/products,2,119.7,0,1,0,0,0,1,2026-02
S03095,2026-02-14,Direct,Mobile,India,/products,1,10.9,1,1,1,0,0,0,2026-02
S03096,2026-01-24,Organic Search,Desktop,United States,/,6,185.7,0,0,0,0,0,1,2026-01
S03097,2026-03-07,Organic Search,Mobile,India,/products,3,363.7,0,1,1,0,0,1,2026-03
S03098,2026-01-24,Direct,Mobile,India,/pricing,1,30.8,1,1,1,0,0,0,2026-01
S03099,2026-02-13,Organic Search,Mobile,United Kingdom,/features,7,325.4,0,1,1,1,0,1,2026-02
S03100,2026-01-26,Organic Search,Desktop,India,/products,6,332.7,0,1,0,0,0,1,2026-01
S03101,2026-02-12,Referral,Mobile,India,/products,1,21.5,1,1,0,0,0,0,2026-02
S03102,2026-02-05,Organic Search,Mobile,India,/blog,7,205.9,0,0,0,0,0,1,2026-02
S03103,2026-01-07,Referral,Desktop,India,/,5,110.5,0,0,0,0,0,1,2026-01
S03104,2026-02-16,Social,Desktop,United States,/products,6,216.6,0,1,1,0,0,1,2026-02
S03105,2026-02-21,Paid Search,Desktop,India,/products,1,13.7,1,1,0,0,0,0,2026-02
S03106,2026-03-03,Paid Search,Mobile,United Kingdom,/blog,1,109.8,1,0,0,0,0,0,2026-03
S03107,2026-03-02,Direct,Mobile,Canada,/,1,34.8,1,0,0,0,0,0,2026-03
S03108,2026-02-21,Paid Search,Desktop,India,/pricing,1,17.3,1,1,0,0,0,0,2026-02
S03109,2026-02-25,Organic Search,Desktop,United Kingdom,/blog,1,11.7,1,0,0,0,0,0,2026-02
S03110,2026-01-29,Referral,Desktop,India,/features,1,64.2,1,1,0,0,0,0,2026-01
S03111,2026-01-23,Organic Search,Mobile,India,/blog,1,22.4,1,0,0,0,0,0,2026-01
S03112,2026-02-15,Organic Search,Mobile,India,/contact,1,9.1,1,0,0,0,0,0,2026-02
S03113,2026-01-17,Paid Search,Desktop,India,/blog,3,157.8,0,0,0,0,0,1,2026-01
S03114,2026-03-20,Paid Search,Desktop,India,/products,1,27.4,1,1,1,0,0,0,2026-03
S03115,2026-03-22,Direct,Mobile,India,/products,1,17.1,1,1,1,0,0,0,2026-03
S03116,2026-02-21,Paid Search,Desktop,Canada,/,4,144.8,0,1,0,0,0,1,2026-02
S03117,2026-03-08,Organic Search,Desktop,United States,/products,2,90.0,0,1,0,0,0,1,2026-03
S03118,2026-01-10,Paid Search,Mobile,Australia,/,1,35.7,1,0,0,0,0,0,2026-01
S03119,2026-02-03,Organic Search,Mobile,United States,/products,1,37.9,1,1,1,1,1,0,2026-02
S03120,2026-02-15,Organic Search,Desktop,United States,/blog,1,46.8,1,0,0,0,0,0,2026-02
S03121,2026-01-10,Organic Search,Mobile,India,/blog,6,158.4,0,0,0,0,0,1,2026-01
S03122,2026-03-28,Direct,Mobile,United States,/products,2,160.3,0,1,1,0,0,1,2026-03
S03123,2026-03-29,Direct,Desktop,India,/pricing,1,14.0,1,1,0,0,0,0,2026-03
S03124,2026-02-19,Direct,Mobile,Australia,/products,3,125.0,0,1,1,0,0,1,2026-02
S03125,2026-03-31,Organic Search,Desktop,Australia,/pricing,5,164.7,0,1,1,1,1,1,2026-03
S03126,2026-01-13,Organic Search,Mobile,India,/pricing,1,3.0,1,1,1,1,1,0,2026-01
S03127,2026-03-06,Direct,Mobile,United States,/products,1,24.2,1,1,1,1,1,0,2026-03
S03128,2026-03-15,Organic Search,Desktop,United States,/products,3,237.5,0,1,0,0,0,1,2026-03
S03129,2026-01-18,Paid Search,Desktop,United States,/contact,1,4.7,1,0,0,0,0,0,2026-01
S03130,2026-01-26,Referral,Mobile,India,/pricing,1,24.7,1,1,0,0,0,0,2026-01
S03131,2026-01-30,Direct,Desktop,United States,/pricing,3,103.3,0,1,1,0,0,1,2026-01
S03132,2026-02-03,Email,Desktop,United Kingdom,/,2,71.4,0,0,0,0,0,1,2026-02
S03133,2026-01-27,Organic Search,Desktop,India,/products,7,153.9,0,1,1,1,1,1,2026-01
S03134,2026-03-29,Organic Search,Desktop,India,/products,4,195.6,0,1,0,0,0,1,2026-03
S03135,2026-01-11,Social,Mobile,India,/contact,1,51.0,1,0,0,0,0,0,2026-01
S03136,2026-01-18,Social,Mobile,Australia,/,1,15.7,1,0,0,0,0,0,2026-01
S03137,2026-02-13,Email,Mobile,India,/products,5,122.5,0,1,0,0,0,1,2026-02
S03138,2026-02-02,Organic Search,Mobile,India,/contact,1,42.4,1,0,0,0,0,0,2026-02
S03139,2026-03-14,Social,Desktop,India,/pricing,1,13.3,1,1,1,1,1,0,2026-03
S03140,2026-03-28,Direct,Mobile,Canada,/products,1,9.4,1,1,1,0,0,0,2026-03
S03141,2026-01-30,Organic Search,Mobile,United States,/blog,3,70.3,0,1,1,0,0,1,2026-01
S03142,2026-03-22,Organic Search,Mobile,India,/pricing,4,154.7,0,1,1,1,1,1,2026-03
S03143,2026-02-28,Referral,Mobile,India,/contact,1,6.7,1,0,0,0,0,0,2026-02
S03144,2026-01-02,Organic Search,Mobile,United Kingdom,/,3,176.0,0,0,0,0,0,1,2026-01
S03145,2026-01-01,Social,Desktop,India,/features,2,107.7,0,1,1,1,1,1,2026-01
S03146,2026-03-11,Paid Search,Desktop,India,/products,1,60.1,1,1,0,0,0,0,2026-03
S03147,2026-01-05,Social,Mobile,Australia,/features,1,37.3,1,1,0,0,0,0,2026-01
S03148,2026-01-10,Paid Search,Mobile,India,/features,7,271.1,0,1,0,0,0,1,2026-01
S03149,2026-03-07,Email,Desktop,India,/features,4,387.6,0,1,1,0,0,1,2026-03
S03150,2026-02-22,Organic Search,Mobile,India,/features,1,13.9,1,1,0,0,0,0,2026-02
S03151,2026-02-13,Organic Search,Mobile,United Kingdom,/blog,1,16.2,1,0,0,0,0,0,2026-02
S03152,2026-03-05,Paid Search,Mobile,United Kingdom,/,4,237.9,0,1,1,1,0,1,2026-03
S03153,2026-01-09,Direct,Mobile,India,/,1,8.0,1,0,0,0,0,0,2026-01
S03154,2026-02-14,Organic Search,Desktop,United States,/products,4,169.6,0,1,1,0,0,1,2026-02
S03155,2026-01-27,Organic Search,Desktop,Australia,/pricing,4,225.2,0,1,1,1,0,1,2026-01
S03156,2026-03-31,Direct,Tablet,United Kingdom,/products,4,88.0,0,1,0,0,0,1,2026-03
S03157,2026-01-01,Organic Search,Desktop,India,/blog,1,7.4,1,0,0,0,0,0,2026-01
S03158,2026-02-15,Organic Search,Mobile,India,/blog,1,7.2,1,0,0,0,0,0,2026-02
S03159,2026-01-04,Email,Mobile,Canada,/contact,1,7.6,1,0,0,0,0,0,2026-01
S03160,2026-01-13,Organic Search,Mobile,India,/products,1,34.1,1,1,0,0,0,0,2026-01
S03161,2026-01-31,Referral,Mobile,India,/features,1,41.3,1,1,1,0,0,0,2026-01
S03162,2026-01-04,Referral,Mobile,India,/blog,1,8.3,1,0,0,0,0,0,2026-01
S03163,2026-02-27,Organic Search,Mobile,Canada,/contact,1,22.0,1,0,0,0,0,0,2026-02
S03164,2026-03-02,Paid Search,Mobile,India,/features,4,172.0,0,1,1,0,0,1,2026-03
S03165,2026-03-14,Paid Search,Mobile,India,/products,1,47.9,1,1,1,0,0,0,2026-03
S03166,2026-02-07,Paid Search,Desktop,United States,/,1,3.7,1,0,0,0,0,0,2026-02
S03167,2026-02-22,Organic Search,Desktop,India,/contact,1,24.1,1,0,0,0,0,0,2026-02
S03168,2026-03-02,Organic Search,Tablet,India,/blog,5,156.8,0,0,0,0,0,1,2026-03
S03169,2026-03-17,Organic Search,Mobile,India,/features,1,8.2,1,1,0,0,0,0,2026-03
S03170,2026-02-28,Paid Search,Mobile,India,/features,5,169.0,0,1,1,0,0,1,2026-02
S03171,2026-01-11,Referral,Tablet,Australia,/blog,1,6.7,1,0,0,0,0,0,2026-01
S03172,2026-02-04,Paid Search,Desktop,India,/blog,3,170.2,0,0,0,0,0,1,2026-02
S03173,2026-01-09,Paid Search,Desktop,Canada,/contact,4,164.5,0,0,0,0,0,1,2026-01
S03174,2026-02-03,Referral,Mobile,India,/features,2,143.4,0,1,1,0,0,1,2026-02
S03175,2026-02-14,Paid Search,Mobile,India,/products,2,155.7,0,1,1,1,1,1,2026-02
S03176,2026-02-13,Organic Search,Desktop,India,/,2,231.3,0,0,0,0,0,1,2026-02
S03177,2026-01-12,Email,Desktop,India,/,1,34.5,1,0,0,0,0,0,2026-01
S03178,2026-02-11,Direct,Mobile,India,/pricing,1,33.7,1,1,0,0,0,0,2026-02
S03179,2026-01-02,Organic Search,Mobile,India,/features,5,238.1,0,1,1,1,0,1,2026-01
S03180,2026-01-20,Direct,Mobile,Australia,/features,4,309.7,0,1,1,1,0,1,2026-01
S03181,2026-03-10,Referral,Mobile,India,/products,3,186.5,0,1,1,0,0,1,2026-03
S03182,2026-01-02,Organic Search,Desktop,Australia,/products,1,27.3,1,1,1,1,1,0,2026-01
S03183,2026-02-10,Direct,Mobile,India,/pricing,5,183.7,0,1,1,0,0,1,2026-02
S03184,2026-03-16,Organic Search,Mobile,India,/features,5,222.0,0,1,0,0,0,1,2026-03
S03185,2026-01-04,Organic Search,Mobile,United States,/blog,4,145.3,0,0,0,0,0,1,2026-01
S03186,2026-03-17,Organic Search,Desktop,India,/,1,18.4,1,0,0,0,0,0,2026-03
S03187,2026-03-16,Social,Mobile,India,/products,1,7.5,1,1,1,0,0,0,2026-03
S03188,2026-03-08,Email,Mobile,India,/pricing,6,225.6,0,1,0,0,0,1,2026-03
S03189,2026-01-21,Organic Search,Desktop,India,/pricing,5,494.5,0,1,1,1,1,1,2026-01
S03190,2026-02-05,Organic Search,Desktop,United Kingdom,/features,3,125.3,0,1,1,1,0,1,2026-02
S03191,2026-03-06,Organic Search,Desktop,India,/contact,5,97.9,0,0,0,0,0,1,2026-03
S03192,2026-02-16,Organic Search,Desktop,Australia,/,1,41.0,1,0,0,0,0,0,2026-02
S03193,2026-01-27,Direct,Mobile,India,/products,1,37.7,1,1,1,0,0,0,2026-01
S03194,2026-01-04,Paid Search,Desktop,India,/products,4,200.9,0,1,1,1,1,1,2026-01
S03195,2026-03-09,Paid Search,Desktop,India,/products,1,5.4,1,1,0,0,0,0,2026-03
S03196,2026-03-27,Direct,Mobile,India,/products,1,18.4,1,1,0,0,0,0,2026-03
S03197,2026-03-21,Direct,Desktop,Canada,/,1,51.5,1,0,0,0,0,0,2026-03
S03198,2026-01-29,Organic Search,Mobile,Canada,/,1,62.3,1,0,0,0,0,0,2026-01
S03199,2026-03-03,Organic Search,Mobile,India,/features,2,86.4,0,1,0,0,0,1,2026-03
S03200,2026-03-03,Referral,Mobile,India,/,1,13.8,1,0,0,0,0,0,2026-03
S03201,2026-02-21,Social,Mobile,Canada,/features,1,53.6,1,1,0,0,0,0,2026-02
S03202,2026-02-10,Referral,Tablet,India,/products,3,240.1,0,1,0,0,0,1,2026-02
S03203,2026-03-04,Email,Mobile,United States,/products,1,19.8,1,1,0,0,0,0,2026-03
S03204,2026-01-07,Paid Search,Desktop,India,/,4,130.4,0,1,1,0,0,1,2026-01
S03205,2026-02-22,Referral,Mobile,India,/,3,254.6,0,1,1,0,0,1,2026-02
S03206,2026-03-04,Direct,Mobile,India,/products,2,93.5,0,1,1,0,0,1,2026-03
S03207,2026-02-13,Organic Search,Mobile,India,/features,5,227.2,0,1,1,0,0,1,2026-02
S03208,2026-01-22,Organic Search,Mobile,Canada,/features,4,141.7,0,1,0,0,0,1,2026-01
S03209,2026-02-01,Organic Search,Desktop,United States,/,4,204.4,0,0,0,0,0,1,2026-02
S03210,2026-02-26,Organic Search,Tablet,Australia,/,6,131.1,0,1,0,0,0,1,2026-02
S03211,2026-03-27,Direct,Mobile,United Kingdom,/,1,16.9,1,0,0,0,0,0,2026-03
S03212,2026-03-17,Paid Search,Tablet,India,/blog,5,120.4,0,0,0,0,0,1,2026-03
S03213,2026-02-27,Social,Desktop,India,/products,1,16.7,1,1,0,0,0,0,2026-02
S03214,2026-02-02,Paid Search,Desktop,India,/products,1,33.2,1,1,1,0,0,0,2026-02
S03215,2026-02-19,Organic Search,Mobile,Canada,/features,1,59.0,1,1,0,0,0,0,2026-02
S03216,2026-03-19,Social,Mobile,India,/features,5,129.0,0,1,0,0,0,1,2026-03
S03217,2026-02-11,Direct,Desktop,Australia,/blog,1,11.0,1,0,0,0,0,0,2026-02
S03218,2026-02-03,Organic Search,Mobile,United States,/,4,171.0,0,0,0,0,0,1,2026-02
S03219,2026-03-28,Organic Search,Mobile,United States,/products,2,226.8,0,1,1,0,0,1,2026-03
S03220,2026-02-03,Direct,Desktop,India,/products,2,78.8,0,1,0,0,0,1,2026-02
S03221,2026-02-08,Organic Search,Mobile,United States,/blog,1,11.9,1,0,0,0,0,0,2026-02
S03222,2026-03-22,Social,Desktop,United States,/features,6,312.7,0,1,1,1,0,1,2026-03
S03223,2026-01-29,Social,Mobile,United States,/,1,17.5,1,0,0,0,0,0,2026-01
S03224,2026-03-06,Paid Search,Desktop,India,/features,5,110.6,0,1,0,0,0,1,2026-03
S03225,2026-02-13,Organic Search,Mobile,United States,/pricing,1,30.1,1,1,1,1,0,0,2026-02
S03226,2026-02-23,Social,Mobile,India,/features,1,65.8,1,1,0,0,0,0,2026-02
S03227,2026-02-23,Paid Search,Desktop,United States,/,1,19.3,1,0,0,0,0,0,2026-02
S03228,2026-01-13,Organic Search,Mobile,United States,/products,2,72.3,0,1,0,0,0,1,2026-01
S03229,2026-02-07,Paid Search,Desktop,India,/,4,194.5,0,0,0,0,0,1,2026-02
S03230,2026-01-05,Direct,Desktop,United Kingdom,/blog,1,43.9,1,0,0,0,0,0,2026-01
S03231,2026-02-10,Direct,Mobile,India,/,1,27.5,1,0,0,0,0,0,2026-02
S03232,2026-03-06,Organic Search,Mobile,United States,/products,2,197.2,0,1,1,0,0,1,2026-03
S03233,2026-02-21,Direct,Desktop,United States,/features,4,196.9,0,1,1,1,0,1,2026-02
S03234,2026-02-07,Organic Search,Desktop,United States,/blog,1,28.1,1,0,0,0,0,0,2026-02
S03235,2026-01-25,Organic Search,Desktop,United Kingdom,/blog,3,144.3,0,0,0,0,0,1,2026-01
S03236,2026-01-07,Organic Search,Mobile,India,/blog,1,26.2,1,0,0,0,0,0,2026-01
S03237,2026-01-30,Referral,Desktop,India,/blog,3,101.2,0,0,0,0,0,1,2026-01
S03238,2026-01-07,Organic Search,Mobile,United States,/blog,4,256.2,0,0,0,0,0,1,2026-01
S03239,2026-03-25,Direct,Desktop,India,/products,2,253.5,0,1,1,1,1,1,2026-03
S03240,2026-01-02,Direct,Mobile,India,/,4,160.0,0,1,1,0,0,1,2026-01
S03241,2026-01-26,Email,Mobile,India,/pricing,2,118.8,0,1,0,0,0,1,2026-01
S03242,2026-02-15,Paid Search,Tablet,India,/,1,11.4,1,0,0,0,0,0,2026-02
S03243,2026-02-02,Email,Tablet,Australia,/pricing,2,74.5,0,1,0,0,0,1,2026-02
S03244,2026-03-12,Organic Search,Mobile,India,/pricing,5,157.7,0,1,0,0,0,1,2026-03
S03245,2026-02-26,Organic Search,Desktop,India,/,1,34.8,1,0,0,0,0,0,2026-02
S03246,2026-03-09,Direct,Mobile,Australia,/features,4,231.0,0,1,1,0,0,1,2026-03
S03247,2026-03-18,Direct,Mobile,Australia,/blog,3,94.3,0,0,0,0,0,1,2026-03
S03248,2026-01-24,Social,Mobile,India,/pricing,5,177.8,0,1,0,0,0,1,2026-01
S03249,2026-03-25,Email,Mobile,Canada,/contact,6,197.0,0,1,1,0,0,1,2026-03
S03250,2026-03-03,Direct,Mobile,India,/products,6,238.9,0,1,1,1,0,1,2026-03
S03251,2026-01-15,Referral,Mobile,United Kingdom,/products,1,3.1,1,1,1,0,0,0,2026-01
S03252,2026-03-27,Direct,Mobile,India,/products,5,317.0,0,1,0,0,0,1,2026-03
S03253,2026-03-23,Organic Search,Desktop,India,/pricing,1,24.1,1,1,1,0,0,0,2026-03
S03254,2026-03-14,Direct,Desktop,India,/products,4,184.5,0,1,1,1,0,1,2026-03
S03255,2026-02-15,Organic Search,Desktop,United States,/features,1,19.7,1,1,1,1,1,0,2026-02
S03256,2026-02-08,Social,Mobile,India,/products,2,184.0,0,1,0,0,0,1,2026-02
S03257,2026-02-15,Organic Search,Desktop,India,/pricing,2,241.6,0,1,1,1,1,1,2026-02
S03258,2026-03-07,Organic Search,Mobile,United States,/pricing,4,241.7,0,1,0,0,0,1,2026-03
S03259,2026-01-20,Paid Search,Desktop,India,/products,2,172.1,0,1,0,0,0,1,2026-01
S03260,2026-01-15,Organic Search,Mobile,Canada,/blog,1,10.8,1,0,0,0,0,0,2026-01
S03261,2026-02-14,Organic Search,Mobile,India,/blog,4,187.1,0,0,0,0,0,1,2026-02
S03262,2026-03-12,Paid Search,Mobile,India,/blog,2,394.3,0,1,0,0,0,1,2026-03
S03263,2026-03-19,Organic Search,Desktop,India,/blog,1,48.4,1,0,0,0,0,0,2026-03
S03264,2026-01-20,Direct,Desktop,India,/pricing,4,180.6,0,1,1,1,0,1,2026-01
S03265,2026-02-02,Direct,Desktop,India,/pricing,1,16.8,1,1,1,0,0,0,2026-02
S03266,2026-02-04,Organic Search,Tablet,India,/blog,1,20.6,1,0,0,0,0,0,2026-02
S03267,2026-03-06,Organic Search,Desktop,United States,/products,4,190.9,0,1,1,0,0,1,2026-03
S03268,2026-02-23,Social,Mobile,India,/pricing,1,23.6,1,1,0,0,0,0,2026-02
S03269,2026-01-30,Referral,Desktop,India,/,6,205.2,0,0,0,0,0,1,2026-01
S03270,2026-02-20,Organic Search,Mobile,United Kingdom,/blog,8,211.6,0,1,1,0,0,1,2026-02
S03271,2026-01-23,Referral,Mobile,India,/,1,5.2,1,0,0,0,0,0,2026-01
S03272,2026-02-20,Paid Search,Mobile,United States,/contact,3,121.4,0,0,0,0,0,1,2026-02
S03273,2026-03-28,Paid Search,Tablet,Canada,/,3,177.9,0,0,0,0,0,1,2026-03
S03274,2026-03-12,Paid Search,Desktop,India,/products,4,106.4,0,1,1,1,1,1,2026-03
S03275,2026-02-25,Paid Search,Mobile,United States,/products,7,202.0,0,1,1,1,1,1,2026-02
S03276,2026-01-21,Social,Mobile,Australia,/products,1,38.9,1,1,0,0,0,0,2026-01
S03277,2026-01-12,Direct,Mobile,United States,/products,2,44.4,0,1,0,0,0,1,2026-01
S03278,2026-03-20,Direct,Desktop,Australia,/blog,2,234.6,0,1,0,0,0,1,2026-03
S03279,2026-02-17,Direct,Desktop,India,/,5,356.3,0,0,0,0,0,1,2026-02
S03280,2026-01-04,Organic Search,Mobile,United States,/products,1,10.7,1,1,0,0,0,0,2026-01
S03281,2026-02-11,Paid Search,Mobile,India,/,5,187.2,0,0,0,0,0,1,2026-02
S03282,2026-01-14,Organic Search,Desktop,India,/products,6,171.8,0,1,1,0,0,1,2026-01
S03283,2026-02-17,Organic Search,Mobile,Australia,/contact,2,160.1,0,0,0,0,0,1,2026-02
S03284,2026-03-29,Organic Search,Mobile,India,/products,6,259.8,0,1,0,0,0,1,2026-03
S03285,2026-01-17,Organic Search,Mobile,Australia,/features,1,19.9,1,1,1,0,0,0,2026-01
S03286,2026-03-10,Paid Search,Mobile,United States,/pricing,1,11.1,1,1,1,0,0,0,2026-03
S03287,2026-02-23,Paid Search,Mobile,Australia,/pricing,1,41.6,1,1,1,1,1,0,2026-02
S03288,2026-01-14,Direct,Desktop,Australia,/features,1,25.4,1,1,0,0,0,0,2026-01
S03289,2026-01-27,Organic Search,Mobile,United States,/,1,20.3,1,0,0,0,0,0,2026-01
S03290,2026-02-10,Direct,Mobile,Australia,/features,1,32.1,1,1,0,0,0,0,2026-02
S03291,2026-03-16,Direct,Desktop,United Kingdom,/pricing,5,243.5,0,1,1,1,1,1,2026-03
S03292,2026-01-01,Social,Desktop,United States,/products,3,156.0,0,1,0,0,0,1,2026-01
S03293,2026-02-18,Paid Search,Mobile,United States,/features,2,202.5,0,1,1,0,0,1,2026-02
S03294,2026-02-16,Direct,Mobile,India,/products,6,279.1,0,1,0,0,0,1,2026-02
S03295,2026-02-18,Direct,Desktop,India,/contact,1,26.7,1,0,0,0,0,0,2026-02
S03296,2026-03-30,Referral,Mobile,India,/contact,2,207.7,0,0,0,0,0,1,2026-03
S03297,2026-03-03,Social,Desktop,India,/products,1,22.1,1,1,1,1,0,0,2026-03
S03298,2026-02-28,Direct,Mobile,India,/products,1,13.8,1,1,1,0,0,0,2026-02
S03299,2026-01-30,Direct,Mobile,India,/features,5,120.4,0,1,0,0,0,1,2026-01
S03300,2026-02-24,Organic Search,Mobile,United States,/products,4,154.8,0,1,1,0,0,1,2026-02
S03301,2026-03-23,Referral,Desktop,United States,/blog,1,15.2,1,0,0,0,0,0,2026-03
S03302,2026-03-16,Organic Search,Mobile,Canada,/,5,113.4,0,0,0,0,0,1,2026-03
S03303,2026-01-24,Organic Search,Mobile,Australia,/products,1,23.9,1,1,0,0,0,0,2026-01
S03304,2026-02-21,Referral,Mobile,Canada,/pricing,1,11.6,1,1,0,0,0,0,2026-02
S03305,2026-02-09,Paid Search,Desktop,United States,/blog,1,11.6,1,0,0,0,0,0,2026-02
S03306,2026-02-27,Organic Search,Mobile,India,/blog,5,166.8,0,1,0,0,0,1,2026-02
S03307,2026-02-19,Organic Search,Desktop,Australia,/blog,3,93.7,0,0,0,0,0,1,2026-02
S03308,2026-01-27,Organic Search,Desktop,India,/products,2,188.8,0,1,1,0,0,1,2026-01
S03309,2026-03-22,Paid Search,Mobile,India,/products,4,218.5,0,1,1,1,1,1,2026-03
S03310,2026-02-20,Organic Search,Tablet,India,/products,5,149.2,0,1,1,1,0,1,2026-02
S03311,2026-03-26,Referral,Desktop,United States,/products,1,8.9,1,1,0,0,0,0,2026-03
S03312,2026-03-08,Referral,Mobile,United States,/products,4,199.3,0,1,0,0,0,1,2026-03
S03313,2026-02-24,Direct,Mobile,India,/blog,1,16.5,1,0,0,0,0,0,2026-02
S03314,2026-02-16,Paid Search,Mobile,United Kingdom,/products,2,145.6,0,1,0,0,0,1,2026-02
S03315,2026-01-08,Organic Search,Mobile,India,/,2,200.3,0,0,0,0,0,1,2026-01
S03316,2026-02-06,Organic Search,Mobile,India,/blog,1,23.2,1,0,0,0,0,0,2026-02
S03317,2026-02-24,Social,Desktop,India,/,1,28.7,1,0,0,0,0,0,2026-02
S03318,2026-01-19,Organic Search,Desktop,India,/contact,7,130.5,0,0,0,0,0,1,2026-01
S03319,2026-03-02,Organic Search,Mobile,United Kingdom,/products,1,4.0,1,1,1,1,0,0,2026-03
S03320,2026-01-23,Organic Search,Mobile,India,/,1,22.6,1,0,0,0,0,0,2026-01
S03321,2026-02-28,Organic Search,Mobile,India,/features,2,341.7,0,1,0,0,0,1,2026-02
S03322,2026-03-24,Direct,Mobile,India,/blog,1,25.0,1,0,0,0,0,0,2026-03
S03323,2026-01-19,Paid Search,Mobile,United Kingdom,/features,1,22.8,1,1,0,0,0,0,2026-01
S03324,2026-01-12,Social,Desktop,Australia,/pricing,3,155.5,0,1,0,0,0,1,2026-01
S03325,2026-03-29,Paid Search,Desktop,United States,/products,1,38.3,1,1,0,0,0,0,2026-03
S03326,2026-02-26,Email,Mobile,United States,/blog,3,148.4,0,0,0,0,0,1,2026-02
S03327,2026-03-25,Direct,Desktop,Australia,/products,3,133.8,0,1,0,0,0,1,2026-03
S03328,2026-03-08,Email,Mobile,India,/pricing,1,24.8,1,1,0,0,0,0,2026-03
S03329,2026-01-12,Direct,Desktop,India,/products,1,24.2,1,1,1,0,0,0,2026-01
S03330,2026-01-18,Organic Search,Mobile,India,/products,4,123.6,0,1,0,0,0,1,2026-01
S03331,2026-03-01,Referral,Mobile,India,/,1,9.2,1,0,0,0,0,0,2026-03
S03332,2026-01-16,Organic Search,Desktop,India,/features,4,104.0,0,1,1,0,0,1,2026-01
S03333,2026-03-25,Organic Search,Mobile,India,/products,4,93.1,0,1,1,1,1,1,2026-03
S03334,2026-01-19,Organic Search,Desktop,India,/contact,4,225.8,0,0,0,0,0,1,2026-01
S03335,2026-01-19,Direct,Mobile,India,/products,1,12.5,1,1,0,0,0,0,2026-01
S03336,2026-02-19,Direct,Desktop,India,/pricing,4,158.7,0,1,0,0,0,1,2026-02
S03337,2026-02-10,Direct,Desktop,India,/products,4,216.1,0,1,1,0,0,1,2026-02
S03338,2026-01-18,Email,Mobile,Canada,/blog,1,28.1,1,0,0,0,0,0,2026-01
S03339,2026-03-19,Organic Search,Mobile,United States,/features,5,278.7,0,1,0,0,0,1,2026-03
S03340,2026-01-26,Direct,Desktop,India,/pricing,5,101.2,0,1,1,1,1,1,2026-01
S03341,2026-02-15,Direct,Mobile,India,/products,5,188.3,0,1,1,0,0,1,2026-02
S03342,2026-02-01,Social,Mobile,India,/blog,1,13.5,1,0,0,0,0,0,2026-02
S03343,2026-03-13,Organic Search,Desktop,India,/products,3,114.2,0,1,1,0,0,1,2026-03
S03344,2026-01-04,Organic Search,Mobile,India,/blog,6,155.6,0,1,0,0,0,1,2026-01
S03345,2026-02-21,Direct,Desktop,India,/blog,1,6.8,1,0,0,0,0,0,2026-02
S03346,2026-01-03,Paid Search,Mobile,Canada,/products,3,124.1,0,1,0,0,0,1,2026-01
S03347,2026-01-22,Social,Desktop,Canada,/blog,1,9.0,1,0,0,0,0,0,2026-01
S03348,2026-01-01,Paid Search,Mobile,United Kingdom,/blog,2,175.3,0,1,0,0,0,1,2026-01
S03349,2026-02-16,Social,Mobile,United States,/,1,8.4,1,0,0,0,0,0,2026-02
S03350,2026-03-21,Direct,Mobile,United Kingdom,/products,1,32.3,1,1,1,0,0,0,2026-03
S03351,2026-02-05,Organic Search,Desktop,United Kingdom,/products,8,550.0,0,1,1,0,0,1,2026-02
S03352,2026-03-24,Organic Search,Desktop,Canada,/features,1,19.7,1,1,0,0,0,0,2026-03
S03353,2026-01-21,Organic Search,Desktop,United Kingdom,/pricing,1,38.8,1,1,1,0,0,0,2026-01
S03354,2026-02-21,Direct,Mobile,United Kingdom,/pricing,1,4.9,1,1,1,1,0,0,2026-02
S03355,2026-01-16,Direct,Mobile,United Kingdom,/products,4,222.0,0,1,1,1,1,1,2026-01
S03356,2026-01-04,Direct,Desktop,United States,/,1,25.4,1,0,0,0,0,0,2026-01
S03357,2026-01-13,Paid Search,Desktop,India,/,5,338.6,0,0,0,0,0,1,2026-01
S03358,2026-02-17,Direct,Mobile,India,/products,6,260.5,0,1,1,0,0,1,2026-02
S03359,2026-03-07,Paid Search,Desktop,India,/,5,337.5,0,1,0,0,0,1,2026-03
S03360,2026-03-21,Paid Search,Mobile,India,/,1,13.0,1,0,0,0,0,0,2026-03
S03361,2026-02-14,Organic Search,Mobile,India,/blog,1,3.0,1,0,0,0,0,0,2026-02
S03362,2026-03-18,Direct,Desktop,India,/blog,4,132.3,0,1,0,0,0,1,2026-03
S03363,2026-02-11,Paid Search,Mobile,India,/,3,245.8,0,1,0,0,0,1,2026-02
S03364,2026-02-23,Paid Search,Mobile,Australia,/blog,3,152.2,0,0,0,0,0,1,2026-02
S03365,2026-03-23,Organic Search,Mobile,India,/,6,257.5,0,1,0,0,0,1,2026-03
S03366,2026-01-11,Direct,Tablet,India,/products,3,314.6,0,1,1,0,0,1,2026-01
S03367,2026-03-29,Paid Search,Mobile,India,/contact,5,169.1,0,0,0,0,0,1,2026-03
S03368,2026-01-31,Paid Search,Desktop,India,/pricing,3,114.2,0,1,1,0,0,1,2026-01
S03369,2026-01-08,Organic Search,Mobile,United States,/,3,256.1,0,1,1,0,0,1,2026-01
S03370,2026-03-31,Direct,Mobile,United States,/products,1,12.0,1,1,1,1,1,0,2026-03
S03371,2026-01-14,Email,Mobile,India,/blog,1,32.4,1,0,0,0,0,0,2026-01
S03372,2026-03-16,Organic Search,Mobile,India,/products,1,37.0,1,1,1,0,0,0,2026-03
S03373,2026-02-06,Email,Mobile,India,/contact,3,112.4,0,0,0,0,0,1,2026-02
S03374,2026-03-06,Organic Search,Mobile,United States,/products,4,221.1,0,1,1,0,0,1,2026-03
S03375,2026-03-10,Direct,Desktop,Australia,/,4,249.1,0,1,1,0,0,1,2026-03
S03376,2026-01-29,Direct,Mobile,Australia,/pricing,4,139.4,0,1,0,0,0,1,2026-01
S03377,2026-02-13,Organic Search,Desktop,India,/blog,2,136.3,0,1,0,0,0,1,2026-02
S03378,2026-01-17,Email,Desktop,United Kingdom,/pricing,4,140.1,0,1,0,0,0,1,2026-01
S03379,2026-01-20,Direct,Mobile,United Kingdom,/contact,1,47.7,1,0,0,0,0,0,2026-01
S03380,2026-02-08,Referral,Mobile,Canada,/features,5,306.2,0,1,0,0,0,1,2026-02
S03381,2026-01-03,Organic Search,Mobile,India,/,2,38.6,0,1,1,0,0,1,2026-01
S03382,2026-01-22,Email,Mobile,India,/,6,174.8,0,1,1,1,1,1,2026-01
S03383,2026-03-22,Referral,Mobile,India,/products,1,17.5,1,1,1,0,0,0,2026-03
S03384,2026-01-31,Direct,Mobile,India,/blog,1,12.5,1,0,0,0,0,0,2026-01
S03385,2026-03-31,Organic Search,Mobile,United States,/blog,3,176.3,0,1,0,0,0,1,2026-03
S03386,2026-03-14,Paid Search,Mobile,India,/products,1,35.2,1,1,0,0,0,0,2026-03
S03387,2026-02-20,Direct,Tablet,India,/contact,4,347.5,0,0,0,0,0,1,2026-02
S03388,2026-01-16,Referral,Desktop,Canada,/products,1,59.0,1,1,0,0,0,0,2026-01
S03389,2026-03-13,Direct,Mobile,India,/features,2,133.7,0,1,0,0,0,1,2026-03
S03390,2026-01-23,Organic Search,Mobile,Australia,/features,4,246.2,0,1,1,1,1,1,2026-01
S03391,2026-03-01,Organic Search,Desktop,United Kingdom,/,1,12.0,1,0,0,0,0,0,2026-03
S03392,2026-01-23,Paid Search,Mobile,Canada,/products,1,13.8,1,1,1,1,1,0,2026-01
S03393,2026-02-15,Referral,Mobile,United Kingdom,/products,2,83.2,0,1,0,0,0,1,2026-02
S03394,2026-03-24,Organic Search,Desktop,India,/features,1,27.1,1,1,0,0,0,0,2026-03
S03395,2026-02-20,Social,Mobile,India,/products,1,17.1,1,1,0,0,0,0,2026-02
S03396,2026-01-10,Referral,Mobile,Australia,/features,6,240.0,0,1,0,0,0,1,2026-01
S03397,2026-01-21,Organic Search,Mobile,India,/pricing,2,188.8,0,1,1,1,0,1,2026-01
S03398,2026-02-11,Organic Search,Desktop,India,/pricing,4,155.5,0,1,0,0,0,1,2026-02
S03399,2026-01-09,Paid Search,Tablet,United States,/features,1,19.7,1,1,0,0,0,0,2026-01
S03400,2026-03-25,Paid Search,Desktop,India,/pricing,1,21.0,1,1,0,0,0,0,2026-03
S03401,2026-01-09,Organic Search,Mobile,India,/blog,1,34.2,1,0,0,0,0,0,2026-01
S03402,2026-03-19,Social,Mobile,India,/products,6,158.1,0,1,1,0,0,1,2026-03
S03403,2026-03-11,Direct,Desktop,India,/,1,6.5,1,0,0,0,0,0,2026-03
S03404,2026-03-01,Email,Desktop,United States,/,4,283.2,0,1,0,0,0,1,2026-03
S03405,2026-02-03,Email,Desktop,India,/products,3,120.1,0,1,0,0,0,1,2026-02
S03406,2026-03-04,Social,Desktop,India,/blog,1,21.1,1,0,0,0,0,0,2026-03
S03407,2026-01-27,Direct,Mobile,India,/products,4,139.4,0,1,1,0,0,1,2026-01
S03408,2026-03-05,Organic Search,Desktop,United States,/pricing,2,134.3,0,1,1,0,0,1,2026-03
S03409,2026-02-08,Direct,Desktop,India,/,2,97.5,0,1,0,0,0,1,2026-02
S03410,2026-01-12,Organic Search,Desktop,India,/blog,5,156.5,0,1,0,0,0,1,2026-01
S03411,2026-03-08,Paid Search,Desktop,United Kingdom,/features,5,321.5,0,1,0,0,0,1,2026-03
S03412,2026-01-06,Organic Search,Mobile,India,/blog,1,16.6,1,0,0,0,0,0,2026-01
S03413,2026-02-11,Direct,Desktop,United Kingdom,/contact,7,128.9,0,0,0,0,0,1,2026-02
S03414,2026-01-01,Organic Search,Mobile,India,/,1,39.2,1,0,0,0,0,0,2026-01
S03415,2026-01-15,Organic Search,Mobile,India,/,5,255.1,0,0,0,0,0,1,2026-01
S03416,2026-02-13,Organic Search,Desktop,India,/pricing,1,14.5,1,1,0,0,0,0,2026-02
S03417,2026-02-03,Paid Search,Desktop,Canada,/products,1,12.1,1,1,1,0,0,0,2026-02
S03418,2026-03-05,Social,Desktop,India,/blog,1,13.2,1,0,0,0,0,0,2026-03
S03419,2026-02-26,Organic Search,Mobile,India,/features,1,11.7,1,1,1,1,1,0,2026-02
S03420,2026-02-12,Email,Mobile,United States,/,2,208.7,0,1,0,0,0,1,2026-02
S03421,2026-03-11,Email,Mobile,India,/features,1,41.4,1,1,0,0,0,0,2026-03
S03422,2026-01-01,Direct,Desktop,United Kingdom,/,1,8.6,1,0,0,0,0,0,2026-01
S03423,2026-01-24,Paid Search,Desktop,Australia,/blog,4,209.0,0,0,0,0,0,1,2026-01
S03424,2026-03-05,Direct,Tablet,United States,/products,4,159.4,0,1,0,0,0,1,2026-03
S03425,2026-03-29,Organic Search,Mobile,India,/blog,3,241.2,0,0,0,0,0,1,2026-03
S03426,2026-02-05,Direct,Mobile,India,/,1,15.6,1,0,0,0,0,0,2026-02
S03427,2026-02-12,Organic Search,Desktop,Australia,/contact,1,12.6,1,0,0,0,0,0,2026-02
S03428,2026-03-14,Email,Mobile,India,/contact,1,41.2,1,0,0,0,0,0,2026-03
S03429,2026-02-18,Referral,Tablet,India,/pricing,4,123.2,0,1,1,1,0,1,2026-02
S03430,2026-03-26,Social,Desktop,Australia,/pricing,1,18.7,1,1,1,1,0,0,2026-03
S03431,2026-01-27,Paid Search,Mobile,Australia,/blog,4,271.4,0,1,0,0,0,1,2026-01
S03432,2026-02-11,Direct,Mobile,India,/pricing,1,21.1,1,1,0,0,0,0,2026-02
S03433,2026-03-19,Referral,Desktop,India,/pricing,5,173.2,0,1,0,0,0,1,2026-03
S03434,2026-02-11,Organic Search,Desktop,United States,/pricing,2,198.4,0,1,0,0,0,1,2026-02
S03435,2026-02-03,Organic Search,Desktop,Canada,/features,4,241.6,0,1,1,0,0,1,2026-02
S03436,2026-02-05,Paid Search,Desktop,India,/blog,1,46.9,1,0,0,0,0,0,2026-02
S03437,2026-01-03,Direct,Mobile,India,/products,1,12.4,1,1,0,0,0,0,2026-01
S03438,2026-02-08,Direct,Desktop,India,/features,1,29.2,1,1,0,0,0,0,2026-02
S03439,2026-02-03,Organic Search,Desktop,India,/products,6,171.6,0,1,1,0,0,1,2026-02
S03440,2026-02-25,Paid Search,Mobile,India,/,5,107.1,0,1,0,0,0,1,2026-02
S03441,2026-03-22,Organic Search,Desktop,United Kingdom,/contact,1,24.0,1,0,0,0,0,0,2026-03
S03442,2026-03-08,Organic Search,Mobile,India,/products,1,11.0,1,1,1,0,0,0,2026-03
S03443,2026-03-30,Organic Search,Mobile,India,/,3,278.9,0,0,0,0,0,1,2026-03
S03444,2026-02-05,Direct,Mobile,Canada,/pricing,1,53.7,1,1,1,1,1,0,2026-02
S03445,2026-02-08,Email,Desktop,India,/features,1,27.2,1,1,0,0,0,0,2026-02
S03446,2026-01-22,Direct,Mobile,India,/,1,23.6,1,0,0,0,0,0,2026-01
S03447,2026-02-18,Paid Search,Mobile,Australia,/pricing,1,13.9,1,1,1,0,0,0,2026-02
S03448,2026-01-10,Social,Desktop,India,/,1,5.0,1,0,0,0,0,0,2026-01
S03449,2026-01-24,Direct,Mobile,Canada,/products,4,157.2,0,1,1,0,0,1,2026-01
S03450,2026-03-07,Social,Desktop,India,/products,3,126.1,0,1,0,0,0,1,2026-03
S03451,2026-01-11,Paid Search,Desktop,India,/,5,174.6,0,1,0,0,0,1,2026-01
S03452,2026-02-07,Direct,Mobile,United States,/contact,1,44.4,1,0,0,0,0,0,2026-02
S03453,2026-01-02,Organic Search,Mobile,India,/blog,1,22.6,1,0,0,0,0,0,2026-01
S03454,2026-03-06,Organic Search,Tablet,United States,/features,3,179.1,0,1,0,0,0,1,2026-03
S03455,2026-01-31,Referral,Mobile,India,/features,1,30.5,1,1,1,0,0,0,2026-01
S03456,2026-02-02,Social,Mobile,United States,/contact,1,54.9,1,0,0,0,0,0,2026-02
S03457,2026-01-12,Referral,Tablet,India,/blog,1,18.1,1,0,0,0,0,0,2026-01
S03458,2026-02-28,Email,Desktop,United Kingdom,/products,2,175.5,0,1,1,0,0,1,2026-02
S03459,2026-01-16,Organic Search,Desktop,United States,/features,1,16.2,1,1,0,0,0,0,2026-01
S03460,2026-02-08,Social,Mobile,India,/pricing,6,246.7,0,1,1,0,0,1,2026-02
S03461,2026-01-29,Direct,Desktop,India,/products,6,277.1,0,1,0,0,0,1,2026-01
S03462,2026-03-26,Social,Desktop,India,/products,3,210.0,0,1,1,1,1,1,2026-03
S03463,2026-03-12,Organic Search,Desktop,United States,/products,1,12.2,1,1,1,0,0,0,2026-03
S03464,2026-02-12,Organic Search,Desktop,India,/pricing,3,98.1,0,1,0,0,0,1,2026-02
S03465,2026-03-17,Social,Desktop,United States,/features,1,3.0,1,1,0,0,0,0,2026-03
S03466,2026-03-02,Social,Mobile,India,/pricing,3,79.9,0,1,1,0,0,1,2026-03
S03467,2026-01-25,Paid Search,Mobile,India,/products,3,234.7,0,1,0,0,0,1,2026-01
S03468,2026-02-21,Organic Search,Mobile,United Kingdom,/,4,114.0,0,0,0,0,0,1,2026-02
S03469,2026-01-09,Organic Search,Mobile,India,/features,8,188.5,0,1,0,0,0,1,2026-01
S03470,2026-03-16,Referral,Mobile,India,/products,2,122.9,0,1,0,0,0,1,2026-03
S03471,2026-01-23,Direct,Mobile,United States,/pricing,1,11.5,1,1,0,0,0,0,2026-01
S03472,2026-03-06,Direct,Desktop,United Kingdom,/blog,1,12.0,1,0,0,0,0,0,2026-03
S03473,2026-02-06,Direct,Mobile,India,/features,3,237.5,0,1,1,0,0,1,2026-02
S03474,2026-02-06,Direct,Mobile,India,/pricing,3,186.2,0,1,0,0,0,1,2026-02
S03475,2026-01-06,Direct,Mobile,India,/blog,1,35.8,1,0,0,0,0,0,2026-01
S03476,2026-01-15,Direct,Mobile,United States,/products,1,25.4,1,1,0,0,0,0,2026-01
S03477,2026-03-15,Social,Desktop,India,/contact,1,21.1,1,0,0,0,0,0,2026-03
S03478,2026-02-08,Email,Mobile,United States,/pricing,1,24.9,1,1,1,0,0,0,2026-02
S03479,2026-01-03,Referral,Mobile,United Kingdom,/blog,1,7.3,1,0,0,0,0,0,2026-01
S03480,2026-03-24,Paid Search,Desktop,Australia,/,5,154.4,0,0,0,0,0,1,2026-03
S03481,2026-03-18,Direct,Mobile,India,/blog,1,6.7,1,0,0,0,0,0,2026-03
S03482,2026-03-09,Paid Search,Mobile,India,/products,3,401.8,0,1,0,0,0,1,2026-03
S03483,2026-02-16,Social,Desktop,India,/pricing,4,146.4,0,1,1,1,1,1,2026-02
S03484,2026-02-07,Paid Search,Mobile,India,/blog,1,39.9,1,0,0,0,0,0,2026-02
S03485,2026-02-18,Paid Search,Desktop,India,/features,1,7.1,1,1,0,0,0,0,2026-02
S03486,2026-02-04,Social,Desktop,Canada,/products,4,166.5,0,1,1,1,0,1,2026-02
S03487,2026-01-17,Paid Search,Desktop,India,/features,1,49.9,1,1,0,0,0,0,2026-01
S03488,2026-01-05,Social,Mobile,India,/products,5,143.5,0,1,0,0,0,1,2026-01
S03489,2026-02-10,Organic Search,Desktop,United States,/pricing,2,133.5,0,1,1,0,0,1,2026-02
S03490,2026-01-28,Direct,Desktop,Australia,/,1,19.7,1,0,0,0,0,0,2026-01
S03491,2026-02-12,Paid Search,Mobile,India,/products,3,157.7,0,1,1,1,0,1,2026-02
S03492,2026-02-28,Organic Search,Desktop,United Kingdom,/features,1,21.7,1,1,0,0,0,0,2026-02
S03493,2026-02-17,Email,Mobile,Canada,/,1,17.4,1,0,0,0,0,0,2026-02
S03494,2026-03-23,Paid Search,Desktop,India,/features,7,298.7,0,1,0,0,0,1,2026-03
S03495,2026-01-30,Organic Search,Desktop,United States,/products,1,11.9,1,1,1,0,0,0,2026-01
S03496,2026-03-02,Social,Mobile,India,/blog,1,23.4,1,0,0,0,0,0,2026-03
S03497,2026-03-22,Paid Search,Mobile,India,/,1,37.7,1,0,0,0,0,0,2026-03
S03498,2026-01-03,Social,Desktop,India,/blog,1,7.3,1,0,0,0,0,0,2026-01
S03499,2026-02-20,Direct,Mobile,India,/features,3,71.9,0,1,0,0,0,1,2026-02
S03500,2026-01-30,Email,Mobile,United States,/pricing,4,239.7,0,1,0,0,0,1,2026-01
S03501,2026-02-24,Direct,Mobile,Canada,/products,1,9.4,1,1,1,0,0,0,2026-02
S03502,2026-03-12,Paid Search,Desktop,India,/features,4,134.4,0,1,0,0,0,1,2026-03
S03503,2026-02-18,Organic Search,Mobile,United States,/blog,1,30.5,1,0,0,0,0,0,2026-02
S03504,2026-03-16,Paid Search,Desktop,India,/,1,12.1,1,0,0,0,0,0,2026-03
S03505,2026-01-01,Paid Search,Desktop,India,/blog,3,171.3,0,1,0,0,0,1,2026-01
S03506,2026-01-09,Paid Search,Mobile,United States,/blog,4,188.2,0,0,0,0,0,1,2026-01
S03507,2026-03-19,Direct,Mobile,India,/blog,3,152.4,0,0,0,0,0,1,2026-03
S03508,2026-01-24,Social,Mobile,United Kingdom,/products,1,9.3,1,1,1,1,0,0,2026-01
S03509,2026-03-03,Paid Search,Desktop,India,/products,5,162.0,0,1,0,0,0,1,2026-03
S03510,2026-01-30,Organic Search,Desktop,United Kingdom,/contact,2,178.6,0,1,1,0,0,1,2026-01
S03511,2026-01-14,Referral,Mobile,India,/pricing,6,227.0,0,1,0,0,0,1,2026-01
S03512,2026-03-22,Paid Search,Mobile,India,/pricing,7,197.4,0,1,1,1,0,1,2026-03
S03513,2026-02-07,Referral,Mobile,United Kingdom,/contact,1,23.6,1,0,0,0,0,0,2026-02
S03514,2026-02-21,Referral,Tablet,India,/products,1,10.7,1,1,0,0,0,0,2026-02
S03515,2026-03-22,Email,Mobile,India,/products,1,50.3,1,1,0,0,0,0,2026-03
S03516,2026-01-17,Social,Mobile,Canada,/blog,1,28.0,1,0,0,0,0,0,2026-01
S03517,2026-03-05,Paid Search,Desktop,India,/blog,1,15.5,1,0,0,0,0,0,2026-03
S03518,2026-02-22,Organic Search,Mobile,India,/contact,1,13.8,1,0,0,0,0,0,2026-02
S03519,2026-03-19,Direct,Mobile,India,/blog,4,246.6,0,0,0,0,0,1,2026-03
S03520,2026-03-07,Social,Mobile,United States,/products,3,96.4,0,1,0,0,0,1,2026-03
S03521,2026-02-13,Direct,Desktop,United States,/products,9,207.9,0,1,1,1,0,1,2026-02
S03522,2026-02-02,Email,Mobile,Canada,/,3,188.9,0,0,0,0,0,1,2026-02
S03523,2026-03-05,Organic Search,Tablet,United States,/contact,1,28.6,1,0,0,0,0,0,2026-03
S03524,2026-03-26,Direct,Mobile,India,/,7,172.5,0,0,0,0,0,1,2026-03
S03525,2026-03-03,Direct,Mobile,India,/pricing,2,249.2,0,1,1,1,0,1,2026-03
S03526,2026-03-16,Direct,Desktop,India,/products,3,270.8,0,1,0,0,0,1,2026-03
S03527,2026-02-01,Organic Search,Desktop,United Kingdom,/,5,224.1,0,1,0,0,0,1,2026-02
S03528,2026-02-26,Organic Search,Desktop,India,/products,5,152.3,0,1,1,1,0,1,2026-02
S03529,2026-03-16,Social,Desktop,United States,/blog,3,133.3,0,0,0,0,0,1,2026-03
S03530,2026-02-04,Direct,Mobile,United States,/,5,205.1,0,0,0,0,0,1,2026-02
S03531,2026-01-17,Organic Search,Desktop,United Kingdom,/contact,2,133.0,0,0,0,0,0,1,2026-01
S03532,2026-01-02,Organic Search,Mobile,India,/features,6,258.1,0,1,1,0,0,1,2026-01
S03533,2026-02-11,Direct,Mobile,India,/,5,133.0,0,1,0,0,0,1,2026-02
S03534,2026-01-07,Organic Search,Desktop,Australia,/features,5,134.1,0,1,0,0,0,1,2026-01
S03535,2026-03-24,Paid Search,Desktop,United States,/products,6,197.8,0,1,1,0,0,1,2026-03
S03536,2026-03-14,Social,Mobile,India,/,6,316.5,0,1,0,0,0,1,2026-03
S03537,2026-03-03,Organic Search,Mobile,United Kingdom,/products,1,22.4,1,1,1,0,0,0,2026-03
S03538,2026-03-22,Paid Search,Desktop,Australia,/features,1,33.4,1,1,0,0,0,0,2026-03
S03539,2026-02-08,Organic Search,Mobile,India,/blog,4,183.3,0,0,0,0,0,1,2026-02
S03540,2026-01-12,Organic Search,Mobile,Australia,/products,5,295.8,0,1,0,0,0,1,2026-01
S03541,2026-03-02,Email,Mobile,India,/blog,3,328.1,0,0,0,0,0,1,2026-03
S03542,2026-01-09,Direct,Mobile,Australia,/blog,1,26.4,1,0,0,0,0,0,2026-01
S03543,2026-01-11,Email,Mobile,India,/blog,6,221.7,0,0,0,0,0,1,2026-01
S03544,2026-03-03,Organic Search,Tablet,India,/pricing,5,213.7,0,1,1,0,0,1,2026-03
S03545,2026-01-27,Direct,Mobile,India,/features,3,133.6,0,1,0,0,0,1,2026-01
S03546,2026-02-20,Direct,Mobile,United Kingdom,/blog,8,190.9,0,1,1,1,0,1,2026-02
S03547,2026-01-17,Direct,Desktop,Australia,/,1,18.9,1,0,0,0,0,0,2026-01
S03548,2026-02-03,Referral,Mobile,India,/features,3,163.9,0,1,1,1,0,1,2026-02
S03549,2026-02-14,Organic Search,Desktop,India,/products,3,319.5,0,1,1,1,1,1,2026-02
S03550,2026-01-28,Email,Desktop,India,/blog,4,247.2,0,1,1,0,0,1,2026-01
S03551,2026-03-29,Email,Desktop,India,/blog,1,13.0,1,0,0,0,0,0,2026-03
S03552,2026-01-22,Direct,Desktop,United Kingdom,/products,10,294.4,0,1,0,0,0,1,2026-01
S03553,2026-02-21,Direct,Desktop,India,/,1,38.1,1,0,0,0,0,0,2026-02
S03554,2026-01-18,Direct,Desktop,Australia,/blog,3,161.5,0,1,0,0,0,1,2026-01
S03555,2026-02-17,Organic Search,Desktop,Australia,/features,3,232.5,0,1,0,0,0,1,2026-02
S03556,2026-01-21,Social,Mobile,India,/features,5,196.3,0,1,0,0,0,1,2026-01
S03557,2026-01-17,Direct,Desktop,United States,/blog,3,100.7,0,1,1,0,0,1,2026-01
S03558,2026-01-30,Referral,Desktop,Australia,/products,1,13.5,1,1,0,0,0,0,2026-01
S03559,2026-03-18,Paid Search,Mobile,Canada,/products,1,29.0,1,1,0,0,0,0,2026-03
S03560,2026-02-16,Direct,Desktop,United States,/blog,1,7.1,1,0,0,0,0,0,2026-02
S03561,2026-02-10,Paid Search,Mobile,India,/products,1,64.6,1,1,0,0,0,0,2026-02
S03562,2026-03-30,Direct,Mobile,India,/blog,3,77.4,0,0,0,0,0,1,2026-03
S03563,2026-03-04,Email,Desktop,United Kingdom,/products,6,184.9,0,1,0,0,0,1,2026-03
S03564,2026-01-03,Organic Search,Mobile,India,/,1,19.2,1,0,0,0,0,0,2026-01
S03565,2026-02-11,Referral,Mobile,United States,/blog,4,255.8,0,1,1,1,0,1,2026-02
S03566,2026-03-10,Social,Mobile,United Kingdom,/blog,1,45.9,1,0,0,0,0,0,2026-03
S03567,2026-01-23,Email,Desktop,India,/blog,1,57.7,1,0,0,0,0,0,2026-01
S03568,2026-01-10,Direct,Mobile,India,/products,5,134.0,0,1,0,0,0,1,2026-01
S03569,2026-02-02,Social,Desktop,India,/features,1,26.3,1,1,1,0,0,0,2026-02
S03570,2026-02-19,Organic Search,Desktop,Canada,/pricing,1,24.4,1,1,1,1,0,0,2026-02
S03571,2026-02-05,Social,Desktop,India,/blog,4,109.3,0,0,0,0,0,1,2026-02
S03572,2026-01-18,Organic Search,Desktop,India,/blog,4,108.1,0,1,0,0,0,1,2026-01
S03573,2026-03-21,Organic Search,Desktop,Australia,/products,2,231.5,0,1,0,0,0,1,2026-03
S03574,2026-01-02,Direct,Mobile,United States,/blog,4,127.0,0,1,0,0,0,1,2026-01
S03575,2026-01-20,Direct,Tablet,United States,/pricing,1,24.8,1,1,0,0,0,0,2026-01
S03576,2026-01-12,Direct,Mobile,Canada,/pricing,4,109.7,0,1,1,1,1,1,2026-01
S03577,2026-01-23,Social,Mobile,India,/blog,1,13.1,1,0,0,0,0,0,2026-01
S03578,2026-01-21,Organic Search,Mobile,Australia,/,1,17.6,1,0,0,0,0,0,2026-01
S03579,2026-02-24,Social,Desktop,Canada,/features,1,39.3,1,1,0,0,0,0,2026-02
S03580,2026-01-27,Organic Search,Mobile,India,/products,5,104.6,0,1,1,0,0,1,2026-01
S03581,2026-02-25,Social,Desktop,India,/products,1,45.2,1,1,0,0,0,0,2026-02
S03582,2026-01-17,Social,Mobile,India,/features,1,19.2,1,1,0,0,0,0,2026-01
S03583,2026-03-26,Direct,Mobile,United States,/products,1,14.3,1,1,1,1,1,0,2026-03
S03584,2026-01-28,Social,Mobile,United States,/contact,1,43.4,1,0,0,0,0,0,2026-01
S03585,2026-02-13,Email,Desktop,United States,/products,1,18.7,1,1,0,0,0,0,2026-02
S03586,2026-01-27,Social,Mobile,Australia,/products,1,28.8,1,1,1,0,0,0,2026-01
S03587,2026-01-26,Direct,Mobile,India,/,1,3.3,1,0,0,0,0,0,2026-01
S03588,2026-03-23,Direct,Mobile,United Kingdom,/,4,80.0,0,0,0,0,0,1,2026-03
S03589,2026-02-06,Social,Mobile,United States,/,1,18.9,1,0,0,0,0,0,2026-02
S03590,2026-03-10,Organic Search,Desktop,India,/,1,18.5,1,0,0,0,0,0,2026-03
S03591,2026-03-12,Social,Mobile,India,/products,5,208.0,0,1,1,1,0,1,2026-03
S03592,2026-01-17,Direct,Mobile,United States,/products,4,216.7,0,1,0,0,0,1,2026-01
S03593,2026-01-14,Social,Desktop,United States,/pricing,1,13.3,1,1,0,0,0,0,2026-01
S03594,2026-02-28,Organic Search,Mobile,India,/products,4,239.8,0,1,1,0,0,1,2026-02
S03595,2026-01-21,Organic Search,Mobile,United Kingdom,/,4,130.4,0,0,0,0,0,1,2026-01
S03596,2026-02-06,Referral,Desktop,India,/,1,6.3,1,0,0,0,0,0,2026-02
S03597,2026-03-25,Email,Desktop,India,/products,5,166.0,0,1,0,0,0,1,2026-03
S03598,2026-02-11,Email,Desktop,Canada,/products,6,247.4,0,1,1,0,0,1,2026-02
S03599,2026-02-01,Referral,Mobile,India,/,3,99.6,0,0,0,0,0,1,2026-02
S03600,2026-01-30,Direct,Mobile,United States,/products,5,149.4,0,1,0,0,0,1,2026-01
S03601,2026-03-07,Organic Search,Mobile,United States,/contact,4,231.7,0,1,1,1,1,1,2026-03
S03602,2026-03-01,Organic Search,Mobile,India,/products,3,153.0,0,1,1,1,0,1,2026-03
S03603,2026-03-06,Direct,Mobile,India,/,2,98.5,0,1,0,0,0,1,2026-03
S03604,2026-01-03,Organic Search,Tablet,India,/blog,1,3.0,1,0,0,0,0,0,2026-01
S03605,2026-01-14,Referral,Desktop,India,/pricing,6,164.7,0,1,1,0,0,1,2026-01
S03606,2026-02-03,Organic Search,Mobile,United States,/,1,10.4,1,0,0,0,0,0,2026-02
S03607,2026-03-07,Organic Search,Mobile,India,/features,1,32.2,1,1,1,1,1,0,2026-03
S03608,2026-03-11,Organic Search,Desktop,Australia,/blog,1,27.5,1,0,0,0,0,0,2026-03
S03609,2026-02-08,Organic Search,Mobile,India,/contact,6,212.1,0,0,0,0,0,1,2026-02
S03610,2026-03-31,Organic Search,Mobile,India,/contact,2,140.7,0,1,0,0,0,1,2026-03
S03611,2026-02-18,Paid Search,Mobile,Australia,/pricing,3,239.4,0,1,0,0,0,1,2026-02
S03612,2026-01-13,Direct,Desktop,India,/blog,1,39.6,1,0,0,0,0,0,2026-01
S03613,2026-03-20,Paid Search,Desktop,United States,/products,4,227.8,0,1,0,0,0,1,2026-03
S03614,2026-01-31,Email,Mobile,United States,/features,5,141.2,0,1,0,0,0,1,2026-01
S03615,2026-01-27,Paid Search,Mobile,Canada,/pricing,4,166.7,0,1,1,0,0,1,2026-01
S03616,2026-02-04,Paid Search,Desktop,India,/products,10,231.6,0,1,1,0,0,1,2026-02
S03617,2026-03-21,Direct,Mobile,India,/,1,39.3,1,0,0,0,0,0,2026-03
S03618,2026-02-19,Organic Search,Desktop,Australia,/pricing,5,126.6,0,1,1,1,1,1,2026-02
S03619,2026-02-07,Direct,Mobile,India,/pricing,4,142.3,0,1,0,0,0,1,2026-02
S03620,2026-02-13,Referral,Desktop,United States,/features,5,237.3,0,1,1,0,0,1,2026-02
S03621,2026-03-30,Paid Search,Desktop,United States,/products,1,18.7,1,1,0,0,0,0,2026-03
S03622,2026-03-16,Organic Search,Desktop,United States,/features,1,33.1,1,1,1,0,0,0,2026-03
S03623,2026-01-11,Direct,Mobile,United Kingdom,/,1,4.8,1,0,0,0,0,0,2026-01
S03624,2026-02-27,Social,Desktop,Australia,/pricing,7,196.8,0,1,0,0,0,1,2026-02
S03625,2026-03-19,Paid Search,Mobile,India,/products,1,12.1,1,1,0,0,0,0,2026-03
S03626,2026-03-15,Paid Search,Mobile,United States,/products,4,285.1,0,1,1,1,1,1,2026-03
S03627,2026-01-27,Email,Mobile,United States,/pricing,1,44.2,1,1,0,0,0,0,2026-01
S03628,2026-03-06,Paid Search,Desktop,India,/products,1,20.4,1,1,0,0,0,0,2026-03
S03629,2026-02-19,Paid Search,Mobile,Canada,/products,1,27.3,1,1,1,0,0,0,2026-02
S03630,2026-03-27,Organic Search,Desktop,India,/features,1,3.2,1,1,0,0,0,0,2026-03
S03631,2026-02-22,Organic Search,Mobile,India,/products,5,169.9,0,1,0,0,0,1,2026-02
S03632,2026-03-08,Referral,Mobile,Canada,/blog,5,136.0,0,1,0,0,0,1,2026-03
S03633,2026-01-20,Paid Search,Mobile,Australia,/blog,6,202.6,0,0,0,0,0,1,2026-01
S03634,2026-01-09,Direct,Desktop,India,/,1,4.1,1,0,0,0,0,0,2026-01
S03635,2026-02-28,Paid Search,Mobile,United Kingdom,/features,1,10.6,1,1,0,0,0,0,2026-02
S03636,2026-03-04,Organic Search,Mobile,India,/features,5,206.1,0,1,1,0,0,1,2026-03
S03637,2026-03-22,Social,Mobile,India,/features,1,31.8,1,1,0,0,0,0,2026-03
S03638,2026-01-03,Organic Search,Mobile,India,/features,5,293.4,0,1,1,0,0,1,2026-01
S03639,2026-02-12,Social,Mobile,Canada,/pricing,4,349.1,0,1,0,0,0,1,2026-02
S03640,2026-01-16,Direct,Mobile,India,/contact,4,415.3,0,1,1,0,0,1,2026-01
S03641,2026-01-16,Organic Search,Mobile,India,/,1,5.2,1,0,0,0,0,0,2026-01
S03642,2026-03-26,Organic Search,Tablet,United Kingdom,/,4,198.6,0,1,0,0,0,1,2026-03
S03643,2026-03-11,Social,Mobile,India,/blog,3,76.6,0,0,0,0,0,1,2026-03
S03644,2026-03-27,Organic Search,Mobile,India,/products,1,24.4,1,1,0,0,0,0,2026-03
S03645,2026-02-26,Organic Search,Mobile,India,/blog,1,15.2,1,0,0,0,0,0,2026-02
S03646,2026-01-10,Social,Mobile,United Kingdom,/products,1,38.5,1,1,0,0,0,0,2026-01
S03647,2026-03-16,Direct,Desktop,United States,/products,1,61.6,1,1,0,0,0,0,2026-03
S03648,2026-02-05,Direct,Mobile,United Kingdom,/features,6,138.5,0,1,0,0,0,1,2026-02
S03649,2026-01-06,Organic Search,Mobile,India,/,1,32.2,1,0,0,0,0,0,2026-01
S03650,2026-03-30,Email,Desktop,India,/products,10,311.4,0,1,0,0,0,1,2026-03
S03651,2026-03-31,Organic Search,Mobile,United Kingdom,/blog,1,6.3,1,0,0,0,0,0,2026-03
S03652,2026-01-07,Organic Search,Desktop,India,/features,3,186.5,0,1,0,0,0,1,2026-01
S03653,2026-01-23,Organic Search,Tablet,India,/features,3,60.1,0,1,1,0,0,1,2026-01
S03654,2026-03-24,Organic Search,Mobile,India,/products,3,192.0,0,1,1,1,1,1,2026-03
S03655,2026-01-12,Organic Search,Mobile,India,/features,5,209.9,0,1,0,0,0,1,2026-01
S03656,2026-03-30,Organic Search,Mobile,India,/blog,1,27.6,1,0,0,0,0,0,2026-03
S03657,2026-01-26,Organic Search,Mobile,Australia,/features,4,97.9,0,1,0,0,0,1,2026-01
S03658,2026-03-21,Direct,Mobile,India,/,1,3.1,1,0,0,0,0,0,2026-03
S03659,2026-01-31,Email,Mobile,United States,/products,2,202.8,0,1,0,0,0,1,2026-01
S03660,2026-03-15,Organic Search,Mobile,India,/pricing,3,250.9,0,1,0,0,0,1,2026-03
S03661,2026-01-22,Organic Search,Mobile,United States,/pricing,2,123.3,0,1,0,0,0,1,2026-01
S03662,2026-02-21,Email,Mobile,United States,/,4,283.1,0,0,0,0,0,1,2026-02
S03663,2026-03-13,Email,Tablet,Australia,/pricing,3,80.3,0,1,0,0,0,1,2026-03
S03664,2026-03-24,Paid Search,Desktop,India,/blog,1,21.5,1,0,0,0,0,0,2026-03
S03665,2026-01-19,Organic Search,Mobile,United Kingdom,/products,1,35.0,1,1,0,0,0,0,2026-01
S03666,2026-01-10,Direct,Desktop,India,/pricing,5,109.1,0,1,0,0,0,1,2026-01
S03667,2026-02-23,Organic Search,Mobile,United States,/products,5,277.1,0,1,0,0,0,1,2026-02
S03668,2026-01-11,Organic Search,Desktop,Australia,/features,4,169.6,0,1,1,0,0,1,2026-01
S03669,2026-01-23,Direct,Desktop,United States,/blog,5,256.2,0,0,0,0,0,1,2026-01
S03670,2026-03-04,Paid Search,Desktop,United States,/pricing,1,11.8,1,1,1,0,0,0,2026-03
S03671,2026-01-20,Direct,Mobile,Canada,/contact,1,6.0,1,0,0,0,0,0,2026-01
S03672,2026-01-01,Paid Search,Mobile,Australia,/blog,1,19.1,1,0,0,0,0,0,2026-01
S03673,2026-01-13,Organic Search,Tablet,India,/products,5,187.7,0,1,0,0,0,1,2026-01
S03674,2026-02-27,Direct,Mobile,India,/blog,3,188.7,0,1,0,0,0,1,2026-02
S03675,2026-01-06,Social,Mobile,United States,/contact,1,9.3,1,0,0,0,0,0,2026-01
S03676,2026-02-25,Email,Desktop,Australia,/,5,124.6,0,0,0,0,0,1,2026-02
S03677,2026-01-24,Direct,Desktop,India,/blog,7,242.4,0,0,0,0,0,1,2026-01
S03678,2026-02-25,Paid Search,Desktop,India,/,1,27.8,1,0,0,0,0,0,2026-02
S03679,2026-03-26,Organic Search,Desktop,United States,/features,1,15.0,1,1,0,0,0,0,2026-03
S03680,2026-01-16,Organic Search,Desktop,India,/blog,1,50.5,1,0,0,0,0,0,2026-01
S03681,2026-01-29,Social,Mobile,India,/contact,5,120.9,0,1,1,0,0,1,2026-01
S03682,2026-03-24,Organic Search,Desktop,India,/blog,1,15.6,1,0,0,0,0,0,2026-03
S03683,2026-02-05,Direct,Desktop,India,/,6,250.1,0,0,0,0,0,1,2026-02
S03684,2026-03-08,Direct,Desktop,United Kingdom,/pricing,4,209.2,0,1,1,1,1,1,2026-03
S03685,2026-02-23,Organic Search,Mobile,India,/features,6,127.7,0,1,1,1,1,1,2026-02
S03686,2026-01-26,Organic Search,Mobile,India,/products,1,12.7,1,1,0,0,0,0,2026-01
S03687,2026-03-28,Direct,Desktop,India,/,6,145.4,0,1,1,1,1,1,2026-03
S03688,2026-02-23,Referral,Mobile,India,/blog,1,9.9,1,0,0,0,0,0,2026-02
S03689,2026-02-27,Paid Search,Mobile,India,/pricing,2,140.8,0,1,0,0,0,1,2026-02
S03690,2026-02-05,Direct,Desktop,India,/,7,185.9,0,0,0,0,0,1,2026-02
S03691,2026-03-06,Organic Search,Mobile,India,/products,2,301.3,0,1,1,1,1,1,2026-03
S03692,2026-03-10,Paid Search,Mobile,United States,/products,2,317.4,0,1,0,0,0,1,2026-03
S03693,2026-02-18,Organic Search,Mobile,India,/blog,8,279.7,0,1,1,0,0,1,2026-02
S03694,2026-02-14,Direct,Mobile,India,/pricing,1,85.2,1,1,1,1,1,0,2026-02
S03695,2026-02-11,Social,Desktop,India,/pricing,5,103.9,0,1,0,0,0,1,2026-02
S03696,2026-01-27,Direct,Mobile,India,/features,7,180.4,0,1,0,0,0,1,2026-01
S03697,2026-02-22,Organic Search,Mobile,India,/products,6,264.1,0,1,1,0,0,1,2026-02
S03698,2026-03-15,Organic Search,Mobile,India,/blog,3,130.6,0,0,0,0,0,1,2026-03
S03699,2026-03-28,Organic Search,Mobile,India,/products,3,82.4,0,1,1,1,1,1,2026-03
S03700,2026-02-05,Direct,Mobile,India,/products,1,31.8,1,1,0,0,0,0,2026-02
S03701,2026-03-20,Email,Mobile,Canada,/pricing,3,106.4,0,1,0,0,0,1,2026-03
S03702,2026-03-31,Organic Search,Mobile,India,/blog,1,19.6,1,0,0,0,0,0,2026-03
S03703,2026-02-16,Paid Search,Mobile,India,/contact,6,305.0,0,0,0,0,0,1,2026-02
S03704,2026-02-05,Paid Search,Mobile,United States,/products,1,5.7,1,1,1,1,1,0,2026-02
S03705,2026-02-16,Organic Search,Mobile,India,/,1,13.4,1,0,0,0,0,0,2026-02
S03706,2026-02-21,Organic Search,Mobile,United Kingdom,/products,3,175.6,0,1,0,0,0,1,2026-02
S03707,2026-02-14,Direct,Mobile,India,/pricing,1,12.8,1,1,1,1,0,0,2026-02
S03708,2026-02-05,Paid Search,Mobile,India,/products,1,22.9,1,1,1,0,0,0,2026-02
S03709,2026-03-28,Direct,Mobile,Australia,/features,4,250.9,0,1,0,0,0,1,2026-03
S03710,2026-02-18,Social,Mobile,India,/features,3,161.1,0,1,0,0,0,1,2026-02
S03711,2026-01-03,Email,Desktop,India,/pricing,3,143.3,0,1,0,0,0,1,2026-01
S03712,2026-03-31,Social,Mobile,United States,/pricing,1,25.6,1,1,0,0,0,0,2026-03
S03713,2026-01-11,Referral,Desktop,Australia,/,4,238.8,0,1,1,1,1,1,2026-01
S03714,2026-01-11,Social,Desktop,India,/pricing,2,93.4,0,1,0,0,0,1,2026-01
S03715,2026-02-11,Email,Mobile,United States,/blog,1,29.8,1,0,0,0,0,0,2026-02
S03716,2026-03-15,Social,Mobile,India,/features,1,27.6,1,1,0,0,0,0,2026-03
S03717,2026-03-15,Social,Mobile,United States,/pricing,1,13.1,1,1,0,0,0,0,2026-03
S03718,2026-03-21,Social,Mobile,India,/,5,353.3,0,1,0,0,0,1,2026-03
S03719,2026-02-21,Referral,Mobile,United States,/products,1,17.5,1,1,1,1,0,0,2026-02
S03720,2026-03-02,Direct,Mobile,India,/,4,83.5,0,0,0,0,0,1,2026-03
S03721,2026-01-24,Paid Search,Desktop,United States,/contact,3,119.0,0,0,0,0,0,1,2026-01
S03722,2026-02-14,Direct,Mobile,India,/features,2,129.0,0,1,1,1,1,1,2026-02
S03723,2026-03-31,Email,Desktop,United States,/features,3,111.6,0,1,1,0,0,1,2026-03
S03724,2026-02-18,Direct,Desktop,United Kingdom,/features,4,216.6,0,1,1,0,0,1,2026-02
S03725,2026-01-16,Social,Mobile,Canada,/,5,218.4,0,0,0,0,0,1,2026-01
S03726,2026-03-03,Social,Desktop,Australia,/blog,1,29.8,1,0,0,0,0,0,2026-03
S03727,2026-03-07,Referral,Tablet,India,/blog,6,224.5,0,0,0,0,0,1,2026-03
S03728,2026-03-27,Organic Search,Mobile,United States,/products,1,13.2,1,1,1,0,0,0,2026-03
S03729,2026-03-20,Paid Search,Mobile,India,/pricing,1,26.2,1,1,0,0,0,0,2026-03
S03730,2026-02-01,Social,Mobile,Australia,/blog,1,22.1,1,0,0,0,0,0,2026-02
S03731,2026-03-18,Referral,Mobile,United States,/features,1,3.3,1,1,0,0,0,0,2026-03
S03732,2026-03-24,Email,Mobile,India,/,1,17.2,1,0,0,0,0,0,2026-03
S03733,2026-03-21,Paid Search,Mobile,India,/features,5,170.4,0,1,0,0,0,1,2026-03
S03734,2026-01-26,Paid Search,Mobile,United Kingdom,/contact,1,34.1,1,0,0,0,0,0,2026-01
S03735,2026-02-07,Organic Search,Desktop,Canada,/contact,4,235.8,0,0,0,0,0,1,2026-02
S03736,2026-02-10,Referral,Mobile,United Kingdom,/,4,87.1,0,0,0,0,0,1,2026-02
S03737,2026-03-23,Organic Search,Mobile,India,/products,3,237.1,0,1,0,0,0,1,2026-03
S03738,2026-02-09,Social,Mobile,India,/blog,1,24.1,1,0,0,0,0,0,2026-02
S03739,2026-01-27,Social,Desktop,Australia,/products,1,28.1,1,1,1,0,0,0,2026-01
S03740,2026-01-16,Direct,Desktop,United States,/,1,22.7,1,0,0,0,0,0,2026-01
S03741,2026-02-21,Organic Search,Mobile,United States,/blog,5,115.6,0,0,0,0,0,1,2026-02
S03742,2026-01-18,Organic Search,Desktop,United States,/,5,119.1,0,1,0,0,0,1,2026-01
S03743,2026-01-06,Email,Mobile,United States,/pricing,3,64.6,0,1,0,0,0,1,2026-01
S03744,2026-03-19,Direct,Desktop,United States,/contact,1,41.2,1,0,0,0,0,0,2026-03
S03745,2026-01-15,Organic Search,Mobile,United States,/pricing,3,100.8,0,1,1,0,0,1,2026-01
S03746,2026-03-31,Paid Search,Mobile,Canada,/features,3,159.4,0,1,1,0,0,1,2026-03
S03747,2026-02-12,Organic Search,Desktop,Canada,/products,1,15.9,1,1,0,0,0,0,2026-02
S03748,2026-03-27,Email,Desktop,India,/products,1,13.6,1,1,0,0,0,0,2026-03
S03749,2026-02-16,Organic Search,Desktop,India,/,1,21.3,1,0,0,0,0,0,2026-02
S03750,2026-01-20,Organic Search,Mobile,United States,/products,5,177.6,0,1,0,0,0,1,2026-01
S03751,2026-02-14,Organic Search,Desktop,United States,/products,7,250.9,0,1,1,1,0,1,2026-02
S03752,2026-01-26,Direct,Mobile,United States,/features,1,43.6,1,1,0,0,0,0,2026-01
S03753,2026-01-27,Direct,Desktop,Canada,/features,4,165.8,0,1,0,0,0,1,2026-01
S03754,2026-01-12,Social,Desktop,India,/,1,13.0,1,0,0,0,0,0,2026-01
S03755,2026-02-18,Direct,Mobile,India,/,6,313.6,0,0,0,0,0,1,2026-02
S03756,2026-03-04,Direct,Mobile,Canada,/blog,6,304.1,0,0,0,0,0,1,2026-03
S03757,2026-02-27,Organic Search,Mobile,Australia,/pricing,3,243.2,0,1,1,0,0,1,2026-02
S03758,2026-01-01,Organic Search,Mobile,India,/products,1,54.6,1,1,1,1,1,0,2026-01
S03759,2026-01-11,Referral,Mobile,India,/products,1,62.2,1,1,0,0,0,0,2026-01
S03760,2026-03-03,Organic Search,Mobile,India,/products,4,131.9,0,1,1,0,0,1,2026-03
S03761,2026-02-18,Referral,Desktop,India,/pricing,3,179.5,0,1,1,0,0,1,2026-02
S03762,2026-01-24,Direct,Mobile,India,/,1,63.5,1,0,0,0,0,0,2026-01
S03763,2026-02-21,Organic Search,Mobile,India,/blog,1,45.2,1,0,0,0,0,0,2026-02
S03764,2026-03-06,Organic Search,Desktop,India,/products,1,64.9,1,1,0,0,0,0,2026-03
S03765,2026-01-23,Organic Search,Mobile,United States,/products,1,12.2,1,1,0,0,0,0,2026-01
S03766,2026-01-17,Social,Mobile,United States,/pricing,5,185.0,0,1,0,0,0,1,2026-01
S03767,2026-01-09,Direct,Desktop,United States,/products,3,135.3,0,1,0,0,0,1,2026-01
S03768,2026-03-25,Direct,Tablet,India,/features,1,3.6,1,1,0,0,0,0,2026-03
S03769,2026-01-20,Paid Search,Mobile,India,/blog,1,4.2,1,0,0,0,0,0,2026-01
S03770,2026-01-11,Paid Search,Mobile,India,/features,5,147.8,0,1,0,0,0,1,2026-01
S03771,2026-02-03,Referral,Mobile,Australia,/pricing,1,9.3,1,1,1,1,1,0,2026-02
S03772,2026-01-04,Referral,Tablet,India,/pricing,1,22.6,1,1,1,0,0,0,2026-01
S03773,2026-01-13,Paid Search,Desktop,United States,/products,1,11.5,1,1,0,0,0,0,2026-01
S03774,2026-01-11,Social,Desktop,United States,/pricing,1,50.4,1,1,1,0,0,0,2026-01
S03775,2026-03-01,Social,Desktop,Canada,/blog,1,8.7,1,0,0,0,0,0,2026-03
S03776,2026-01-22,Direct,Mobile,India,/products,1,3.0,1,1,1,0,0,0,2026-01
S03777,2026-01-17,Paid Search,Mobile,India,/,1,5.4,1,0,0,0,0,0,2026-01
S03778,2026-03-03,Organic Search,Desktop,Canada,/products,3,266.6,0,1,1,1,0,1,2026-03
S03779,2026-02-18,Social,Desktop,India,/,1,8.8,1,0,0,0,0,0,2026-02
S03780,2026-02-09,Referral,Mobile,United States,/products,6,152.0,0,1,0,0,0,1,2026-02
S03781,2026-01-03,Organic Search,Desktop,India,/pricing,3,150.3,0,1,1,1,0,1,2026-01
S03782,2026-02-11,Social,Mobile,Australia,/contact,1,41.3,1,0,0,0,0,0,2026-02
S03783,2026-01-16,Referral,Tablet,United Kingdom,/,1,54.2,1,0,0,0,0,0,2026-01
S03784,2026-02-23,Organic Search,Mobile,India,/,2,187.4,0,0,0,0,0,1,2026-02
S03785,2026-01-09,Direct,Desktop,Canada,/products,4,161.1,0,1,1,0,0,1,2026-01
S03786,2026-03-02,Referral,Mobile,United States,/,3,208.7,0,0,0,0,0,1,2026-03
S03787,2026-02-09,Referral,Desktop,United States,/blog,5,216.8,0,1,0,0,0,1,2026-02
S03788,2026-03-06,Organic Search,Desktop,India,/,6,167.7,0,1,1,0,0,1,2026-03
S03789,2026-02-10,Direct,Mobile,India,/contact,1,30.2,1,0,0,0,0,0,2026-02
S03790,2026-02-08,Paid Search,Desktop,United States,/features,1,33.2,1,1,0,0,0,0,2026-02
S03791,2026-03-27,Organic Search,Desktop,India,/pricing,4,241.0,0,1,0,0,0,1,2026-03
S03792,2026-01-12,Direct,Desktop,Canada,/contact,1,17.3,1,0,0,0,0,0,2026-01
S03793,2026-02-22,Organic Search,Mobile,India,/blog,4,245.1,0,0,0,0,0,1,2026-02
S03794,2026-01-09,Organic Search,Desktop,United States,/contact,1,33.3,1,0,0,0,0,0,2026-01
S03795,2026-01-11,Paid Search,Mobile,India,/products,1,26.0,1,1,0,0,0,0,2026-01
S03796,2026-01-24,Paid Search,Desktop,United States,/contact,3,155.8,0,0,0,0,0,1,2026-01
S03797,2026-01-11,Paid Search,Mobile,India,/products,2,138.6,0,1,1,0,0,1,2026-01
S03798,2026-01-16,Social,Desktop,India,/products,8,162.6,0,1,1,0,0,1,2026-01
S03799,2026-03-13,Direct,Mobile,India,/contact,1,11.2,1,0,0,0,0,0,2026-03
S03800,2026-02-04,Organic Search,Mobile,United States,/products,1,54.0,1,1,0,0,0,0,2026-02
S03801,2026-03-08,Organic Search,Mobile,India,/products,4,240.9,0,1,1,1,1,1,2026-03
S03802,2026-03-31,Organic Search,Mobile,United Kingdom,/,1,11.3,1,0,0,0,0,0,2026-03
S03803,2026-01-20,Organic Search,Mobile,India,/,4,200.4,0,1,1,1,1,1,2026-01
S03804,2026-01-28,Organic Search,Mobile,United States,/products,2,233.6,0,1,1,0,0,1,2026-01
S03805,2026-01-22,Organic Search,Desktop,United States,/products,2,85.3,0,1,0,0,0,1,2026-01
S03806,2026-03-26,Organic Search,Mobile,India,/pricing,1,49.0,1,1,1,0,0,0,2026-03
S03807,2026-01-01,Paid Search,Mobile,India,/features,4,139.5,0,1,1,0,0,1,2026-01
S03808,2026-02-28,Paid Search,Desktop,India,/,1,19.9,1,0,0,0,0,0,2026-02
S03809,2026-01-20,Referral,Desktop,United States,/features,1,31.8,1,1,1,1,1,0,2026-01
S03810,2026-01-05,Social,Desktop,Australia,/pricing,6,129.1,0,1,0,0,0,1,2026-01
S03811,2026-02-16,Paid Search,Desktop,India,/blog,1,53.8,1,0,0,0,0,0,2026-02
S03812,2026-03-09,Organic Search,Tablet,United States,/blog,3,160.0,0,0,0,0,0,1,2026-03
S03813,2026-03-22,Paid Search,Desktop,United States,/features,1,14.1,1,1,1,0,0,0,2026-03
S03814,2026-03-06,Organic Search,Tablet,United States,/,1,10.2,1,0,0,0,0,0,2026-03
S03815,2026-01-01,Direct,Desktop,India,/pricing,3,140.0,0,1,1,0,0,1,2026-01
S03816,2026-03-05,Direct,Mobile,Australia,/features,1,9.9,1,1,0,0,0,0,2026-03
S03817,2026-01-08,Direct,Desktop,India,/blog,5,144.6,0,1,1,0,0,1,2026-01
S03818,2026-01-13,Organic Search,Desktop,Canada,/,1,15.2,1,0,0,0,0,0,2026-01
S03819,2026-01-10,Paid Search,Desktop,India,/blog,4,278.9,0,1,0,0,0,1,2026-01
S03820,2026-01-02,Email,Desktop,United Kingdom,/features,5,182.0,0,1,0,0,0,1,2026-01
S03821,2026-03-25,Social,Mobile,Australia,/products,4,247.9,0,1,1,0,0,1,2026-03
S03822,2026-03-16,Paid Search,Mobile,Australia,/blog,1,20.8,1,0,0,0,0,0,2026-03
S03823,2026-03-16,Direct,Desktop,India,/features,1,6.1,1,1,1,0,0,0,2026-03
S03824,2026-03-09,Organic Search,Desktop,Canada,/pricing,1,11.7,1,1,1,0,0,0,2026-03
S03825,2026-02-15,Social,Desktop,India,/products,6,171.2,0,1,0,0,0,1,2026-02
S03826,2026-02-22,Direct,Desktop,United States,/pricing,2,185.8,0,1,0,0,0,1,2026-02
S03827,2026-02-25,Organic Search,Desktop,India,/pricing,3,117.7,0,1,0,0,0,1,2026-02
S03828,2026-03-10,Direct,Tablet,United States,/products,2,246.4,0,1,1,1,1,1,2026-03
S03829,2026-01-07,Referral,Mobile,India,/blog,1,35.3,1,0,0,0,0,0,2026-01
S03830,2026-02-21,Paid Search,Tablet,India,/pricing,1,60.1,1,1,1,0,0,0,2026-02
S03831,2026-01-27,Direct,Mobile,India,/features,1,4.0,1,1,1,0,0,0,2026-01
S03832,2026-02-23,Paid Search,Mobile,India,/features,1,12.3,1,1,1,0,0,0,2026-02
S03833,2026-01-20,Direct,Mobile,India,/features,1,36.9,1,1,0,0,0,0,2026-01
S03834,2026-03-28,Direct,Mobile,Canada,/pricing,1,27.9,1,1,1,0,0,0,2026-03
S03835,2026-01-03,Organic Search,Mobile,United Kingdom,/products,3,338.6,0,1,0,0,0,1,2026-01
S03836,2026-01-14,Direct,Mobile,United Kingdom,/blog,4,216.4,0,1,0,0,0,1,2026-01
S03837,2026-03-21,Paid Search,Desktop,United Kingdom,/,1,3.6,1,0,0,0,0,0,2026-03
S03838,2026-01-27,Organic Search,Desktop,India,/pricing,6,178.1,0,1,1,0,0,1,2026-01
S03839,2026-02-16,Social,Mobile,India,/,1,43.6,1,0,0,0,0,0,2026-02
S03840,2026-01-11,Organic Search,Desktop,India,/pricing,1,7.7,1,1,0,0,0,0,2026-01
S03841,2026-03-01,Paid Search,Mobile,India,/blog,6,299.4,0,1,1,1,0,1,2026-03
S03842,2026-01-21,Paid Search,Mobile,United States,/products,4,242.1,0,1,0,0,0,1,2026-01
S03843,2026-03-09,Paid Search,Mobile,United Kingdom,/products,2,110.6,0,1,0,0,0,1,2026-03
S03844,2026-03-18,Paid Search,Desktop,United States,/,7,209.8,0,0,0,0,0,1,2026-03
S03845,2026-02-06,Referral,Desktop,United Kingdom,/products,1,20.6,1,1,0,0,0,0,2026-02
S03846,2026-03-06,Direct,Desktop,India,/pricing,6,253.4,0,1,0,0,0,1,2026-03
S03847,2026-02-05,Social,Desktop,United Kingdom,/features,1,13.9,1,1,0,0,0,0,2026-02
S03848,2026-02-21,Paid Search,Desktop,India,/features,1,15.6,1,1,1,0,0,0,2026-02
S03849,2026-01-03,Organic Search,Desktop,Canada,/contact,6,249.7,0,1,0,0,0,1,2026-01
S03850,2026-01-20,Organic Search,Tablet,India,/,1,24.8,1,0,0,0,0,0,2026-01
S03851,2026-02-14,Direct,Mobile,India,/products,1,14.2,1,1,1,0,0,0,2026-02
S03852,2026-02-13,Organic Search,Mobile,India,/pricing,2,69.9,0,1,0,0,0,1,2026-02
S03853,2026-01-26,Direct,Mobile,India,/blog,1,37.5,1,0,0,0,0,0,2026-01
S03854,2026-02-20,Direct,Desktop,India,/blog,3,131.4,0,1,0,0,0,1,2026-02
S03855,2026-01-23,Paid Search,Mobile,India,/features,1,18.8,1,1,0,0,0,0,2026-01
S03856,2026-01-12,Organic Search,Mobile,United States,/pricing,4,105.8,0,1,1,0,0,1,2026-01
S03857,2026-03-21,Social,Desktop,Australia,/pricing,1,12.7,1,1,1,1,0,0,2026-03
S03858,2026-01-07,Direct,Tablet,India,/contact,2,148.6,0,0,0,0,0,1,2026-01
S03859,2026-01-18,Paid Search,Mobile,India,/products,7,207.2,0,1,0,0,0,1,2026-01
S03860,2026-01-17,Organic Search,Mobile,Canada,/features,6,199.2,0,1,1,1,1,1,2026-01
S03861,2026-03-26,Direct,Mobile,India,/blog,1,20.4,1,0,0,0,0,0,2026-03
S03862,2026-03-13,Organic Search,Mobile,Canada,/,1,21.9,1,0,0,0,0,0,2026-03
S03863,2026-03-15,Paid Search,Desktop,India,/contact,6,248.7,0,0,0,0,0,1,2026-03
S03864,2026-02-21,Direct,Desktop,India,/features,3,102.1,0,1,1,1,1,1,2026-02
S03865,2026-03-15,Referral,Mobile,India,/features,3,137.4,0,1,1,0,0,1,2026-03
S03866,2026-02-28,Direct,Mobile,India,/,4,345.6,0,0,0,0,0,1,2026-02
S03867,2026-03-11,Paid Search,Mobile,United States,/,2,88.7,0,0,0,0,0,1,2026-03
S03868,2026-01-10,Organic Search,Mobile,Canada,/blog,1,20.5,1,0,0,0,0,0,2026-01
S03869,2026-01-23,Paid Search,Mobile,India,/,1,3.0,1,0,0,0,0,0,2026-01
S03870,2026-01-29,Direct,Desktop,Australia,/,4,264.0,0,0,0,0,0,1,2026-01
S03871,2026-03-01,Direct,Mobile,India,/products,4,208.6,0,1,0,0,0,1,2026-03
S03872,2026-01-22,Organic Search,Desktop,India,/,2,126.1,0,1,0,0,0,1,2026-01
S03873,2026-01-09,Organic Search,Mobile,Canada,/blog,4,138.9,0,0,0,0,0,1,2026-01
S03874,2026-03-12,Organic Search,Desktop,Canada,/pricing,1,23.5,1,1,0,0,0,0,2026-03
S03875,2026-02-03,Referral,Mobile,United States,/,1,17.5,1,0,0,0,0,0,2026-02
S03876,2026-01-13,Direct,Mobile,India,/pricing,4,294.0,0,1,0,0,0,1,2026-01
S03877,2026-03-24,Organic Search,Desktop,India,/,4,274.1,0,1,0,0,0,1,2026-03
S03878,2026-01-25,Referral,Desktop,India,/,3,230.7,0,0,0,0,0,1,2026-01
S03879,2026-03-02,Organic Search,Mobile,United Kingdom,/pricing,6,138.0,0,1,0,0,0,1,2026-03
S03880,2026-03-04,Direct,Mobile,India,/pricing,2,87.9,0,1,0,0,0,1,2026-03
S03881,2026-03-16,Paid Search,Desktop,United States,/products,1,42.0,1,1,1,0,0,0,2026-03
S03882,2026-02-28,Email,Desktop,India,/blog,1,15.7,1,0,0,0,0,0,2026-02
S03883,2026-02-19,Paid Search,Desktop,India,/products,1,6.1,1,1,0,0,0,0,2026-02
S03884,2026-03-20,Direct,Mobile,India,/pricing,2,54.6,0,1,0,0,0,1,2026-03
S03885,2026-01-03,Referral,Mobile,India,/products,4,251.2,0,1,1,0,0,1,2026-01
S03886,2026-03-18,Organic Search,Mobile,United States,/blog,1,13.2,1,0,0,0,0,0,2026-03
S03887,2026-03-23,Referral,Mobile,Australia,/pricing,5,194.0,0,1,0,0,0,1,2026-03
S03888,2026-03-17,Email,Desktop,Canada,/,3,395.7,0,0,0,0,0,1,2026-03
S03889,2026-03-04,Referral,Desktop,United States,/blog,2,179.1,0,0,0,0,0,1,2026-03
S03890,2026-03-09,Organic Search,Mobile,India,/features,1,15.9,1,1,0,0,0,0,2026-03
S03891,2026-03-17,Organic Search,Desktop,Australia,/,5,194.9,0,0,0,0,0,1,2026-03
S03892,2026-01-14,Paid Search,Desktop,Canada,/blog,1,8.8,1,0,0,0,0,0,2026-01
S03893,2026-02-28,Direct,Desktop,Canada,/features,4,121.9,0,1,0,0,0,1,2026-02
S03894,2026-02-18,Direct,Mobile,India,/,4,167.5,0,0,0,0,0,1,2026-02
S03895,2026-03-10,Referral,Mobile,India,/features,5,117.1,0,1,1,1,1,1,2026-03
S03896,2026-01-11,Paid Search,Mobile,United Kingdom,/products,4,152.4,0,1,0,0,0,1,2026-01
S03897,2026-01-09,Organic Search,Mobile,India,/blog,2,50.9,0,0,0,0,0,1,2026-01
S03898,2026-02-14,Direct,Mobile,India,/features,3,232.7,0,1,0,0,0,1,2026-02
S03899,2026-01-08,Organic Search,Mobile,India,/contact,1,12.8,1,0,0,0,0,0,2026-01
S03900,2026-03-12,Organic Search,Mobile,United States,/pricing,1,15.8,1,1,1,1,1,0,2026-03
S03901,2026-01-24,Organic Search,Mobile,India,/blog,1,47.3,1,0,0,0,0,0,2026-01
S03902,2026-02-15,Social,Desktop,United States,/products,1,34.4,1,1,1,0,0,0,2026-02
S03903,2026-01-06,Paid Search,Desktop,United States,/products,1,17.4,1,1,0,0,0,0,2026-01
S03904,2026-02-01,Direct,Mobile,India,/features,4,134.9,0,1,0,0,0,1,2026-02
S03905,2026-03-02,Direct,Desktop,India,/products,2,191.2,0,1,1,0,0,1,2026-03
S03906,2026-03-31,Paid Search,Mobile,Australia,/features,1,31.5,1,1,0,0,0,0,2026-03
S03907,2026-02-28,Social,Mobile,India,/,6,218.1,0,1,0,0,0,1,2026-02
S03908,2026-01-28,Email,Desktop,India,/products,3,213.5,0,1,0,0,0,1,2026-01
S03909,2026-02-22,Direct,Mobile,India,/,5,113.4,0,0,0,0,0,1,2026-02
S03910,2026-01-17,Social,Mobile,India,/pricing,5,245.0,0,1,0,0,0,1,2026-01
S03911,2026-02-12,Direct,Mobile,United States,/,3,145.7,0,0,0,0,0,1,2026-02
S03912,2026-02-15,Direct,Mobile,India,/products,3,297.3,0,1,1,1,1,1,2026-02
S03913,2026-01-11,Email,Desktop,Canada,/contact,6,216.8,0,0,0,0,0,1,2026-01
S03914,2026-02-10,Direct,Mobile,India,/features,1,20.6,1,1,0,0,0,0,2026-02
S03915,2026-03-10,Direct,Mobile,Australia,/blog,1,8.1,1,0,0,0,0,0,2026-03
S03916,2026-01-31,Organic Search,Mobile,United States,/,3,145.7,0,0,0,0,0,1,2026-01
S03917,2026-01-08,Direct,Mobile,India,/products,1,49.9,1,1,0,0,0,0,2026-01
S03918,2026-01-25,Direct,Mobile,United States,/blog,1,12.2,1,0,0,0,0,0,2026-01
S03919,2026-03-10,Paid Search,Desktop,India,/,1,50.5,1,0,0,0,0,0,2026-03
S03920,2026-03-31,Direct,Desktop,Australia,/pricing,2,412.0,0,1,0,0,0,1,2026-03
S03921,2026-03-20,Organic Search,Mobile,United Kingdom,/contact,1,86.8,1,0,0,0,0,0,2026-03
S03922,2026-02-02,Email,Desktop,India,/,4,135.7,0,1,0,0,0,1,2026-02
S03923,2026-02-17,Direct,Mobile,India,/features,4,158.7,0,1,0,0,0,1,2026-02
S03924,2026-02-19,Referral,Mobile,Australia,/products,5,239.8,0,1,1,1,0,1,2026-02
S03925,2026-03-03,Organic Search,Mobile,United States,/products,1,18.9,1,1,1,0,0,0,2026-03
S03926,2026-01-08,Paid Search,Mobile,India,/products,5,115.4,0,1,1,0,0,1,2026-01
S03927,2026-02-14,Direct,Desktop,India,/contact,3,211.0,0,1,1,0,0,1,2026-02
S03928,2026-02-11,Social,Tablet,India,/blog,4,177.7,0,1,1,1,0,1,2026-02
S03929,2026-01-21,Organic Search,Mobile,United States,/blog,7,139.2,0,0,0,0,0,1,2026-01
S03930,2026-02-15,Email,Mobile,United States,/products,5,165.2,0,1,1,1,1,1,2026-02
S03931,2026-01-05,Direct,Desktop,Canada,/features,3,124.4,0,1,0,0,0,1,2026-01
S03932,2026-02-01,Paid Search,Mobile,United States,/pricing,4,138.1,0,1,1,0,0,1,2026-02
S03933,2026-03-03,Direct,Mobile,United States,/blog,5,297.4,0,1,1,0,0,1,2026-03
S03934,2026-01-04,Organic Search,Tablet,India,/blog,5,217.7,0,0,0,0,0,1,2026-01
S03935,2026-01-11,Direct,Desktop,United Kingdom,/features,4,150.9,0,1,1,0,0,1,2026-01
S03936,2026-02-17,Organic Search,Tablet,India,/blog,3,123.7,0,1,0,0,0,1,2026-02
S03937,2026-02-17,Direct,Mobile,Canada,/,7,235.9,0,0,0,0,0,1,2026-02
S03938,2026-01-04,Paid Search,Mobile,India,/features,1,30.7,1,1,1,0,0,0,2026-01
S03939,2026-01-20,Direct,Mobile,United States,/products,3,214.9,0,1,1,0,0,1,2026-01
S03940,2026-01-20,Organic Search,Desktop,Canada,/contact,1,15.0,1,0,0,0,0,0,2026-01
S03941,2026-01-03,Organic Search,Mobile,United Kingdom,/products,4,88.2,0,1,0,0,0,1,2026-01
S03942,2026-03-26,Organic Search,Mobile,India,/,2,71.9,0,0,0,0,0,1,2026-03
S03943,2026-03-14,Organic Search,Mobile,United States,/products,1,11.2,1,1,1,1,1,0,2026-03
S03944,2026-02-01,Paid Search,Desktop,India,/pricing,1,3.2,1,1,0,0,0,0,2026-02
S03945,2026-02-08,Organic Search,Desktop,India,/products,5,217.5,0,1,1,0,0,1,2026-02
S03946,2026-02-07,Email,Desktop,United Kingdom,/features,1,22.4,1,1,1,0,0,0,2026-02
S03947,2026-01-02,Organic Search,Mobile,United Kingdom,/blog,1,42.9,1,0,0,0,0,0,2026-01
S03948,2026-02-17,Organic Search,Desktop,India,/products,6,105.7,0,1,0,0,0,1,2026-02
S03949,2026-01-25,Email,Mobile,Australia,/pricing,1,15.1,1,1,1,1,0,0,2026-01
S03950,2026-03-20,Organic Search,Mobile,India,/features,8,157.4,0,1,0,0,0,1,2026-03
S03951,2026-02-20,Direct,Mobile,Australia,/features,1,40.1,1,1,0,0,0,0,2026-02
S03952,2026-01-24,Referral,Mobile,United Kingdom,/products,1,38.7,1,1,1,1,1,0,2026-01
S03953,2026-02-27,Referral,Mobile,Australia,/contact,1,10.4,1,0,0,0,0,0,2026-02
S03954,2026-03-27,Paid Search,Tablet,Canada,/,3,82.7,0,1,0,0,0,1,2026-03
S03955,2026-03-21,Organic Search,Mobile,Australia,/blog,1,22.0,1,0,0,0,0,0,2026-03
S03956,2026-03-09,Paid Search,Mobile,United States,/features,1,19.6,1,1,0,0,0,0,2026-03
S03957,2026-02-17,Referral,Desktop,India,/products,4,115.0,0,1,0,0,0,1,2026-02
S03958,2026-01-12,Referral,Desktop,India,/,2,117.6,0,0,0,0,0,1,2026-01
S03959,2026-01-28,Organic Search,Mobile,United Kingdom,/blog,4,134.7,0,1,0,0,0,1,2026-01
S03960,2026-03-09,Direct,Desktop,India,/products,1,29.8,1,1,0,0,0,0,2026-03
S03961,2026-01-23,Organic Search,Mobile,Australia,/,1,15.4,1,0,0,0,0,0,2026-01
S03962,2026-03-07,Organic Search,Mobile,India,/,6,232.1,0,1,1,0,0,1,2026-03
S03963,2026-03-11,Paid Search,Desktop,Canada,/blog,6,195.3,0,1,0,0,0,1,2026-03
S03964,2026-02-26,Organic Search,Mobile,India,/products,3,115.9,0,1,1,1,1,1,2026-02
S03965,2026-02-03,Direct,Mobile,Canada,/pricing,8,167.1,0,1,1,0,0,1,2026-02
S03966,2026-02-05,Organic Search,Mobile,Australia,/contact,4,142.9,0,0,0,0,0,1,2026-02
S03967,2026-03-11,Direct,Mobile,India,/blog,1,20.0,1,0,0,0,0,0,2026-03
S03968,2026-03-13,Organic Search,Mobile,United States,/pricing,2,161.3,0,1,0,0,0,1,2026-03
S03969,2026-01-07,Direct,Desktop,India,/pricing,2,167.8,0,1,1,1,1,1,2026-01
S03970,2026-03-19,Organic Search,Mobile,United Kingdom,/,1,37.0,1,0,0,0,0,0,2026-03
S03971,2026-02-27,Referral,Desktop,United Kingdom,/pricing,4,317.4,0,1,1,1,0,1,2026-02
S03972,2026-01-07,Organic Search,Mobile,India,/,1,14.0,1,0,0,0,0,0,2026-01
S03973,2026-01-10,Direct,Desktop,India,/,4,225.0,0,0,0,0,0,1,2026-01
S03974,2026-02-03,Organic Search,Mobile,India,/,4,195.0,0,0,0,0,0,1,2026-02
S03975,2026-03-15,Organic Search,Mobile,India,/blog,5,210.9,0,0,0,0,0,1,2026-03
S03976,2026-02-18,Organic Search,Mobile,United Kingdom,/products,1,5.3,1,1,0,0,0,0,2026-02
S03977,2026-02-20,Organic Search,Mobile,India,/,11,326.3,0,1,0,0,0,1,2026-02
S03978,2026-03-30,Organic Search,Desktop,Australia,/features,1,11.5,1,1,1,1,1,0,2026-03
S03979,2026-01-05,Direct,Desktop,Australia,/,1,6.9,1,0,0,0,0,0,2026-01
S03980,2026-02-14,Paid Search,Desktop,Australia,/blog,3,218.3,0,1,1,0,0,1,2026-02
S03981,2026-01-13,Organic Search,Mobile,United States,/products,1,14.4,1,1,1,0,0,0,2026-01
S03982,2026-01-30,Direct,Mobile,India,/pricing,5,128.6,0,1,1,1,1,1,2026-01
S03983,2026-01-06,Paid Search,Desktop,United Kingdom,/,1,6.6,1,0,0,0,0,0,2026-01
S03984,2026-01-09,Organic Search,Desktop,United States,/,4,94.1,0,0,0,0,0,1,2026-01
S03985,2026-03-23,Direct,Desktop,Australia,/features,8,338.2,0,1,0,0,0,1,2026-03
S03986,2026-02-24,Organic Search,Desktop,India,/pricing,2,157.8,0,1,1,0,0,1,2026-02
S03987,2026-03-26,Organic Search,Mobile,India,/,4,103.5,0,1,1,0,0,1,2026-03
S03988,2026-03-14,Direct,Tablet,Australia,/products,1,20.3,1,1,1,0,0,0,2026-03
S03989,2026-02-04,Referral,Mobile,Canada,/pricing,4,110.9,0,1,1,0,0,1,2026-02
S03990,2026-03-31,Referral,Mobile,India,/,3,119.1,0,1,1,1,1,1,2026-03
S03991,2026-01-06,Referral,Desktop,United Kingdom,/pricing,5,211.4,0,1,1,1,1,1,2026-01
S03992,2026-02-27,Direct,Mobile,India,/pricing,3,215.3,0,1,1,1,1,1,2026-02
S03993,2026-01-02,Organic Search,Mobile,United States,/blog,4,105.7,0,0,0,0,0,1,2026-01
S03994,2026-02-25,Direct,Mobile,India,/features,5,293.4,0,1,0,0,0,1,2026-02
S03995,2026-03-03,Organic Search,Mobile,India,/products,4,253.4,0,1,1,0,0,1,2026-03
S03996,2026-02-20,Organic Search,Desktop,India,/features,1,80.4,1,1,0,0,0,0,2026-02
S03997,2026-01-28,Organic Search,Desktop,India,/pricing,7,170.0,0,1,0,0,0,1,2026-01
S03998,2026-03-10,Direct,Mobile,India,/pricing,5,232.4,0,1,1,0,0,1,2026-03
S03999,2026-03-04,Direct,Tablet,India,/blog,1,43.6,1,0,0,0,0,0,2026-03
S04000,2026-02-15,Organic Search,Desktop,India,/blog,1,19.4,1,0,0,0,0,0,2026-02
S04001,2026-02-08,Paid Search,Desktop,United States,/,8,196.6,0,1,0,0,0,1,2026-02
S04002,2026-01-25,Direct,Mobile,United States,/contact,6,160.9,0,0,0,0,0,1,2026-01
S04003,2026-02-10,Email,Mobile,United States,/contact,1,6.5,1,0,0,0,0,0,2026-02
S04004,2026-02-02,Organic Search,Mobile,India,/products,1,23.9,1,1,1,1,0,0,2026-02
S04005,2026-03-03,Direct,Mobile,India,/pricing,6,101.9,0,1,0,0,0,1,2026-03
S04006,2026-03-05,Organic Search,Desktop,Canada,/features,1,17.0,1,1,0,0,0,0,2026-03
S04007,2026-03-21,Direct,Mobile,Canada,/contact,1,46.2,1,0,0,0,0,0,2026-03
S04008,2026-03-16,Organic Search,Mobile,Australia,/pricing,5,154.4,0,1,1,0,0,1,2026-03
S04009,2026-02-14,Organic Search,Desktop,Australia,/,1,17.2,1,0,0,0,0,0,2026-02
S04010,2026-02-25,Paid Search,Mobile,United States,/blog,4,120.2,0,0,0,0,0,1,2026-02
S04011,2026-03-29,Organic Search,Mobile,Canada,/,2,92.7,0,0,0,0,0,1,2026-03
S04012,2026-03-07,Organic Search,Desktop,India,/blog,1,32.7,1,0,0,0,0,0,2026-03
S04013,2026-01-14,Referral,Desktop,United Kingdom,/pricing,6,213.1,0,1,1,0,0,1,2026-01
S04014,2026-01-01,Organic Search,Mobile,Australia,/blog,1,36.3,1,0,0,0,0,0,2026-01
S04015,2026-02-27,Paid Search,Tablet,United Kingdom,/products,3,80.5,0,1,1,1,0,1,2026-02
S04016,2026-03-28,Direct,Desktop,India,/pricing,5,167.8,0,1,1,0,0,1,2026-03
S04017,2026-03-10,Organic Search,Desktop,India,/blog,4,179.4,0,0,0,0,0,1,2026-03
S04018,2026-01-17,Direct,Mobile,India,/products,1,20.4,1,1,1,1,1,0,2026-01
S04019,2026-01-01,Organic Search,Desktop,India,/products,1,19.3,1,1,0,0,0,0,2026-01
S04020,2026-01-24,Social,Desktop,Canada,/products,1,30.6,1,1,1,0,0,0,2026-01
S04021,2026-03-05,Organic Search,Mobile,United States,/features,4,147.2,0,1,1,1,0,1,2026-03
S04022,2026-01-24,Organic Search,Tablet,India,/pricing,1,12.4,1,1,1,0,0,0,2026-01
S04023,2026-02-02,Organic Search,Desktop,United States,/blog,3,117.9,0,1,1,1,0,1,2026-02
S04024,2026-01-26,Email,Mobile,India,/pricing,4,206.7,0,1,1,1,0,1,2026-01
S04025,2026-03-08,Social,Desktop,United States,/features,1,10.7,1,1,1,1,1,0,2026-03
S04026,2026-01-17,Referral,Mobile,India,/pricing,1,36.2,1,1,1,0,0,0,2026-01
S04027,2026-02-04,Paid Search,Desktop,United States,/,1,6.6,1,0,0,0,0,0,2026-02
S04028,2026-01-02,Paid Search,Desktop,United Kingdom,/products,3,172.8,0,1,0,0,0,1,2026-01
S04029,2026-01-21,Direct,Mobile,United Kingdom,/,1,31.1,1,0,0,0,0,0,2026-01
S04030,2026-03-27,Email,Mobile,United Kingdom,/features,2,255.0,0,1,1,1,1,1,2026-03
S04031,2026-01-13,Direct,Mobile,India,/blog,6,120.5,0,0,0,0,0,1,2026-01
S04032,2026-02-07,Direct,Desktop,United States,/blog,1,43.0,1,0,0,0,0,0,2026-02
S04033,2026-01-23,Paid Search,Mobile,India,/blog,5,132.1,0,0,0,0,0,1,2026-01
S04034,2026-01-14,Direct,Desktop,India,/features,2,212.3,0,1,0,0,0,1,2026-01
S04035,2026-01-22,Organic Search,Mobile,United States,/contact,5,126.9,0,0,0,0,0,1,2026-01
S04036,2026-02-10,Direct,Mobile,United States,/blog,1,19.1,1,0,0,0,0,0,2026-02
S04037,2026-01-05,Organic Search,Desktop,Australia,/products,1,5.4,1,1,0,0,0,0,2026-01
S04038,2026-02-20,Email,Mobile,India,/,3,218.2,0,0,0,0,0,1,2026-02
S04039,2026-02-08,Direct,Mobile,Canada,/pricing,4,109.5,0,1,1,1,1,1,2026-02
S04040,2026-03-09,Social,Mobile,India,/features,1,35.9,1,1,1,1,0,0,2026-03
S04041,2026-02-24,Direct,Mobile,United States,/pricing,1,8.6,1,1,0,0,0,0,2026-02
S04042,2026-02-16,Social,Mobile,Canada,/products,1,59.0,1,1,1,0,0,0,2026-02
S04043,2026-02-10,Organic Search,Mobile,United Kingdom,/blog,3,181.6,0,0,0,0,0,1,2026-02
S04044,2026-02-28,Referral,Desktop,Canada,/pricing,1,41.3,1,1,1,0,0,0,2026-02
S04045,2026-03-02,Direct,Mobile,United Kingdom,/products,4,163.5,0,1,1,1,1,1,2026-03
S04046,2026-01-18,Organic Search,Mobile,India,/features,1,9.7,1,1,0,0,0,0,2026-01
S04047,2026-02-03,Organic Search,Mobile,Australia,/pricing,4,195.8,0,1,0,0,0,1,2026-02
S04048,2026-03-19,Organic Search,Mobile,Australia,/products,1,10.4,1,1,1,1,1,0,2026-03
S04049,2026-02-25,Direct,Tablet,India,/products,3,115.7,0,1,0,0,0,1,2026-02
S04050,2026-03-19,Paid Search,Mobile,India,/pricing,1,8.4,1,1,0,0,0,0,2026-03
S04051,2026-01-14,Referral,Mobile,India,/products,1,3.0,1,1,0,0,0,0,2026-01
S04052,2026-01-08,Paid Search,Desktop,Canada,/,6,199.4,0,1,0,0,0,1,2026-01
S04053,2026-03-05,Direct,Desktop,Australia,/blog,4,366.4,0,1,0,0,0,1,2026-03
S04054,2026-02-03,Direct,Desktop,Canada,/blog,1,25.5,1,0,0,0,0,0,2026-02
S04055,2026-02-08,Social,Desktop,India,/,4,281.2,0,0,0,0,0,1,2026-02
S04056,2026-03-16,Email,Desktop,India,/pricing,3,230.9,0,1,0,0,0,1,2026-03
S04057,2026-01-18,Organic Search,Desktop,India,/pricing,1,14.1,1,1,0,0,0,0,2026-01
S04058,2026-01-26,Referral,Tablet,India,/products,1,18.9,1,1,0,0,0,0,2026-01
S04059,2026-01-23,Direct,Mobile,India,/products,4,178.3,0,1,0,0,0,1,2026-01
S04060,2026-01-09,Social,Desktop,India,/products,4,242.7,0,1,0,0,0,1,2026-01
S04061,2026-03-23,Referral,Desktop,India,/pricing,1,38.0,1,1,0,0,0,0,2026-03
S04062,2026-01-05,Paid Search,Desktop,India,/features,4,179.7,0,1,1,1,0,1,2026-01
S04063,2026-03-13,Organic Search,Mobile,United Kingdom,/pricing,1,8.2,1,1,0,0,0,0,2026-03
S04064,2026-01-18,Paid Search,Desktop,India,/contact,1,12.9,1,0,0,0,0,0,2026-01
S04065,2026-01-29,Organic Search,Mobile,India,/products,6,264.2,0,1,1,0,0,1,2026-01
S04066,2026-01-20,Social,Desktop,United States,/blog,4,138.4,0,0,0,0,0,1,2026-01
S04067,2026-01-07,Organic Search,Mobile,Australia,/pricing,3,83.1,0,1,0,0,0,1,2026-01
S04068,2026-03-09,Paid Search,Desktop,United Kingdom,/blog,1,9.1,1,0,0,0,0,0,2026-03
S04069,2026-01-10,Email,Desktop,United States,/features,1,3.2,1,1,1,0,0,0,2026-01
S04070,2026-01-02,Organic Search,Mobile,United Kingdom,/pricing,4,447.5,0,1,1,0,0,1,2026-01
S04071,2026-02-01,Direct,Mobile,United States,/pricing,3,154.3,0,1,0,0,0,1,2026-02
S04072,2026-02-20,Paid Search,Mobile,United States,/contact,1,14.9,1,0,0,0,0,0,2026-02
S04073,2026-01-18,Direct,Desktop,India,/contact,1,26.7,1,0,0,0,0,0,2026-01
S04074,2026-03-24,Organic Search,Desktop,United States,/contact,4,144.2,0,1,0,0,0,1,2026-03
S04075,2026-01-24,Organic Search,Desktop,India,/,1,36.7,1,0,0,0,0,0,2026-01
S04076,2026-03-26,Direct,Mobile,India,/,3,209.1,0,0,0,0,0,1,2026-03
S04077,2026-01-21,Paid Search,Desktop,India,/pricing,6,183.8,0,1,1,0,0,1,2026-01
S04078,2026-02-24,Paid Search,Desktop,India,/blog,1,33.2,1,0,0,0,0,0,2026-02
S04079,2026-01-10,Organic Search,Mobile,India,/,7,220.1,0,1,1,0,0,1,2026-01
S04080,2026-02-05,Direct,Mobile,United States,/products,6,210.6,0,1,0,0,0,1,2026-02
S04081,2026-03-14,Direct,Mobile,India,/pricing,4,120.4,0,1,0,0,0,1,2026-03
S04082,2026-01-30,Organic Search,Mobile,India,/products,5,231.5,0,1,0,0,0,1,2026-01
S04083,2026-01-24,Social,Mobile,India,/blog,1,78.3,1,0,0,0,0,0,2026-01
S04084,2026-02-17,Organic Search,Mobile,India,/products,1,19.3,1,1,0,0,0,0,2026-02
S04085,2026-01-29,Direct,Mobile,United States,/features,1,10.8,1,1,0,0,0,0,2026-01
S04086,2026-03-18,Referral,Mobile,India,/products,4,148.5,0,1,1,0,0,1,2026-03
S04087,2026-01-27,Direct,Mobile,India,/blog,1,14.1,1,0,0,0,0,0,2026-01
S04088,2026-01-22,Paid Search,Desktop,India,/pricing,3,224.7,0,1,0,0,0,1,2026-01
S04089,2026-02-04,Organic Search,Mobile,India,/products,1,61.7,1,1,1,1,0,0,2026-02
S04090,2026-01-17,Organic Search,Mobile,India,/pricing,1,15.7,1,1,0,0,0,0,2026-01
S04091,2026-02-23,Organic Search,Desktop,India,/features,1,15.2,1,1,0,0,0,0,2026-02
S04092,2026-01-17,Social,Mobile,United States,/pricing,3,139.3,0,1,1,0,0,1,2026-01
S04093,2026-01-27,Social,Mobile,Australia,/,4,146.9,0,0,0,0,0,1,2026-01
S04094,2026-02-14,Organic Search,Mobile,United States,/blog,5,182.4,0,0,0,0,0,1,2026-02
S04095,2026-01-25,Organic Search,Mobile,India,/products,1,49.6,1,1,0,0,0,0,2026-01
S04096,2026-02-01,Direct,Desktop,India,/pricing,6,375.2,0,1,1,0,0,1,2026-02
S04097,2026-01-19,Paid Search,Mobile,United Kingdom,/pricing,4,177.0,0,1,0,0,0,1,2026-01
S04098,2026-03-25,Paid Search,Mobile,India,/pricing,1,9.7,1,1,0,0,0,0,2026-03
S04099,2026-02-18,Paid Search,Mobile,Australia,/,4,100.1,0,0,0,0,0,1,2026-02
S04100,2026-02-06,Email,Tablet,United States,/products,4,179.7,0,1,0,0,0,1,2026-02
S04101,2026-01-20,Organic Search,Mobile,India,/,1,8.7,1,0,0,0,0,0,2026-01
S04102,2026-03-02,Paid Search,Mobile,India,/products,1,26.2,1,1,1,1,1,0,2026-03
S04103,2026-02-19,Direct,Mobile,Australia,/blog,6,180.3,0,1,1,0,0,1,2026-02
S04104,2026-03-17,Organic Search,Desktop,Australia,/blog,1,37.0,1,0,0,0,0,0,2026-03
S04105,2026-01-01,Email,Desktop,Canada,/,4,169.8,0,0,0,0,0,1,2026-01
S04106,2026-03-16,Organic Search,Desktop,India,/,2,300.6,0,1,1,1,1,1,2026-03
S04107,2026-03-10,Paid Search,Mobile,United Kingdom,/blog,1,24.6,1,0,0,0,0,0,2026-03
S04108,2026-01-17,Social,Mobile,India,/pricing,1,23.8,1,1,0,0,0,0,2026-01
S04109,2026-02-16,Email,Desktop,India,/features,2,129.5,0,1,1,1,0,1,2026-02
S04110,2026-03-07,Direct,Mobile,United States,/products,1,12.9,1,1,1,1,0,0,2026-03
S04111,2026-02-28,Direct,Tablet,Australia,/,2,66.0,0,0,0,0,0,1,2026-02
S04112,2026-02-26,Social,Mobile,India,/products,1,35.1,1,1,1,1,0,0,2026-02
S04113,2026-01-14,Social,Mobile,India,/blog,9,250.3,0,1,0,0,0,1,2026-01
S04114,2026-02-11,Direct,Mobile,India,/pricing,1,13.3,1,1,0,0,0,0,2026-02
S04115,2026-03-18,Social,Mobile,India,/,1,20.4,1,0,0,0,0,0,2026-03
S04116,2026-03-16,Organic Search,Desktop,India,/,6,288.3,0,0,0,0,0,1,2026-03
S04117,2026-01-11,Paid Search,Mobile,Canada,/blog,1,3.0,1,0,0,0,0,0,2026-01
S04118,2026-02-02,Email,Mobile,India,/products,2,75.7,0,1,0,0,0,1,2026-02
S04119,2026-03-19,Organic Search,Desktop,United States,/blog,1,20.9,1,0,0,0,0,0,2026-03
S04120,2026-01-06,Direct,Desktop,India,/products,6,164.3,0,1,1,0,0,1,2026-01
S04121,2026-02-23,Referral,Desktop,India,/products,1,5.4,1,1,1,1,1,0,2026-02
S04122,2026-01-02,Social,Tablet,India,/products,1,11.8,1,1,1,1,0,0,2026-01
S04123,2026-03-27,Email,Desktop,India,/contact,1,10.0,1,0,0,0,0,0,2026-03
S04124,2026-02-27,Direct,Mobile,United States,/,5,153.4,0,0,0,0,0,1,2026-02
S04125,2026-03-17,Referral,Desktop,United States,/,3,97.4,0,1,0,0,0,1,2026-03
S04126,2026-02-11,Organic Search,Tablet,Australia,/features,1,20.4,1,1,0,0,0,0,2026-02
S04127,2026-01-03,Direct,Mobile,India,/,1,55.6,1,0,0,0,0,0,2026-01
S04128,2026-03-11,Direct,Desktop,United States,/products,1,8.2,1,1,1,0,0,0,2026-03
S04129,2026-03-29,Social,Mobile,Australia,/products,1,39.3,1,1,0,0,0,0,2026-03
S04130,2026-03-22,Email,Desktop,India,/blog,1,17.3,1,0,0,0,0,0,2026-03
S04131,2026-01-14,Social,Mobile,Canada,/products,2,134.2,0,1,1,1,0,1,2026-01
S04132,2026-02-26,Paid Search,Desktop,Australia,/features,1,37.3,1,1,0,0,0,0,2026-02
S04133,2026-01-11,Direct,Mobile,Canada,/blog,4,132.1,0,0,0,0,0,1,2026-01
S04134,2026-02-19,Direct,Desktop,United States,/pricing,1,8.1,1,1,0,0,0,0,2026-02
S04135,2026-02-05,Direct,Mobile,United Kingdom,/products,2,134.9,0,1,0,0,0,1,2026-02
S04136,2026-01-17,Organic Search,Desktop,India,/features,5,126.7,0,1,0,0,0,1,2026-01
S04137,2026-02-20,Direct,Mobile,United States,/features,1,22.9,1,1,1,0,0,0,2026-02
S04138,2026-02-20,Email,Desktop,Australia,/features,6,383.4,0,1,0,0,0,1,2026-02
S04139,2026-02-17,Paid Search,Mobile,India,/,1,8.9,1,0,0,0,0,0,2026-02
S04140,2026-02-15,Social,Mobile,United Kingdom,/blog,3,116.8,0,1,1,1,0,1,2026-02
S04141,2026-01-31,Direct,Mobile,India,/blog,2,98.1,0,1,0,0,0,1,2026-01
S04142,2026-02-24,Direct,Desktop,India,/contact,4,475.3,0,1,1,1,1,1,2026-02
S04143,2026-01-01,Organic Search,Mobile,United States,/products,5,201.3,0,1,0,0,0,1,2026-01
S04144,2026-02-14,Direct,Desktop,United Kingdom,/features,1,8.4,1,1,1,0,0,0,2026-02
S04145,2026-02-15,Direct,Mobile,United States,/blog,1,79.1,1,0,0,0,0,0,2026-02
S04146,2026-02-21,Organic Search,Desktop,Canada,/features,3,91.0,0,1,0,0,0,1,2026-02
S04147,2026-03-25,Organic Search,Mobile,India,/blog,1,8.0,1,0,0,0,0,0,2026-03
S04148,2026-03-09,Paid Search,Mobile,Australia,/features,2,97.8,0,1,0,0,0,1,2026-03
S04149,2026-03-11,Direct,Mobile,United States,/products,1,15.7,1,1,1,1,1,0,2026-03
S04150,2026-03-22,Direct,Mobile,United Kingdom,/,3,210.8,0,0,0,0,0,1,2026-03
S04151,2026-03-27,Organic Search,Mobile,India,/products,1,18.2,1,1,1,0,0,0,2026-03
S04152,2026-02-16,Direct,Mobile,India,/features,1,9.5,1,1,1,0,0,0,2026-02
S04153,2026-02-13,Direct,Mobile,Australia,/,5,191.9,0,1,0,0,0,1,2026-02
S04154,2026-03-19,Direct,Tablet,India,/blog,2,135.9,0,0,0,0,0,1,2026-03
S04155,2026-03-17,Paid Search,Mobile,India,/contact,1,30.5,1,0,0,0,0,0,2026-03
S04156,2026-02-23,Organic Search,Desktop,United Kingdom,/features,1,50.3,1,1,0,0,0,0,2026-02
S04157,2026-03-11,Email,Mobile,United Kingdom,/blog,2,183.0,0,0,0,0,0,1,2026-03
S04158,2026-02-01,Organic Search,Mobile,Canada,/features,1,11.1,1,1,0,0,0,0,2026-02
S04159,2026-01-19,Direct,Mobile,United Kingdom,/,9,450.5,0,1,1,1,1,1,2026-01
S04160,2026-02-03,Organic Search,Mobile,Australia,/pricing,9,167.2,0,1,0,0,0,1,2026-02
S04161,2026-03-02,Direct,Mobile,India,/pricing,1,29.5,1,1,0,0,0,0,2026-03
S04162,2026-03-10,Organic Search,Desktop,United States,/features,1,34.2,1,1,0,0,0,0,2026-03
S04163,2026-02-12,Email,Desktop,Canada,/products,1,7.8,1,1,0,0,0,0,2026-02
S04164,2026-02-13,Direct,Mobile,United States,/,1,28.3,1,0,0,0,0,0,2026-02
S04165,2026-03-17,Paid Search,Mobile,India,/blog,8,216.1,0,1,0,0,0,1,2026-03
S04166,2026-03-12,Organic Search,Mobile,India,/pricing,1,18.5,1,1,0,0,0,0,2026-03
S04167,2026-02-13,Organic Search,Desktop,United States,/features,5,216.2,0,1,0,0,0,1,2026-02
S04168,2026-02-21,Direct,Mobile,United Kingdom,/pricing,2,154.4,0,1,1,1,1,1,2026-02
S04169,2026-02-26,Direct,Mobile,United States,/features,1,60.7,1,1,1,1,1,0,2026-02
S04170,2026-01-04,Direct,Mobile,United Kingdom,/pricing,3,134.1,0,1,1,0,0,1,2026-01
S04171,2026-02-10,Referral,Mobile,Canada,/features,1,19.9,1,1,0,0,0,0,2026-02
S04172,2026-02-13,Paid Search,Desktop,India,/blog,1,8.1,1,0,0,0,0,0,2026-02
S04173,2026-03-27,Referral,Mobile,United States,/products,3,123.8,0,1,1,0,0,1,2026-03
S04174,2026-02-14,Organic Search,Mobile,United States,/products,1,28.0,1,1,1,1,0,0,2026-02
S04175,2026-01-01,Social,Desktop,India,/features,1,13.8,1,1,0,0,0,0,2026-01
S04176,2026-03-05,Direct,Tablet,India,/products,1,11.9,1,1,0,0,0,0,2026-03
S04177,2026-03-16,Paid Search,Mobile,United States,/blog,1,6.9,1,0,0,0,0,0,2026-03
S04178,2026-03-13,Referral,Mobile,United Kingdom,/,4,134.7,0,0,0,0,0,1,2026-03
S04179,2026-03-09,Paid Search,Desktop,India,/blog,3,182.1,0,0,0,0,0,1,2026-03
S04180,2026-01-11,Email,Mobile,India,/products,3,119.0,0,1,0,0,0,1,2026-01
S04181,2026-02-17,Social,Mobile,India,/blog,8,245.0,0,0,0,0,0,1,2026-02
S04182,2026-02-25,Organic Search,Mobile,Canada,/pricing,4,174.4,0,1,0,0,0,1,2026-02
S04183,2026-03-22,Paid Search,Mobile,United States,/products,1,40.9,1,1,0,0,0,0,2026-03
S04184,2026-03-04,Direct,Tablet,India,/pricing,7,376.7,0,1,1,0,0,1,2026-03
S04185,2026-02-22,Email,Desktop,Australia,/features,1,47.5,1,1,0,0,0,0,2026-02
S04186,2026-03-17,Social,Tablet,India,/blog,1,11.7,1,0,0,0,0,0,2026-03
S04187,2026-02-01,Organic Search,Desktop,India,/contact,3,282.0,0,1,1,0,0,1,2026-02
S04188,2026-02-14,Organic Search,Desktop,India,/features,4,130.8,0,1,1,0,0,1,2026-02
S04189,2026-03-21,Organic Search,Desktop,United Kingdom,/blog,3,76.5,0,0,0,0,0,1,2026-03
S04190,2026-01-04,Direct,Desktop,Canada,/pricing,1,8.9,1,1,1,0,0,0,2026-01
S04191,2026-03-09,Organic Search,Mobile,India,/contact,5,170.7,0,0,0,0,0,1,2026-03
S04192,2026-01-07,Social,Mobile,United Kingdom,/pricing,1,31.7,1,1,0,0,0,0,2026-01
S04193,2026-01-21,Direct,Mobile,United Kingdom,/products,4,131.5,0,1,0,0,0,1,2026-01
S04194,2026-02-08,Social,Mobile,Canada,/features,2,273.4,0,1,0,0,0,1,2026-02
S04195,2026-01-27,Organic Search,Mobile,Australia,/contact,1,22.4,1,0,0,0,0,0,2026-01
S04196,2026-03-07,Direct,Mobile,United Kingdom,/pricing,7,356.0,0,1,0,0,0,1,2026-03
S04197,2026-02-07,Organic Search,Mobile,India,/,2,171.8,0,0,0,0,0,1,2026-02
S04198,2026-03-27,Email,Mobile,India,/blog,2,196.9,0,0,0,0,0,1,2026-03
S04199,2026-03-04,Organic Search,Mobile,Australia,/blog,1,35.0,1,0,0,0,0,0,2026-03
S04200,2026-02-03,Organic Search,Mobile,United States,/products,1,9.3,1,1,0,0,0,0,2026-02
S04201,2026-01-09,Organic Search,Mobile,United States,/blog,2,122.6,0,0,0,0,0,1,2026-01
S04202,2026-02-27,Social,Tablet,Australia,/pricing,3,199.7,0,1,0,0,0,1,2026-02
S04203,2026-01-02,Organic Search,Mobile,Canada,/products,3,204.9,0,1,1,1,1,1,2026-01
S04204,2026-03-06,Paid Search,Mobile,United Kingdom,/blog,1,19.1,1,0,0,0,0,0,2026-03
S04205,2026-01-07,Social,Mobile,Canada,/products,1,9.6,1,1,0,0,0,0,2026-01
S04206,2026-01-07,Social,Desktop,India,/features,5,334.3,0,1,0,0,0,1,2026-01
S04207,2026-03-03,Organic Search,Desktop,United Kingdom,/,3,180.7,0,1,1,1,1,1,2026-03
S04208,2026-02-16,Organic Search,Mobile,Australia,/features,4,206.9,0,1,1,0,0,1,2026-02
S04209,2026-03-26,Direct,Mobile,India,/products,1,14.4,1,1,0,0,0,0,2026-03
S04210,2026-01-08,Organic Search,Desktop,India,/contact,1,24.6,1,0,0,0,0,0,2026-01
S04211,2026-01-28,Paid Search,Desktop,United Kingdom,/blog,3,183.7,0,0,0,0,0,1,2026-01
S04212,2026-02-12,Direct,Mobile,United States,/products,3,183.0,0,1,0,0,0,1,2026-02
S04213,2026-03-25,Direct,Mobile,India,/contact,1,12.7,1,0,0,0,0,0,2026-03
S04214,2026-03-20,Organic Search,Mobile,India,/pricing,1,15.2,1,1,0,0,0,0,2026-03
S04215,2026-03-29,Paid Search,Mobile,India,/pricing,2,159.4,0,1,1,1,0,1,2026-03
S04216,2026-03-13,Organic Search,Desktop,India,/features,1,32.1,1,1,1,0,0,0,2026-03
S04217,2026-02-08,Paid Search,Tablet,Canada,/features,1,8.9,1,1,0,0,0,0,2026-02
S04218,2026-03-03,Organic Search,Tablet,United States,/blog,6,138.7,0,0,0,0,0,1,2026-03
S04219,2026-03-03,Referral,Desktop,United Kingdom,/contact,1,23.7,1,0,0,0,0,0,2026-03
S04220,2026-03-23,Paid Search,Mobile,India,/products,5,122.0,0,1,0,0,0,1,2026-03
S04221,2026-01-04,Organic Search,Tablet,India,/products,1,6.6,1,1,0,0,0,0,2026-01
S04222,2026-01-28,Organic Search,Mobile,India,/,3,244.0,0,1,1,1,1,1,2026-01
S04223,2026-01-30,Direct,Mobile,Canada,/products,4,141.0,0,1,1,1,1,1,2026-01
S04224,2026-02-10,Organic Search,Desktop,Australia,/blog,7,122.8,0,0,0,0,0,1,2026-02
S04225,2026-03-08,Organic Search,Mobile,India,/products,2,241.6,0,1,0,0,0,1,2026-03
S04226,2026-01-26,Email,Desktop,Australia,/pricing,4,121.0,0,1,0,0,0,1,2026-01
S04227,2026-01-30,Paid Search,Tablet,India,/,1,17.5,1,0,0,0,0,0,2026-01
S04228,2026-01-31,Organic Search,Desktop,India,/products,3,240.5,0,1,0,0,0,1,2026-01
S04229,2026-02-15,Direct,Desktop,United Kingdom,/blog,1,23.4,1,0,0,0,0,0,2026-02
S04230,2026-03-01,Organic Search,Mobile,India,/,3,86.3,0,1,1,0,0,1,2026-03
S04231,2026-01-31,Referral,Mobile,Australia,/blog,1,9.9,1,0,0,0,0,0,2026-01
S04232,2026-03-02,Organic Search,Desktop,India,/blog,1,10.4,1,0,0,0,0,0,2026-03
S04233,2026-03-03,Social,Desktop,United Kingdom,/pricing,4,116.1,0,1,0,0,0,1,2026-03
S04234,2026-01-12,Social,Desktop,India,/features,5,215.0,0,1,0,0,0,1,2026-01
S04235,2026-01-01,Organic Search,Mobile,India,/contact,1,8.8,1,0,0,0,0,0,2026-01
S04236,2026-03-18,Organic Search,Mobile,India,/,1,9.7,1,0,0,0,0,0,2026-03
S04237,2026-03-11,Direct,Mobile,Australia,/blog,4,180.2,0,1,1,0,0,1,2026-03
S04238,2026-01-23,Email,Desktop,United States,/products,4,137.8,0,1,1,0,0,1,2026-01
S04239,2026-02-10,Direct,Desktop,United States,/products,4,125.7,0,1,1,1,1,1,2026-02
S04240,2026-01-22,Paid Search,Tablet,India,/blog,1,10.8,1,0,0,0,0,0,2026-01
S04241,2026-01-01,Social,Mobile,India,/blog,10,364.1,0,0,0,0,0,1,2026-01
S04242,2026-02-01,Social,Mobile,India,/features,1,55.5,1,1,0,0,0,0,2026-02
S04243,2026-01-21,Direct,Mobile,United Kingdom,/blog,1,12.8,1,0,0,0,0,0,2026-01
S04244,2026-02-04,Direct,Mobile,India,/features,1,31.7,1,1,1,0,0,0,2026-02
S04245,2026-03-31,Paid Search,Mobile,India,/blog,1,21.1,1,0,0,0,0,0,2026-03
S04246,2026-03-01,Organic Search,Desktop,United States,/,4,197.2,0,0,0,0,0,1,2026-03
S04247,2026-02-16,Email,Mobile,United States,/,2,131.7,0,1,1,0,0,1,2026-02
S04248,2026-03-04,Organic Search,Mobile,India,/pricing,3,140.0,0,1,0,0,0,1,2026-03
S04249,2026-02-14,Organic Search,Desktop,India,/blog,6,342.8,0,0,0,0,0,1,2026-02
S04250,2026-03-03,Social,Desktop,India,/,1,8.3,1,0,0,0,0,0,2026-03
S04251,2026-02-16,Direct,Mobile,United Kingdom,/products,5,181.4,0,1,0,0,0,1,2026-02
S04252,2026-02-18,Organic Search,Mobile,India,/products,8,193.2,0,1,1,1,1,1,2026-02
S04253,2026-03-26,Organic Search,Desktop,United States,/pricing,5,241.6,0,1,1,0,0,1,2026-03
S04254,2026-01-22,Direct,Desktop,India,/products,3,443.2,0,1,1,1,0,1,2026-01
S04255,2026-03-07,Email,Desktop,Australia,/products,5,128.9,0,1,0,0,0,1,2026-03
S04256,2026-01-23,Organic Search,Mobile,Australia,/,6,197.2,0,1,0,0,0,1,2026-01
S04257,2026-01-12,Organic Search,Mobile,India,/products,1,74.6,1,1,0,0,0,0,2026-01
S04258,2026-03-27,Direct,Desktop,India,/pricing,3,246.5,0,1,1,0,0,1,2026-03
S04259,2026-03-08,Referral,Mobile,India,/contact,1,13.0,1,0,0,0,0,0,2026-03
S04260,2026-01-16,Organic Search,Mobile,Canada,/products,1,3.0,1,1,1,0,0,0,2026-01
S04261,2026-03-21,Referral,Tablet,United States,/pricing,2,163.5,0,1,0,0,0,1,2026-03
S04262,2026-02-10,Email,Mobile,United States,/pricing,5,186.5,0,1,1,0,0,1,2026-02
S04263,2026-02-01,Organic Search,Desktop,India,/blog,2,118.6,0,0,0,0,0,1,2026-02
S04264,2026-03-15,Social,Desktop,India,/products,1,12.6,1,1,1,0,0,0,2026-03
S04265,2026-02-24,Paid Search,Mobile,United States,/,3,125.0,0,0,0,0,0,1,2026-02
S04266,2026-02-17,Direct,Desktop,United States,/contact,3,187.3,0,1,0,0,0,1,2026-02
S04267,2026-02-14,Direct,Mobile,Canada,/contact,2,91.1,0,0,0,0,0,1,2026-02
S04268,2026-03-28,Social,Desktop,Canada,/pricing,5,417.7,0,1,1,0,0,1,2026-03
S04269,2026-02-02,Social,Desktop,United States,/pricing,1,14.4,1,1,1,1,0,0,2026-02
S04270,2026-03-29,Social,Desktop,United States,/,8,202.9,0,0,0,0,0,1,2026-03
S04271,2026-02-13,Referral,Mobile,Australia,/,4,146.5,0,1,1,1,1,1,2026-02
S04272,2026-03-17,Direct,Desktop,United Kingdom,/,1,21.8,1,0,0,0,0,0,2026-03
S04273,2026-01-05,Social,Desktop,Canada,/blog,1,24.3,1,0,0,0,0,0,2026-01
S04274,2026-02-06,Email,Desktop,Australia,/products,4,102.6,0,1,1,1,0,1,2026-02
S04275,2026-02-12,Organic Search,Desktop,India,/products,6,295.4,0,1,1,1,1,1,2026-02
S04276,2026-03-18,Organic Search,Mobile,United States,/,4,142.5,0,1,0,0,0,1,2026-03
S04277,2026-01-14,Direct,Desktop,United States,/,4,360.1,0,1,0,0,0,1,2026-01
S04278,2026-03-04,Email,Mobile,India,/products,3,181.6,0,1,0,0,0,1,2026-03
S04279,2026-03-24,Organic Search,Mobile,United States,/pricing,4,138.5,0,1,1,0,0,1,2026-03
S04280,2026-03-21,Paid Search,Desktop,India,/pricing,1,20.1,1,1,0,0,0,0,2026-03
S04281,2026-02-12,Organic Search,Desktop,India,/pricing,1,29.8,1,1,0,0,0,0,2026-02
S04282,2026-01-23,Direct,Tablet,India,/pricing,1,30.7,1,1,1,0,0,0,2026-01
S04283,2026-03-17,Paid Search,Mobile,United Kingdom,/blog,5,210.1,0,1,0,0,0,1,2026-03
S04284,2026-01-09,Organic Search,Mobile,United States,/products,1,78.4,1,1,1,0,0,0,2026-01
S04285,2026-03-22,Email,Mobile,United States,/products,1,24.1,1,1,0,0,0,0,2026-03
S04286,2026-02-19,Organic Search,Mobile,India,/features,1,4.4,1,1,1,1,1,0,2026-02
S04287,2026-01-20,Email,Desktop,United States,/blog,1,5.5,1,0,0,0,0,0,2026-01
S04288,2026-02-11,Organic Search,Mobile,India,/pricing,5,121.8,0,1,1,0,0,1,2026-02
S04289,2026-01-22,Referral,Mobile,India,/products,5,181.5,0,1,0,0,0,1,2026-01
S04290,2026-02-22,Paid Search,Mobile,India,/,1,46.4,1,0,0,0,0,0,2026-02
S04291,2026-01-24,Organic Search,Mobile,Canada,/,4,85.8,0,1,0,0,0,1,2026-01
S04292,2026-03-20,Organic Search,Desktop,India,/features,1,7.1,1,1,1,1,0,0,2026-03
S04293,2026-03-22,Organic Search,Desktop,United States,/blog,1,25.2,1,0,0,0,0,0,2026-03
S04294,2026-03-17,Paid Search,Mobile,Canada,/,1,30.1,1,0,0,0,0,0,2026-03
S04295,2026-02-13,Social,Mobile,India,/,1,14.5,1,0,0,0,0,0,2026-02
S04296,2026-01-07,Direct,Mobile,Canada,/products,4,278.7,0,1,1,1,1,1,2026-01
S04297,2026-01-07,Direct,Mobile,India,/products,2,116.3,0,1,0,0,0,1,2026-01
S04298,2026-01-14,Paid Search,Desktop,India,/pricing,4,85.7,0,1,0,0,0,1,2026-01
S04299,2026-01-20,Direct,Desktop,India,/products,1,6.4,1,1,0,0,0,0,2026-01
S04300,2026-03-03,Paid Search,Mobile,United States,/features,7,217.2,0,1,0,0,0,1,2026-03
S04301,2026-01-17,Direct,Desktop,Australia,/blog,2,202.5,0,0,0,0,0,1,2026-01
S04302,2026-02-18,Paid Search,Mobile,United States,/features,1,20.3,1,1,1,1,0,0,2026-02
S04303,2026-03-18,Referral,Mobile,United States,/features,1,36.2,1,1,1,0,0,0,2026-03
S04304,2026-01-16,Direct,Mobile,India,/contact,1,17.0,1,0,0,0,0,0,2026-01
S04305,2026-02-02,Organic Search,Mobile,Australia,/contact,1,10.1,1,0,0,0,0,0,2026-02
S04306,2026-01-03,Organic Search,Mobile,India,/products,1,12.5,1,1,1,0,0,0,2026-01
S04307,2026-03-19,Direct,Desktop,India,/products,5,381.5,0,1,0,0,0,1,2026-03
S04308,2026-01-27,Direct,Desktop,Australia,/,2,237.3,0,0,0,0,0,1,2026-01
S04309,2026-02-10,Referral,Mobile,India,/blog,3,137.6,0,0,0,0,0,1,2026-02
S04310,2026-01-23,Paid Search,Desktop,India,/blog,4,384.7,0,0,0,0,0,1,2026-01
S04311,2026-03-14,Direct,Mobile,India,/,5,298.7,0,1,1,1,1,1,2026-03
S04312,2026-01-11,Social,Mobile,India,/features,4,173.1,0,1,1,0,0,1,2026-01
S04313,2026-03-25,Organic Search,Mobile,United Kingdom,/features,1,3.7,1,1,0,0,0,0,2026-03
S04314,2026-03-30,Social,Mobile,India,/blog,1,27.9,1,0,0,0,0,0,2026-03
S04315,2026-03-31,Organic Search,Mobile,Australia,/pricing,4,107.2,0,1,1,1,1,1,2026-03
S04316,2026-03-25,Paid Search,Desktop,India,/,2,125.5,0,1,1,0,0,1,2026-03
S04317,2026-01-01,Referral,Desktop,United States,/pricing,2,73.7,0,1,0,0,0,1,2026-01
S04318,2026-01-16,Social,Mobile,United States,/,1,13.4,1,0,0,0,0,0,2026-01
S04319,2026-01-21,Email,Desktop,United States,/blog,4,173.2,0,1,1,1,1,1,2026-01
S04320,2026-03-02,Direct,Mobile,United States,/products,1,47.1,1,1,1,0,0,0,2026-03
S04321,2026-02-23,Social,Desktop,United States,/products,1,29.6,1,1,1,0,0,0,2026-02
S04322,2026-03-11,Direct,Mobile,United States,/pricing,2,167.7,0,1,0,0,0,1,2026-03
S04323,2026-02-28,Paid Search,Mobile,Canada,/pricing,4,145.6,0,1,0,0,0,1,2026-02
S04324,2026-02-15,Organic Search,Desktop,India,/products,1,15.4,1,1,1,1,1,0,2026-02
S04325,2026-03-22,Organic Search,Mobile,India,/contact,1,49.1,1,0,0,0,0,0,2026-03
S04326,2026-02-15,Direct,Mobile,United States,/,5,291.1,0,1,1,1,1,1,2026-02
S04327,2026-02-12,Organic Search,Mobile,India,/features,1,19.8,1,1,1,1,1,0,2026-02
S04328,2026-01-26,Social,Mobile,India,/,2,98.2,0,1,1,0,0,1,2026-01
S04329,2026-03-21,Email,Mobile,Australia,/products,2,134.9,0,1,0,0,0,1,2026-03
S04330,2026-03-05,Referral,Desktop,India,/contact,6,259.3,0,0,0,0,0,1,2026-03
S04331,2026-03-05,Organic Search,Desktop,India,/blog,1,14.9,1,0,0,0,0,0,2026-03
S04332,2026-01-01,Referral,Mobile,United States,/blog,5,168.4,0,0,0,0,0,1,2026-01
S04333,2026-01-01,Organic Search,Mobile,India,/blog,3,107.2,0,0,0,0,0,1,2026-01
S04334,2026-02-18,Direct,Desktop,India,/products,1,26.1,1,1,0,0,0,0,2026-02
S04335,2026-02-25,Email,Desktop,India,/features,4,300.0,0,1,0,0,0,1,2026-02
S04336,2026-02-06,Organic Search,Desktop,India,/,4,185.1,0,0,0,0,0,1,2026-02
S04337,2026-03-09,Organic Search,Mobile,India,/features,1,9.6,1,1,0,0,0,0,2026-03
S04338,2026-03-17,Organic Search,Mobile,Canada,/contact,3,139.7,0,1,1,0,0,1,2026-03
S04339,2026-02-13,Direct,Mobile,India,/features,4,189.2,0,1,1,0,0,1,2026-02
S04340,2026-03-18,Social,Mobile,India,/blog,1,15.0,1,0,0,0,0,0,2026-03
S04341,2026-01-24,Organic Search,Mobile,United States,/blog,6,142.7,0,0,0,0,0,1,2026-01
S04342,2026-02-21,Organic Search,Mobile,India,/pricing,1,27.7,1,1,1,0,0,0,2026-02
S04343,2026-01-25,Paid Search,Desktop,India,/products,3,139.3,0,1,0,0,0,1,2026-01
S04344,2026-01-27,Organic Search,Mobile,India,/features,5,168.6,0,1,1,0,0,1,2026-01
S04345,2026-03-02,Social,Desktop,India,/blog,1,26.3,1,0,0,0,0,0,2026-03
S04346,2026-02-23,Referral,Mobile,India,/pricing,4,555.2,0,1,0,0,0,1,2026-02
S04347,2026-02-13,Social,Mobile,India,/features,1,16.8,1,1,1,0,0,0,2026-02
S04348,2026-02-22,Email,Desktop,Canada,/,2,88.8,0,1,0,0,0,1,2026-02
S04349,2026-02-11,Direct,Desktop,Australia,/features,1,28.0,1,1,0,0,0,0,2026-02
S04350,2026-02-20,Social,Mobile,Canada,/features,1,79.0,1,1,1,0,0,0,2026-02
S04351,2026-02-28,Organic Search,Desktop,India,/products,2,252.2,0,1,0,0,0,1,2026-02
S04352,2026-02-12,Organic Search,Mobile,United Kingdom,/,1,30.7,1,0,0,0,0,0,2026-02
S04353,2026-03-07,Paid Search,Mobile,United States,/blog,1,49.9,1,0,0,0,0,0,2026-03
S04354,2026-01-14,Organic Search,Desktop,India,/products,2,98.1,0,1,0,0,0,1,2026-01
S04355,2026-02-21,Email,Desktop,Australia,/contact,6,143.9,0,0,0,0,0,1,2026-02
S04356,2026-02-21,Paid Search,Mobile,United Kingdom,/,1,19.3,1,0,0,0,0,0,2026-02
S04357,2026-01-17,Referral,Tablet,India,/products,5,165.9,0,1,0,0,0,1,2026-01
S04358,2026-02-03,Organic Search,Desktop,Australia,/,3,240.4,0,1,0,0,0,1,2026-02
S04359,2026-03-27,Direct,Desktop,India,/features,10,366.3,0,1,0,0,0,1,2026-03
S04360,2026-02-14,Social,Mobile,India,/pricing,1,3.0,1,1,1,0,0,0,2026-02
S04361,2026-03-08,Organic Search,Mobile,India,/features,6,199.7,0,1,1,0,0,1,2026-03
S04362,2026-03-10,Direct,Mobile,India,/contact,2,291.8,0,0,0,0,0,1,2026-03
S04363,2026-01-24,Paid Search,Desktop,Australia,/blog,4,193.2,0,1,1,1,1,1,2026-01
S04364,2026-02-26,Referral,Mobile,United States,/products,1,18.5,1,1,0,0,0,0,2026-02
S04365,2026-02-01,Social,Desktop,India,/,1,11.9,1,0,0,0,0,0,2026-02
S04366,2026-03-19,Organic Search,Mobile,United Kingdom,/features,1,25.0,1,1,0,0,0,0,2026-03
S04367,2026-03-31,Direct,Desktop,Canada,/products,1,11.2,1,1,1,0,0,0,2026-03
S04368,2026-01-28,Paid Search,Desktop,Australia,/features,5,373.0,0,1,1,0,0,1,2026-01
S04369,2026-01-28,Organic Search,Desktop,Australia,/features,4,133.7,0,1,1,0,0,1,2026-01
S04370,2026-02-03,Direct,Desktop,Australia,/blog,2,69.2,0,1,1,0,0,1,2026-02
S04371,2026-03-05,Organic Search,Desktop,United States,/blog,1,76.3,1,0,0,0,0,0,2026-03
S04372,2026-02-03,Organic Search,Mobile,India,/contact,1,13.5,1,0,0,0,0,0,2026-02
S04373,2026-02-07,Direct,Desktop,Australia,/blog,1,17.3,1,0,0,0,0,0,2026-02
S04374,2026-01-11,Organic Search,Tablet,India,/blog,1,45.4,1,0,0,0,0,0,2026-01
S04375,2026-02-10,Paid Search,Mobile,India,/pricing,2,161.1,0,1,0,0,0,1,2026-02
S04376,2026-01-13,Organic Search,Mobile,India,/pricing,1,9.4,1,1,0,0,0,0,2026-01
S04377,2026-03-03,Social,Tablet,India,/products,1,9.5,1,1,1,0,0,0,2026-03
S04378,2026-03-19,Organic Search,Mobile,United States,/contact,5,207.4,0,1,0,0,0,1,2026-03
S04379,2026-01-17,Email,Mobile,Australia,/blog,1,60.1,1,0,0,0,0,0,2026-01
S04380,2026-03-25,Organic Search,Mobile,India,/features,1,3.0,1,1,0,0,0,0,2026-03
S04381,2026-03-24,Direct,Mobile,United States,/,4,223.2,0,1,0,0,0,1,2026-03
S04382,2026-01-13,Direct,Mobile,India,/features,1,13.9,1,1,0,0,0,0,2026-01
S04383,2026-02-08,Organic Search,Mobile,United States,/products,2,136.5,0,1,1,1,1,1,2026-02
S04384,2026-01-07,Direct,Desktop,India,/blog,2,212.1,0,1,1,1,0,1,2026-01
S04385,2026-01-22,Email,Mobile,India,/,5,203.6,0,1,0,0,0,1,2026-01
S04386,2026-01-25,Email,Mobile,United States,/features,1,23.5,1,1,0,0,0,0,2026-01
S04387,2026-01-09,Organic Search,Desktop,United States,/blog,1,10.8,1,0,0,0,0,0,2026-01
S04388,2026-03-14,Organic Search,Desktop,India,/pricing,2,132.7,0,1,1,0,0,1,2026-03
S04389,2026-03-14,Social,Mobile,India,/products,1,91.3,1,1,1,0,0,0,2026-03
S04390,2026-03-05,Paid Search,Mobile,India,/products,1,24.2,1,1,1,0,0,0,2026-03
S04391,2026-03-13,Organic Search,Desktop,United States,/products,1,3.0,1,1,1,0,0,0,2026-03
S04392,2026-03-30,Social,Desktop,India,/,1,9.4,1,0,0,0,0,0,2026-03
S04393,2026-01-05,Direct,Mobile,India,/pricing,1,12.7,1,1,1,0,0,0,2026-01
S04394,2026-03-31,Paid Search,Mobile,Canada,/pricing,6,210.2,0,1,0,0,0,1,2026-03
S04395,2026-01-23,Direct,Desktop,United Kingdom,/products,2,234.6,0,1,1,1,0,1,2026-01
S04396,2026-01-29,Direct,Desktop,India,/blog,5,145.6,0,1,1,1,0,1,2026-01
S04397,2026-02-10,Organic Search,Mobile,United States,/products,1,3.8,1,1,1,0,0,0,2026-02
S04398,2026-01-23,Social,Desktop,India,/,1,20.1,1,0,0,0,0,0,2026-01
S04399,2026-03-30,Organic Search,Desktop,India,/features,3,150.0,0,1,1,1,1,1,2026-03
S04400,2026-01-11,Social,Desktop,United States,/products,4,219.0,0,1,0,0,0,1,2026-01
S04401,2026-02-16,Social,Desktop,India,/blog,2,138.3,0,1,1,0,0,1,2026-02
S04402,2026-02-16,Social,Desktop,India,/contact,1,16.6,1,0,0,0,0,0,2026-02
S04403,2026-01-04,Organic Search,Mobile,Canada,/blog,1,32.5,1,0,0,0,0,0,2026-01
S04404,2026-03-16,Organic Search,Mobile,United Kingdom,/pricing,5,239.2,0,1,1,0,0,1,2026-03
S04405,2026-02-15,Direct,Desktop,Australia,/pricing,3,244.0,0,1,0,0,0,1,2026-02
S04406,2026-03-07,Paid Search,Desktop,Canada,/features,1,26.3,1,1,1,1,0,0,2026-03
S04407,2026-03-14,Email,Mobile,India,/features,1,11.5,1,1,0,0,0,0,2026-03
S04408,2026-01-20,Direct,Mobile,United States,/,1,8.7,1,0,0,0,0,0,2026-01
S04409,2026-02-01,Email,Desktop,India,/blog,2,372.8,0,0,0,0,0,1,2026-02
S04410,2026-02-06,Organic Search,Desktop,United States,/features,4,222.7,0,1,0,0,0,1,2026-02
S04411,2026-02-01,Direct,Mobile,India,/features,2,208.2,0,1,0,0,0,1,2026-02
S04412,2026-03-13,Organic Search,Mobile,India,/,1,36.5,1,0,0,0,0,0,2026-03
S04413,2026-01-19,Social,Mobile,India,/pricing,3,163.4,0,1,0,0,0,1,2026-01
S04414,2026-02-01,Organic Search,Tablet,United Kingdom,/pricing,3,292.7,0,1,1,1,0,1,2026-02
S04415,2026-01-13,Organic Search,Desktop,India,/products,8,160.9,0,1,0,0,0,1,2026-01
S04416,2026-01-29,Social,Mobile,United States,/blog,1,3.5,1,0,0,0,0,0,2026-01
S04417,2026-01-04,Direct,Mobile,Canada,/pricing,2,307.1,0,1,1,0,0,1,2026-01
S04418,2026-03-11,Organic Search,Desktop,United Kingdom,/products,1,63.5,1,1,0,0,0,0,2026-03
S04419,2026-02-22,Organic Search,Mobile,India,/products,2,177.4,0,1,0,0,0,1,2026-02
S04420,2026-02-08,Direct,Tablet,India,/features,2,86.6,0,1,0,0,0,1,2026-02
S04421,2026-03-24,Organic Search,Mobile,Australia,/features,5,107.6,0,1,1,1,1,1,2026-03
S04422,2026-01-02,Organic Search,Mobile,United States,/features,6,205.3,0,1,0,0,0,1,2026-01
S04423,2026-02-13,Paid Search,Mobile,India,/features,1,9.4,1,1,1,1,1,0,2026-02
S04424,2026-03-19,Organic Search,Mobile,Australia,/contact,3,242.0,0,1,1,0,0,1,2026-03
S04425,2026-03-28,Paid Search,Desktop,India,/pricing,1,31.6,1,1,1,1,0,0,2026-03
S04426,2026-03-23,Direct,Desktop,India,/,2,243.6,0,0,0,0,0,1,2026-03
S04427,2026-02-25,Organic Search,Mobile,India,/features,1,26.8,1,1,0,0,0,0,2026-02
S04428,2026-03-15,Organic Search,Mobile,India,/blog,1,5.8,1,0,0,0,0,0,2026-03
S04429,2026-03-22,Organic Search,Desktop,India,/products,3,201.4,0,1,1,0,0,1,2026-03
S04430,2026-02-15,Organic Search,Desktop,United States,/contact,4,184.4,0,0,0,0,0,1,2026-02
S04431,2026-02-12,Organic Search,Mobile,India,/products,2,146.4,0,1,0,0,0,1,2026-02
S04432,2026-03-12,Email,Mobile,United States,/features,1,13.8,1,1,0,0,0,0,2026-03
S04433,2026-02-11,Social,Desktop,United Kingdom,/blog,1,19.7,1,0,0,0,0,0,2026-02
S04434,2026-03-08,Direct,Mobile,Canada,/,1,4.7,1,0,0,0,0,0,2026-03
S04435,2026-01-13,Paid Search,Desktop,India,/features,1,14.7,1,1,1,1,1,0,2026-01
S04436,2026-02-10,Paid Search,Mobile,United Kingdom,/blog,2,80.6,0,1,0,0,0,1,2026-02
S04437,2026-01-30,Social,Mobile,India,/blog,1,64.9,1,0,0,0,0,0,2026-01
S04438,2026-02-01,Organic Search,Desktop,United States,/blog,1,17.8,1,0,0,0,0,0,2026-02
S04439,2026-03-13,Organic Search,Mobile,India,/products,4,194.6,0,1,0,0,0,1,2026-03
S04440,2026-03-27,Organic Search,Mobile,United States,/products,1,37.3,1,1,0,0,0,0,2026-03
S04441,2026-02-24,Organic Search,Mobile,India,/,1,20.9,1,0,0,0,0,0,2026-02
S04442,2026-02-09,Organic Search,Desktop,United States,/,1,25.1,1,0,0,0,0,0,2026-02
S04443,2026-02-26,Email,Desktop,India,/products,4,179.9,0,1,1,1,0,1,2026-02
S04444,2026-01-13,Email,Mobile,India,/pricing,2,128.7,0,1,0,0,0,1,2026-01
S04445,2026-03-10,Organic Search,Desktop,United States,/,5,164.8,0,1,0,0,0,1,2026-03
S04446,2026-01-12,Direct,Mobile,India,/pricing,8,157.3,0,1,1,0,0,1,2026-01
S04447,2026-03-23,Direct,Mobile,United States,/products,4,178.6,0,1,1,0,0,1,2026-03
S04448,2026-02-04,Direct,Mobile,United States,/products,4,114.1,0,1,1,0,0,1,2026-02
S04449,2026-02-08,Direct,Mobile,United States,/contact,6,162.3,0,1,0,0,0,1,2026-02
S04450,2026-02-07,Organic Search,Mobile,United Kingdom,/contact,4,112.6,0,0,0,0,0,1,2026-02
S04451,2026-01-24,Email,Desktop,United Kingdom,/features,4,382.1,0,1,1,0,0,1,2026-01
S04452,2026-01-12,Referral,Mobile,Australia,/,2,170.1,0,0,0,0,0,1,2026-01
S04453,2026-02-27,Paid Search,Desktop,India,/blog,1,42.9,1,0,0,0,0,0,2026-02
S04454,2026-02-10,Paid Search,Desktop,United States,/,1,15.4,1,0,0,0,0,0,2026-02
S04455,2026-03-04,Direct,Mobile,United Kingdom,/pricing,3,149.0,0,1,1,1,0,1,2026-03
S04456,2026-01-20,Direct,Mobile,India,/features,3,124.8,0,1,1,0,0,1,2026-01
S04457,2026-03-23,Organic Search,Mobile,India,/products,4,163.0,0,1,0,0,0,1,2026-03
S04458,2026-03-23,Paid Search,Mobile,India,/contact,5,141.4,0,1,1,0,0,1,2026-03
S04459,2026-02-20,Organic Search,Desktop,United States,/blog,3,68.0,0,1,1,0,0,1,2026-02
S04460,2026-02-26,Social,Tablet,India,/products,3,85.3,0,1,1,1,1,1,2026-02
S04461,2026-02-07,Direct,Desktop,United States,/,2,200.2,0,0,0,0,0,1,2026-02
S04462,2026-02-07,Direct,Mobile,United States,/features,1,8.0,1,1,0,0,0,0,2026-02
S04463,2026-01-18,Direct,Mobile,United States,/pricing,5,147.2,0,1,0,0,0,1,2026-01
S04464,2026-03-05,Referral,Mobile,India,/,1,3.0,1,0,0,0,0,0,2026-03
S04465,2026-03-30,Organic Search,Tablet,United Kingdom,/,1,3.0,1,0,0,0,0,0,2026-03
S04466,2026-03-24,Organic Search,Mobile,United States,/contact,5,235.8,0,1,1,0,0,1,2026-03
S04467,2026-03-09,Organic Search,Mobile,India,/products,1,33.1,1,1,0,0,0,0,2026-03
S04468,2026-01-04,Paid Search,Desktop,India,/contact,2,75.1,0,1,0,0,0,1,2026-01
S04469,2026-01-16,Referral,Mobile,India,/blog,1,15.4,1,0,0,0,0,0,2026-01
S04470,2026-03-03,Organic Search,Mobile,Australia,/products,4,142.3,0,1,0,0,0,1,2026-03
S04471,2026-01-03,Email,Desktop,India,/products,1,23.2,1,1,0,0,0,0,2026-01
S04472,2026-02-01,Organic Search,Mobile,India,/features,2,205.0,0,1,0,0,0,1,2026-02
S04473,2026-02-26,Paid Search,Mobile,India,/pricing,1,18.6,1,1,0,0,0,0,2026-02
S04474,2026-02-25,Organic Search,Mobile,India,/,2,178.1,0,0,0,0,0,1,2026-02
S04475,2026-03-23,Direct,Mobile,India,/products,3,147.8,0,1,0,0,0,1,2026-03
S04476,2026-02-23,Paid Search,Tablet,United Kingdom,/features,2,255.9,0,1,1,0,0,1,2026-02
S04477,2026-02-01,Direct,Mobile,India,/blog,4,122.8,0,0,0,0,0,1,2026-02
S04478,2026-01-08,Organic Search,Desktop,Canada,/pricing,5,128.5,0,1,1,0,0,1,2026-01
S04479,2026-02-17,Social,Mobile,India,/products,2,212.0,0,1,0,0,0,1,2026-02
S04480,2026-03-02,Referral,Desktop,India,/pricing,1,14.5,1,1,1,1,1,0,2026-03
S04481,2026-03-19,Direct,Tablet,United Kingdom,/features,6,215.5,0,1,0,0,0,1,2026-03
S04482,2026-01-17,Paid Search,Mobile,United States,/,1,32.7,1,0,0,0,0,0,2026-01
S04483,2026-03-28,Social,Tablet,Canada,/contact,1,22.3,1,0,0,0,0,0,2026-03
S04484,2026-03-15,Organic Search,Desktop,India,/features,1,17.2,1,1,0,0,0,0,2026-03
S04485,2026-02-25,Email,Desktop,India,/products,2,155.5,0,1,0,0,0,1,2026-02
S04486,2026-01-19,Organic Search,Mobile,United States,/features,1,15.0,1,1,0,0,0,0,2026-01
S04487,2026-01-20,Social,Desktop,India,/blog,3,108.6,0,0,0,0,0,1,2026-01
S04488,2026-02-01,Organic Search,Mobile,United Kingdom,/blog,1,21.3,1,0,0,0,0,0,2026-02
S04489,2026-03-29,Organic Search,Tablet,India,/,5,90.9,0,0,0,0,0,1,2026-03
S04490,2026-03-15,Direct,Desktop,India,/features,1,19.6,1,1,1,0,0,0,2026-03
S04491,2026-01-25,Direct,Mobile,United Kingdom,/pricing,7,210.9,0,1,0,0,0,1,2026-01
S04492,2026-01-23,Email,Desktop,United States,/features,1,62.5,1,1,0,0,0,0,2026-01
S04493,2026-01-07,Referral,Desktop,Canada,/products,6,298.8,0,1,0,0,0,1,2026-01
S04494,2026-02-24,Organic Search,Desktop,Canada,/products,4,259.8,0,1,1,1,1,1,2026-02
S04495,2026-02-13,Organic Search,Mobile,India,/contact,7,232.6,0,0,0,0,0,1,2026-02
S04496,2026-01-02,Direct,Mobile,United States,/pricing,3,67.7,0,1,0,0,0,1,2026-01
S04497,2026-03-05,Direct,Mobile,Australia,/,1,9.8,1,0,0,0,0,0,2026-03
S04498,2026-01-08,Direct,Mobile,India,/features,1,7.2,1,1,0,0,0,0,2026-01
S04499,2026-01-09,Email,Tablet,India,/products,6,248.5,0,1,0,0,0,1,2026-01
S04500,2026-03-23,Social,Mobile,Australia,/features,1,21.0,1,1,1,1,0,0,2026-03
S04501,2026-03-27,Organic Search,Desktop,India,/features,4,263.9,0,1,1,0,0,1,2026-03
S04502,2026-01-05,Direct,Desktop,Australia,/,6,159.6,0,1,0,0,0,1,2026-01
S04503,2026-03-20,Paid Search,Desktop,India,/pricing,3,196.5,0,1,0,0,0,1,2026-03
S04504,2026-01-23,Direct,Mobile,Canada,/contact,2,178.4,0,1,1,0,0,1,2026-01
S04505,2026-02-15,Organic Search,Mobile,United States,/contact,1,15.2,1,0,0,0,0,0,2026-02
S04506,2026-03-17,Direct,Desktop,United States,/pricing,3,155.8,0,1,1,0,0,1,2026-03
S04507,2026-02-24,Direct,Mobile,United Kingdom,/blog,5,186.1,0,1,1,1,0,1,2026-02
S04508,2026-02-21,Organic Search,Mobile,India,/blog,1,29.8,1,0,0,0,0,0,2026-02
S04509,2026-02-19,Social,Desktop,United States,/products,2,229.7,0,1,1,1,1,1,2026-02
S04510,2026-01-25,Direct,Mobile,Australia,/blog,4,121.1,0,0,0,0,0,1,2026-01
S04511,2026-01-25,Paid Search,Desktop,Australia,/products,3,141.1,0,1,1,0,0,1,2026-01
S04512,2026-01-22,Direct,Mobile,Australia,/products,2,143.2,0,1,0,0,0,1,2026-01
S04513,2026-03-18,Email,Mobile,United States,/products,3,85.0,0,1,0,0,0,1,2026-03
S04514,2026-01-24,Organic Search,Desktop,United States,/features,4,149.4,0,1,1,1,0,1,2026-01
S04515,2026-03-18,Organic Search,Mobile,United States,/products,5,222.7,0,1,1,0,0,1,2026-03
S04516,2026-01-29,Organic Search,Desktop,United States,/products,1,31.5,1,1,1,0,0,0,2026-01
S04517,2026-03-07,Direct,Desktop,United States,/,4,236.0,0,0,0,0,0,1,2026-03
S04518,2026-01-29,Organic Search,Mobile,India,/,6,209.5,0,0,0,0,0,1,2026-01
S04519,2026-01-23,Social,Mobile,India,/contact,4,279.1,0,0,0,0,0,1,2026-01
S04520,2026-02-11,Organic Search,Mobile,United States,/pricing,4,277.5,0,1,0,0,0,1,2026-02
S04521,2026-03-12,Organic Search,Desktop,India,/products,1,4.5,1,1,1,0,0,0,2026-03
S04522,2026-02-05,Direct,Desktop,India,/contact,1,30.6,1,0,0,0,0,0,2026-02
S04523,2026-03-31,Social,Mobile,India,/,5,238.7,0,1,0,0,0,1,2026-03
S04524,2026-03-12,Email,Mobile,United Kingdom,/pricing,7,232.5,0,1,0,0,0,1,2026-03
S04525,2026-01-28,Social,Mobile,Australia,/features,7,201.3,0,1,0,0,0,1,2026-01
S04526,2026-03-17,Direct,Mobile,United States,/features,6,196.3,0,1,1,0,0,1,2026-03
S04527,2026-03-04,Social,Mobile,Australia,/products,1,7.9,1,1,1,1,0,0,2026-03
S04528,2026-02-17,Paid Search,Mobile,Canada,/blog,1,31.0,1,0,0,0,0,0,2026-02
S04529,2026-02-03,Organic Search,Desktop,India,/blog,1,12.3,1,0,0,0,0,0,2026-02
S04530,2026-01-03,Direct,Mobile,India,/blog,4,193.3,0,0,0,0,0,1,2026-01
S04531,2026-03-25,Social,Mobile,India,/products,1,31.0,1,1,0,0,0,0,2026-03
S04532,2026-02-22,Organic Search,Desktop,India,/features,1,24.3,1,1,0,0,0,0,2026-02
S04533,2026-03-23,Paid Search,Tablet,United States,/pricing,2,303.7,0,1,1,0,0,1,2026-03
S04534,2026-02-02,Direct,Mobile,India,/blog,5,169.1,0,0,0,0,0,1,2026-02
S04535,2026-03-22,Direct,Desktop,Australia,/contact,4,103.1,0,0,0,0,0,1,2026-03
S04536,2026-01-19,Organic Search,Mobile,United States,/features,1,38.8,1,1,1,1,1,0,2026-01
S04537,2026-03-05,Paid Search,Desktop,India,/features,3,153.6,0,1,1,0,0,1,2026-03
S04538,2026-02-15,Email,Mobile,Australia,/products,3,153.8,0,1,1,1,0,1,2026-02
S04539,2026-02-21,Organic Search,Desktop,Australia,/,1,20.1,1,0,0,0,0,0,2026-02
S04540,2026-03-31,Direct,Mobile,United Kingdom,/pricing,4,148.5,0,1,1,0,0,1,2026-03
S04541,2026-01-30,Organic Search,Tablet,United Kingdom,/,1,34.7,1,0,0,0,0,0,2026-01
S04542,2026-01-28,Organic Search,Tablet,Australia,/blog,5,101.6,0,1,0,0,0,1,2026-01
S04543,2026-02-26,Referral,Mobile,United States,/blog,1,54.2,1,0,0,0,0,0,2026-02
S04544,2026-01-10,Direct,Mobile,Canada,/pricing,9,285.7,0,1,1,1,1,1,2026-01
S04545,2026-03-10,Direct,Desktop,India,/,2,299.0,0,1,1,1,0,1,2026-03
S04546,2026-01-11,Organic Search,Mobile,United States,/features,6,158.6,0,1,1,1,1,1,2026-01
S04547,2026-03-24,Referral,Desktop,India,/blog,1,21.6,1,0,0,0,0,0,2026-03
S04548,2026-01-29,Organic Search,Desktop,India,/pricing,1,51.0,1,1,0,0,0,0,2026-01
S04549,2026-02-27,Social,Mobile,India,/pricing,5,396.0,0,1,1,0,0,1,2026-02
S04550,2026-02-21,Organic Search,Mobile,India,/,9,244.9,0,0,0,0,0,1,2026-02
S04551,2026-02-19,Organic Search,Desktop,India,/blog,1,3.5,1,0,0,0,0,0,2026-02
S04552,2026-01-12,Paid Search,Mobile,India,/,1,6.5,1,0,0,0,0,0,2026-01
S04553,2026-02-07,Organic Search,Desktop,India,/pricing,3,76.0,0,1,0,0,0,1,2026-02
S04554,2026-03-09,Paid Search,Mobile,United Kingdom,/,1,7.0,1,0,0,0,0,0,2026-03
S04555,2026-02-14,Organic Search,Mobile,United States,/products,6,144.5,0,1,1,0,0,1,2026-02
S04556,2026-03-26,Social,Mobile,United States,/products,3,142.7,0,1,0,0,0,1,2026-03
S04557,2026-02-28,Social,Mobile,India,/,1,18.0,1,0,0,0,0,0,2026-02
S04558,2026-03-31,Social,Desktop,Canada,/features,1,9.3,1,1,0,0,0,0,2026-03
S04559,2026-03-07,Organic Search,Mobile,India,/features,2,129.8,0,1,1,1,1,1,2026-03
S04560,2026-02-19,Paid Search,Desktop,India,/,1,49.6,1,0,0,0,0,0,2026-02
S04561,2026-01-12,Referral,Desktop,India,/,3,239.5,0,1,0,0,0,1,2026-01
S04562,2026-01-09,Organic Search,Mobile,Australia,/features,1,143.0,1,1,1,1,0,0,2026-01
S04563,2026-01-20,Organic Search,Mobile,Australia,/,4,93.6,0,0,0,0,0,1,2026-01
S04564,2026-03-17,Social,Desktop,United Kingdom,/pricing,2,186.1,0,1,0,0,0,1,2026-03
S04565,2026-02-07,Organic Search,Desktop,United Kingdom,/,5,353.8,0,0,0,0,0,1,2026-02
S04566,2026-03-20,Paid Search,Mobile,United States,/blog,1,25.2,1,0,0,0,0,0,2026-03
S04567,2026-02-14,Social,Mobile,United States,/contact,1,22.6,1,0,0,0,0,0,2026-02
S04568,2026-01-26,Organic Search,Desktop,India,/,9,175.7,0,1,0,0,0,1,2026-01
S04569,2026-03-15,Direct,Mobile,India,/contact,1,43.4,1,0,0,0,0,0,2026-03
S04570,2026-02-22,Paid Search,Desktop,Australia,/features,3,99.6,0,1,0,0,0,1,2026-02
S04571,2026-01-12,Organic Search,Mobile,Australia,/contact,4,193.4,0,0,0,0,0,1,2026-01
S04572,2026-01-28,Email,Desktop,India,/blog,1,46.5,1,0,0,0,0,0,2026-01
S04573,2026-01-13,Organic Search,Mobile,India,/features,5,145.4,0,1,0,0,0,1,2026-01
S04574,2026-03-03,Direct,Desktop,India,/blog,2,265.9,0,0,0,0,0,1,2026-03
S04575,2026-03-07,Email,Mobile,India,/features,1,31.5,1,1,0,0,0,0,2026-03
S04576,2026-03-10,Organic Search,Mobile,India,/,1,27.9,1,0,0,0,0,0,2026-03
S04577,2026-01-24,Social,Mobile,United States,/blog,1,15.7,1,0,0,0,0,0,2026-01
S04578,2026-01-31,Organic Search,Desktop,India,/blog,1,44.3,1,0,0,0,0,0,2026-01
S04579,2026-02-08,Direct,Mobile,India,/,1,49.1,1,0,0,0,0,0,2026-02
S04580,2026-01-02,Organic Search,Mobile,India,/products,9,148.6,0,1,0,0,0,1,2026-01
S04581,2026-03-23,Paid Search,Desktop,United Kingdom,/products,5,319.8,0,1,0,0,0,1,2026-03
S04582,2026-02-05,Social,Mobile,India,/products,1,75.3,1,1,0,0,0,0,2026-02
S04583,2026-01-18,Email,Mobile,India,/products,6,219.7,0,1,1,1,0,1,2026-01
S04584,2026-01-20,Referral,Desktop,United States,/products,4,156.8,0,1,0,0,0,1,2026-01
S04585,2026-01-05,Paid Search,Desktop,United Kingdom,/products,2,171.0,0,1,1,0,0,1,2026-01
S04586,2026-02-07,Social,Desktop,India,/blog,5,254.8,0,1,1,0,0,1,2026-02
S04587,2026-03-30,Direct,Mobile,United Kingdom,/,1,9.0,1,0,0,0,0,0,2026-03
S04588,2026-03-30,Email,Mobile,India,/products,1,25.8,1,1,0,0,0,0,2026-03
S04589,2026-01-30,Paid Search,Desktop,United States,/products,1,25.4,1,1,0,0,0,0,2026-01
S04590,2026-01-03,Email,Mobile,India,/pricing,2,172.9,0,1,0,0,0,1,2026-01
S04591,2026-01-13,Organic Search,Desktop,Australia,/,11,278.4,0,1,0,0,0,1,2026-01
S04592,2026-01-30,Direct,Mobile,Australia,/contact,1,12.8,1,0,0,0,0,0,2026-01
S04593,2026-02-26,Social,Desktop,United Kingdom,/products,4,186.9,0,1,1,1,1,1,2026-02
S04594,2026-02-14,Organic Search,Desktop,Australia,/products,5,187.3,0,1,0,0,0,1,2026-02
S04595,2026-03-05,Organic Search,Mobile,India,/pricing,4,168.3,0,1,0,0,0,1,2026-03
S04596,2026-02-13,Referral,Mobile,United States,/features,3,153.9,0,1,0,0,0,1,2026-02
S04597,2026-02-20,Direct,Mobile,India,/pricing,2,122.9,0,1,1,1,1,1,2026-02
S04598,2026-01-19,Organic Search,Mobile,India,/products,4,133.1,0,1,1,1,1,1,2026-01
S04599,2026-02-14,Direct,Desktop,United States,/pricing,2,126.8,0,1,1,0,0,1,2026-02
S04600,2026-03-11,Direct,Mobile,United Kingdom,/pricing,4,171.4,0,1,1,0,0,1,2026-03
S04601,2026-01-15,Paid Search,Mobile,United Kingdom,/products,1,6.5,1,1,0,0,0,0,2026-01
S04602,2026-01-27,Referral,Mobile,Canada,/contact,1,24.6,1,0,0,0,0,0,2026-01
S04603,2026-02-27,Referral,Desktop,United States,/contact,2,289.7,0,1,0,0,0,1,2026-02
S04604,2026-01-16,Paid Search,Mobile,Australia,/pricing,1,17.8,1,1,0,0,0,0,2026-01
S04605,2026-02-13,Paid Search,Mobile,Canada,/,1,35.6,1,0,0,0,0,0,2026-02
S04606,2026-03-19,Direct,Desktop,Canada,/pricing,1,36.4,1,1,0,0,0,0,2026-03
S04607,2026-01-26,Email,Mobile,India,/contact,5,181.9,0,0,0,0,0,1,2026-01
S04608,2026-03-14,Organic Search,Mobile,United States,/contact,1,69.7,1,0,0,0,0,0,2026-03
S04609,2026-02-12,Organic Search,Tablet,United Kingdom,/products,6,113.2,0,1,0,0,0,1,2026-02
S04610,2026-02-20,Referral,Mobile,Australia,/products,1,3.0,1,1,0,0,0,0,2026-02
S04611,2026-02-12,Email,Desktop,India,/,1,12.4,1,0,0,0,0,0,2026-02
S04612,2026-01-21,Organic Search,Desktop,India,/features,5,161.7,0,1,1,0,0,1,2026-01
S04613,2026-03-15,Paid Search,Desktop,India,/pricing,1,31.8,1,1,0,0,0,0,2026-03
S04614,2026-03-27,Direct,Mobile,India,/products,1,17.9,1,1,0,0,0,0,2026-03
S04615,2026-02-22,Direct,Mobile,United Kingdom,/products,3,414.6,0,1,1,0,0,1,2026-02
S04616,2026-01-26,Organic Search,Mobile,India,/products,4,187.0,0,1,0,0,0,1,2026-01
S04617,2026-02-02,Organic Search,Mobile,India,/features,7,220.9,0,1,1,0,0,1,2026-02
S04618,2026-02-13,Direct,Mobile,United States,/products,6,145.3,0,1,1,0,0,1,2026-02
S04619,2026-02-04,Direct,Desktop,India,/products,1,4.1,1,1,1,0,0,0,2026-02
S04620,2026-03-23,Direct,Desktop,India,/blog,1,10.0,1,0,0,0,0,0,2026-03
S04621,2026-01-22,Organic Search,Mobile,United States,/blog,1,3.0,1,0,0,0,0,0,2026-01
S04622,2026-03-10,Referral,Desktop,United States,/blog,1,35.1,1,0,0,0,0,0,2026-03
S04623,2026-02-24,Paid Search,Desktop,Australia,/features,1,43.8,1,1,1,0,0,0,2026-02
S04624,2026-02-13,Email,Desktop,United Kingdom,/,7,183.7,0,0,0,0,0,1,2026-02
S04625,2026-03-13,Organic Search,Desktop,Australia,/,1,31.8,1,0,0,0,0,0,2026-03
S04626,2026-02-10,Paid Search,Desktop,India,/,1,23.5,1,0,0,0,0,0,2026-02
S04627,2026-01-17,Email,Mobile,United Kingdom,/blog,7,317.9,0,0,0,0,0,1,2026-01
S04628,2026-01-27,Direct,Mobile,United States,/contact,5,212.9,0,0,0,0,0,1,2026-01
S04629,2026-03-13,Organic Search,Desktop,United States,/products,3,100.3,0,1,0,0,0,1,2026-03
S04630,2026-03-13,Organic Search,Desktop,India,/features,1,9.3,1,1,0,0,0,0,2026-03
S04631,2026-03-04,Organic Search,Desktop,India,/blog,6,290.3,0,0,0,0,0,1,2026-03
S04632,2026-03-27,Direct,Tablet,India,/contact,5,166.2,0,0,0,0,0,1,2026-03
S04633,2026-03-06,Direct,Mobile,Canada,/pricing,3,116.5,0,1,1,0,0,1,2026-03
S04634,2026-03-19,Organic Search,Mobile,United Kingdom,/,2,114.7,0,0,0,0,0,1,2026-03
S04635,2026-01-26,Paid Search,Desktop,India,/blog,1,8.5,1,0,0,0,0,0,2026-01
S04636,2026-02-10,Organic Search,Mobile,United States,/features,1,5.9,1,1,1,0,0,0,2026-02
S04637,2026-03-01,Direct,Mobile,United Kingdom,/blog,1,9.4,1,0,0,0,0,0,2026-03
S04638,2026-03-28,Paid Search,Desktop,United States,/features,1,19.5,1,1,1,1,1,0,2026-03
S04639,2026-03-07,Organic Search,Desktop,India,/products,2,148.8,0,1,0,0,0,1,2026-03
S04640,2026-01-02,Organic Search,Mobile,Canada,/blog,1,13.7,1,0,0,0,0,0,2026-01
S04641,2026-03-06,Organic Search,Desktop,United States,/products,1,26.6,1,1,1,0,0,0,2026-03
S04642,2026-01-29,Organic Search,Mobile,United Kingdom,/pricing,5,176.1,0,1,0,0,0,1,2026-01
S04643,2026-01-13,Direct,Desktop,United States,/products,7,157.6,0,1,1,0,0,1,2026-01
S04644,2026-03-13,Organic Search,Mobile,United Kingdom,/,4,100.2,0,0,0,0,0,1,2026-03
S04645,2026-03-05,Organic Search,Desktop,India,/,1,26.4,1,0,0,0,0,0,2026-03
S04646,2026-03-28,Referral,Mobile,Australia,/blog,5,243.6,0,0,0,0,0,1,2026-03
S04647,2026-02-16,Email,Mobile,India,/features,1,21.5,1,1,1,0,0,0,2026-02
S04648,2026-03-29,Organic Search,Mobile,Canada,/products,5,554.7,0,1,0,0,0,1,2026-03
S04649,2026-03-08,Organic Search,Mobile,Canada,/products,3,232.1,0,1,0,0,0,1,2026-03
S04650,2026-02-15,Direct,Mobile,United States,/,4,148.4,0,0,0,0,0,1,2026-02
S04651,2026-03-28,Email,Desktop,United States,/products,5,158.1,0,1,0,0,0,1,2026-03
S04652,2026-03-27,Social,Desktop,India,/products,3,139.8,0,1,1,1,1,1,2026-03
S04653,2026-03-06,Organic Search,Mobile,India,/pricing,1,53.5,1,1,0,0,0,0,2026-03
S04654,2026-02-24,Organic Search,Desktop,United States,/features,4,107.8,0,1,0,0,0,1,2026-02
S04655,2026-01-18,Direct,Desktop,India,/pricing,2,106.8,0,1,0,0,0,1,2026-01
S04656,2026-03-08,Email,Desktop,India,/blog,5,324.2,0,1,1,1,0,1,2026-03
S04657,2026-02-08,Email,Mobile,Australia,/blog,4,207.3,0,1,1,0,0,1,2026-02
S04658,2026-02-19,Organic Search,Mobile,India,/,4,153.5,0,1,0,0,0,1,2026-02
S04659,2026-01-22,Paid Search,Desktop,India,/products,1,4.2,1,1,0,0,0,0,2026-01
S04660,2026-01-27,Organic Search,Mobile,India,/,1,17.7,1,0,0,0,0,0,2026-01
S04661,2026-01-12,Paid Search,Mobile,United States,/pricing,1,3.2,1,1,0,0,0,0,2026-01
S04662,2026-01-17,Email,Desktop,India,/features,5,373.4,0,1,1,1,1,1,2026-01
S04663,2026-01-31,Direct,Mobile,United Kingdom,/pricing,2,140.2,0,1,1,1,1,1,2026-01
S04664,2026-02-28,Organic Search,Desktop,India,/pricing,1,27.0,1,1,1,0,0,0,2026-02
S04665,2026-02-02,Paid Search,Mobile,India,/products,8,175.5,0,1,1,1,0,1,2026-02
S04666,2026-03-19,Direct,Desktop,India,/products,1,12.7,1,1,0,0,0,0,2026-03
S04667,2026-03-03,Social,Tablet,India,/contact,1,5.2,1,0,0,0,0,0,2026-03
S04668,2026-02-25,Direct,Tablet,Canada,/products,6,163.5,0,1,0,0,0,1,2026-02
S04669,2026-02-17,Email,Desktop,India,/blog,4,131.5,0,0,0,0,0,1,2026-02
S04670,2026-02-22,Organic Search,Desktop,India,/,1,67.3,1,0,0,0,0,0,2026-02
S04671,2026-02-23,Organic Search,Mobile,India,/,3,91.8,0,0,0,0,0,1,2026-02
S04672,2026-02-08,Organic Search,Tablet,India,/products,4,209.2,0,1,0,0,0,1,2026-02
S04673,2026-02-08,Organic Search,Desktop,United States,/features,5,235.9,0,1,1,1,1,1,2026-02
S04674,2026-02-03,Organic Search,Mobile,India,/products,4,127.9,0,1,0,0,0,1,2026-02
S04675,2026-02-24,Paid Search,Mobile,Australia,/blog,1,28.8,1,0,0,0,0,0,2026-02
S04676,2026-03-25,Organic Search,Mobile,India,/,1,13.5,1,0,0,0,0,0,2026-03
S04677,2026-02-13,Organic Search,Desktop,United States,/blog,1,18.9,1,0,0,0,0,0,2026-02
S04678,2026-01-07,Organic Search,Desktop,United Kingdom,/pricing,4,201.0,0,1,0,0,0,1,2026-01
S04679,2026-03-11,Organic Search,Mobile,India,/blog,1,11.2,1,0,0,0,0,0,2026-03
S04680,2026-02-21,Email,Mobile,United States,/products,3,250.7,0,1,1,1,0,1,2026-02
S04681,2026-01-08,Referral,Mobile,Canada,/,5,209.4,0,0,0,0,0,1,2026-01
S04682,2026-01-13,Organic Search,Mobile,United Kingdom,/features,3,170.5,0,1,1,0,0,1,2026-01
S04683,2026-03-14,Social,Tablet,Australia,/pricing,1,3.7,1,1,0,0,0,0,2026-03
S04684,2026-02-21,Social,Mobile,United Kingdom,/products,4,199.3,0,1,0,0,0,1,2026-02
S04685,2026-02-07,Referral,Mobile,India,/products,2,199.2,0,1,1,0,0,1,2026-02
S04686,2026-02-01,Direct,Mobile,Australia,/,4,346.5,0,0,0,0,0,1,2026-02
S04687,2026-03-20,Organic Search,Desktop,India,/pricing,3,120.6,0,1,0,0,0,1,2026-03
S04688,2026-01-09,Direct,Desktop,United States,/products,1,7.6,1,1,0,0,0,0,2026-01
S04689,2026-02-01,Email,Mobile,United Kingdom,/,5,301.6,0,0,0,0,0,1,2026-02
S04690,2026-01-06,Social,Mobile,Canada,/pricing,5,234.4,0,1,1,0,0,1,2026-01
S04691,2026-03-22,Direct,Mobile,Australia,/blog,6,242.2,0,0,0,0,0,1,2026-03
S04692,2026-03-13,Organic Search,Mobile,India,/contact,1,49.3,1,0,0,0,0,0,2026-03
S04693,2026-01-25,Social,Desktop,United Kingdom,/blog,1,3.0,1,0,0,0,0,0,2026-01
S04694,2026-01-04,Email,Mobile,India,/pricing,1,10.1,1,1,0,0,0,0,2026-01
S04695,2026-01-18,Direct,Mobile,United Kingdom,/features,4,126.8,0,1,0,0,0,1,2026-01
S04696,2026-03-29,Paid Search,Mobile,United States,/products,1,28.3,1,1,0,0,0,0,2026-03
S04697,2026-03-24,Direct,Mobile,India,/blog,2,129.1,0,1,0,0,0,1,2026-03
S04698,2026-01-30,Direct,Mobile,Canada,/,2,186.6,0,1,0,0,0,1,2026-01
S04699,2026-01-25,Direct,Mobile,India,/,1,16.5,1,0,0,0,0,0,2026-01
S04700,2026-03-30,Social,Mobile,United States,/blog,3,70.3,0,0,0,0,0,1,2026-03
S04701,2026-03-31,Referral,Mobile,Australia,/products,1,44.7,1,1,0,0,0,0,2026-03
S04702,2026-02-06,Direct,Mobile,United States,/blog,1,44.8,1,0,0,0,0,0,2026-02
S04703,2026-03-29,Direct,Tablet,United States,/blog,1,9.9,1,0,0,0,0,0,2026-03
S04704,2026-03-13,Direct,Mobile,India,/,2,127.5,0,0,0,0,0,1,2026-03
S04705,2026-01-16,Organic Search,Mobile,India,/products,4,236.1,0,1,1,0,0,1,2026-01
S04706,2026-01-16,Organic Search,Mobile,India,/blog,1,16.0,1,0,0,0,0,0,2026-01
S04707,2026-01-20,Organic Search,Desktop,India,/blog,1,47.2,1,0,0,0,0,0,2026-01
S04708,2026-01-19,Direct,Desktop,India,/features,2,103.5,0,1,0,0,0,1,2026-01
S04709,2026-02-02,Organic Search,Desktop,United States,/products,4,367.2,0,1,0,0,0,1,2026-02
S04710,2026-02-25,Direct,Desktop,United States,/features,1,21.5,1,1,1,1,1,0,2026-02
S04711,2026-01-08,Social,Desktop,India,/products,2,146.9,0,1,0,0,0,1,2026-01
S04712,2026-03-27,Organic Search,Mobile,United States,/,2,235.5,0,1,0,0,0,1,2026-03
S04713,2026-01-19,Paid Search,Desktop,Australia,/blog,1,22.8,1,0,0,0,0,0,2026-01
S04714,2026-03-23,Email,Desktop,India,/products,6,217.0,0,1,1,0,0,1,2026-03
S04715,2026-01-09,Paid Search,Mobile,United States,/,4,185.9,0,1,1,0,0,1,2026-01
S04716,2026-03-10,Organic Search,Mobile,India,/products,8,259.7,0,1,1,0,0,1,2026-03
S04717,2026-02-17,Direct,Mobile,United States,/features,2,86.9,0,1,0,0,0,1,2026-02
S04718,2026-03-14,Paid Search,Mobile,United Kingdom,/features,1,3.0,1,1,1,0,0,0,2026-03
S04719,2026-02-01,Direct,Desktop,India,/contact,2,113.9,0,0,0,0,0,1,2026-02
S04720,2026-03-31,Organic Search,Mobile,India,/products,1,13.5,1,1,0,0,0,0,2026-03
S04721,2026-03-09,Direct,Desktop,Canada,/pricing,6,185.5,0,1,0,0,0,1,2026-03
S04722,2026-03-10,Direct,Tablet,India,/features,1,10.9,1,1,0,0,0,0,2026-03
S04723,2026-01-25,Organic Search,Mobile,United Kingdom,/products,1,50.3,1,1,0,0,0,0,2026-01
S04724,2026-02-04,Paid Search,Mobile,United States,/products,5,129.1,0,1,1,0,0,1,2026-02
S04725,2026-01-08,Organic Search,Desktop,India,/products,2,53.7,0,1,1,1,1,1,2026-01
S04726,2026-01-30,Direct,Desktop,United Kingdom,/pricing,1,21.8,1,1,1,0,0,0,2026-01
S04727,2026-01-23,Social,Mobile,United States,/blog,1,47.6,1,0,0,0,0,0,2026-01
S04728,2026-02-15,Organic Search,Mobile,India,/products,5,205.8,0,1,1,0,0,1,2026-02
S04729,2026-03-09,Paid Search,Desktop,Australia,/,4,218.5,0,0,0,0,0,1,2026-03
S04730,2026-03-26,Direct,Desktop,India,/blog,1,3.0,1,0,0,0,0,0,2026-03
S04731,2026-02-13,Organic Search,Mobile,United Kingdom,/blog,3,141.2,0,0,0,0,0,1,2026-02
S04732,2026-01-02,Email,Mobile,India,/products,2,143.5,0,1,0,0,0,1,2026-01
S04733,2026-02-18,Direct,Tablet,India,/products,1,22.0,1,1,1,1,0,0,2026-02
S04734,2026-03-25,Organic Search,Mobile,United Kingdom,/contact,3,82.7,0,1,1,0,0,1,2026-03
S04735,2026-01-30,Email,Mobile,United States,/blog,1,35.0,1,0,0,0,0,0,2026-01
S04736,2026-03-25,Social,Desktop,India,/blog,1,46.3,1,0,0,0,0,0,2026-03
S04737,2026-01-07,Paid Search,Mobile,United Kingdom,/blog,6,168.2,0,0,0,0,0,1,2026-01
S04738,2026-01-12,Organic Search,Mobile,India,/contact,1,27.0,1,0,0,0,0,0,2026-01
S04739,2026-03-21,Organic Search,Desktop,India,/products,2,97.9,0,1,0,0,0,1,2026-03
S04740,2026-01-03,Paid Search,Desktop,United Kingdom,/products,1,12.5,1,1,1,1,0,0,2026-01
S04741,2026-02-17,Organic Search,Mobile,United States,/products,2,140.5,0,1,1,1,0,1,2026-02
S04742,2026-02-25,Organic Search,Mobile,India,/features,1,9.8,1,1,0,0,0,0,2026-02
S04743,2026-03-21,Social,Mobile,United Kingdom,/,3,142.2,0,1,1,0,0,1,2026-03
S04744,2026-01-07,Organic Search,Desktop,United States,/products,3,106.9,0,1,1,0,0,1,2026-01
S04745,2026-01-23,Organic Search,Desktop,Australia,/products,1,18.9,1,1,1,0,0,0,2026-01
S04746,2026-03-07,Organic Search,Desktop,United Kingdom,/blog,5,206.3,0,1,1,0,0,1,2026-03
S04747,2026-01-20,Direct,Desktop,India,/blog,1,13.4,1,0,0,0,0,0,2026-01
S04748,2026-02-02,Paid Search,Desktop,India,/products,2,72.9,0,1,0,0,0,1,2026-02
S04749,2026-01-14,Email,Desktop,Australia,/products,6,280.4,0,1,0,0,0,1,2026-01
S04750,2026-01-27,Organic Search,Mobile,Canada,/blog,1,15.2,1,0,0,0,0,0,2026-01
S04751,2026-03-28,Organic Search,Tablet,India,/,1,3.0,1,0,0,0,0,0,2026-03
S04752,2026-01-24,Direct,Desktop,India,/blog,1,3.3,1,0,0,0,0,0,2026-01
S04753,2026-03-09,Direct,Mobile,India,/products,5,292.7,0,1,1,0,0,1,2026-03
S04754,2026-03-17,Direct,Mobile,Canada,/features,2,82.8,0,1,1,1,1,1,2026-03
S04755,2026-02-08,Referral,Desktop,Australia,/products,1,92.8,1,1,0,0,0,0,2026-02
S04756,2026-03-26,Direct,Mobile,United Kingdom,/blog,1,18.0,1,0,0,0,0,0,2026-03
S04757,2026-02-13,Direct,Desktop,India,/,2,94.7,0,0,0,0,0,1,2026-02
S04758,2026-01-09,Referral,Mobile,Canada,/products,1,8.1,1,1,0,0,0,0,2026-01
S04759,2026-03-23,Organic Search,Mobile,India,/blog,1,7.2,1,0,0,0,0,0,2026-03
S04760,2026-01-12,Referral,Mobile,India,/pricing,7,269.5,0,1,1,0,0,1,2026-01
S04761,2026-01-08,Direct,Desktop,India,/features,1,13.8,1,1,1,1,1,0,2026-01
S04762,2026-03-07,Direct,Mobile,United States,/pricing,3,177.7,0,1,1,1,0,1,2026-03
S04763,2026-03-30,Referral,Desktop,United States,/pricing,1,7.0,1,1,1,1,1,0,2026-03
S04764,2026-03-24,Direct,Mobile,India,/features,4,159.0,0,1,0,0,0,1,2026-03
S04765,2026-03-30,Direct,Mobile,India,/products,7,311.2,0,1,0,0,0,1,2026-03
S04766,2026-03-25,Organic Search,Mobile,United Kingdom,/features,1,12.5,1,1,1,1,1,0,2026-03
S04767,2026-01-26,Paid Search,Mobile,India,/products,1,41.8,1,1,0,0,0,0,2026-01
S04768,2026-03-20,Paid Search,Desktop,India,/products,2,235.1,0,1,0,0,0,1,2026-03
S04769,2026-03-20,Organic Search,Desktop,India,/features,4,201.9,0,1,1,0,0,1,2026-03
S04770,2026-02-05,Paid Search,Mobile,India,/,1,24.6,1,0,0,0,0,0,2026-02
S04771,2026-03-06,Paid Search,Mobile,India,/,6,251.3,0,0,0,0,0,1,2026-03
S04772,2026-01-02,Direct,Desktop,United States,/,1,16.7,1,0,0,0,0,0,2026-01
S04773,2026-03-04,Organic Search,Desktop,India,/pricing,1,44.0,1,1,1,1,0,0,2026-03
S04774,2026-01-01,Direct,Mobile,India,/blog,1,37.7,1,0,0,0,0,0,2026-01
S04775,2026-01-29,Organic Search,Desktop,Canada,/,2,166.0,0,1,0,0,0,1,2026-01
S04776,2026-01-01,Organic Search,Mobile,India,/,1,14.1,1,0,0,0,0,0,2026-01
S04777,2026-02-23,Direct,Mobile,United Kingdom,/products,1,8.7,1,1,0,0,0,0,2026-02
S04778,2026-02-15,Organic Search,Desktop,India,/products,3,134.0,0,1,0,0,0,1,2026-02
S04779,2026-03-15,Organic Search,Desktop,Australia,/,2,108.0,0,1,0,0,0,1,2026-03
S04780,2026-01-27,Paid Search,Desktop,India,/,1,12.6,1,0,0,0,0,0,2026-01
S04781,2026-03-09,Organic Search,Mobile,United States,/features,3,78.7,0,1,0,0,0,1,2026-03
S04782,2026-03-29,Referral,Mobile,United States,/blog,1,9.6,1,0,0,0,0,0,2026-03
S04783,2026-02-24,Email,Desktop,United States,/products,4,135.5,0,1,0,0,0,1,2026-02
S04784,2026-02-27,Paid Search,Mobile,United Kingdom,/products,1,13.8,1,1,0,0,0,0,2026-02
S04785,2026-03-22,Referral,Mobile,India,/,3,138.1,0,0,0,0,0,1,2026-03
S04786,2026-03-16,Email,Desktop,India,/products,4,145.4,0,1,1,1,0,1,2026-03
S04787,2026-03-03,Organic Search,Mobile,Canada,/products,1,7.4,1,1,0,0,0,0,2026-03
S04788,2026-03-23,Social,Mobile,Canada,/features,1,77.4,1,1,1,1,1,0,2026-03
S04789,2026-03-01,Organic Search,Mobile,India,/blog,1,13.1,1,0,0,0,0,0,2026-03
S04790,2026-02-03,Paid Search,Desktop,United States,/pricing,3,272.9,0,1,0,0,0,1,2026-02
S04791,2026-01-10,Direct,Mobile,United Kingdom,/,3,121.0,0,1,1,0,0,1,2026-01
S04792,2026-01-11,Organic Search,Mobile,United Kingdom,/blog,3,158.2,0,0,0,0,0,1,2026-01
S04793,2026-03-27,Organic Search,Mobile,Canada,/contact,2,183.6,0,0,0,0,0,1,2026-03
S04794,2026-01-03,Referral,Mobile,Canada,/,6,211.5,0,1,1,0,0,1,2026-01
S04795,2026-03-18,Organic Search,Mobile,India,/features,2,133.4,0,1,0,0,0,1,2026-03
S04796,2026-03-14,Organic Search,Desktop,United States,/products,5,172.1,0,1,1,0,0,1,2026-03
S04797,2026-03-26,Organic Search,Mobile,India,/blog,1,15.1,1,0,0,0,0,0,2026-03
S04798,2026-01-03,Direct,Mobile,India,/products,8,187.1,0,1,0,0,0,1,2026-01
S04799,2026-03-24,Email,Mobile,Canada,/blog,1,62.6,1,0,0,0,0,0,2026-03
S04800,2026-02-21,Social,Mobile,United States,/products,1,3.2,1,1,1,0,0,0,2026-02
S04801,2026-03-24,Direct,Mobile,India,/pricing,4,91.4,0,1,0,0,0,1,2026-03
S04802,2026-02-17,Organic Search,Desktop,United States,/blog,1,26.3,1,0,0,0,0,0,2026-02
S04803,2026-03-16,Organic Search,Desktop,India,/blog,5,237.7,0,1,1,1,1,1,2026-03
S04804,2026-02-14,Direct,Desktop,India,/blog,5,271.1,0,0,0,0,0,1,2026-02
S04805,2026-02-02,Social,Mobile,United States,/,1,12.1,1,0,0,0,0,0,2026-02
S04806,2026-03-29,Social,Desktop,United Kingdom,/blog,3,252.6,0,0,0,0,0,1,2026-03
S04807,2026-01-22,Direct,Desktop,India,/,2,502.1,0,1,1,0,0,1,2026-01
S04808,2026-01-09,Paid Search,Mobile,India,/blog,1,13.3,1,0,0,0,0,0,2026-01
S04809,2026-02-05,Direct,Mobile,United States,/,1,46.9,1,0,0,0,0,0,2026-02
S04810,2026-02-25,Paid Search,Desktop,India,/pricing,1,4.3,1,1,0,0,0,0,2026-02
S04811,2026-02-12,Direct,Mobile,Australia,/products,6,219.5,0,1,1,1,1,1,2026-02
S04812,2026-01-17,Paid Search,Mobile,India,/contact,1,43.7,1,0,0,0,0,0,2026-01
S04813,2026-02-08,Direct,Desktop,Canada,/blog,5,160.9,0,1,1,1,1,1,2026-02
S04814,2026-01-11,Referral,Mobile,India,/,1,16.0,1,0,0,0,0,0,2026-01
S04815,2026-01-03,Direct,Tablet,India,/blog,5,247.9,0,0,0,0,0,1,2026-01
S04816,2026-02-25,Organic Search,Mobile,India,/products,1,13.2,1,1,0,0,0,0,2026-02
S04817,2026-02-13,Organic Search,Mobile,United Kingdom,/products,4,118.0,0,1,0,0,0,1,2026-02
S04818,2026-02-08,Direct,Mobile,Australia,/products,4,159.1,0,1,1,1,0,1,2026-02
S04819,2026-01-20,Direct,Mobile,United States,/features,1,8.6,1,1,1,1,1,0,2026-01
S04820,2026-01-06,Direct,Desktop,India,/contact,3,260.2,0,1,0,0,0,1,2026-01
S04821,2026-01-10,Paid Search,Desktop,India,/contact,3,140.7,0,0,0,0,0,1,2026-01
S04822,2026-02-23,Organic Search,Desktop,United States,/,1,35.1,1,0,0,0,0,0,2026-02
S04823,2026-02-25,Paid Search,Mobile,India,/,2,141.1,0,0,0,0,0,1,2026-02
S04824,2026-03-29,Paid Search,Mobile,Australia,/features,1,25.6,1,1,1,1,0,0,2026-03
S04825,2026-02-17,Direct,Mobile,India,/products,5,132.0,0,1,1,0,0,1,2026-02
S04826,2026-01-01,Direct,Mobile,United Kingdom,/pricing,3,83.5,0,1,1,0,0,1,2026-01
S04827,2026-02-25,Organic Search,Desktop,Canada,/contact,1,43.8,1,0,0,0,0,0,2026-02
S04828,2026-01-27,Direct,Mobile,India,/products,1,37.1,1,1,1,1,0,0,2026-01
S04829,2026-03-28,Social,Mobile,India,/products,1,30.2,1,1,1,0,0,0,2026-03
S04830,2026-03-03,Email,Mobile,Canada,/features,5,146.9,0,1,1,1,1,1,2026-03
S04831,2026-03-23,Paid Search,Desktop,India,/blog,1,19.9,1,0,0,0,0,0,2026-03
S04832,2026-03-16,Organic Search,Mobile,United States,/contact,1,15.0,1,0,0,0,0,0,2026-03
S04833,2026-03-06,Paid Search,Desktop,Canada,/blog,2,141.3,0,0,0,0,0,1,2026-03
S04834,2026-02-20,Social,Desktop,India,/products,1,32.2,1,1,1,1,0,0,2026-02
S04835,2026-01-28,Direct,Desktop,Canada,/features,1,30.2,1,1,0,0,0,0,2026-01
S04836,2026-02-02,Social,Mobile,India,/blog,2,147.7,0,1,0,0,0,1,2026-02
S04837,2026-01-09,Organic Search,Mobile,United States,/contact,1,10.9,1,0,0,0,0,0,2026-01
S04838,2026-01-15,Organic Search,Mobile,India,/pricing,3,248.4,0,1,0,0,0,1,2026-01
S04839,2026-03-27,Organic Search,Desktop,United States,/pricing,2,166.3,0,1,1,0,0,1,2026-03
S04840,2026-01-15,Organic Search,Tablet,India,/products,1,6.6,1,1,1,0,0,0,2026-01
S04841,2026-01-14,Email,Desktop,India,/products,4,314.9,0,1,0,0,0,1,2026-01
S04842,2026-03-27,Direct,Mobile,India,/contact,1,137.9,1,0,0,0,0,0,2026-03
S04843,2026-02-19,Organic Search,Mobile,India,/contact,5,185.8,0,1,0,0,0,1,2026-02
S04844,2026-01-01,Direct,Desktop,United States,/pricing,4,274.0,0,1,1,0,0,1,2026-01
S04845,2026-02-10,Direct,Mobile,India,/contact,6,276.4,0,0,0,0,0,1,2026-02
S04846,2026-03-01,Organic Search,Mobile,India,/products,2,100.1,0,1,1,1,0,1,2026-03
S04847,2026-02-13,Organic Search,Desktop,India,/features,3,127.4,0,1,1,1,1,1,2026-02
S04848,2026-02-21,Paid Search,Mobile,India,/blog,1,9.4,1,0,0,0,0,0,2026-02
S04849,2026-02-13,Organic Search,Mobile,India,/blog,6,319.1,0,0,0,0,0,1,2026-02
S04850,2026-03-11,Social,Mobile,India,/blog,1,35.8,1,0,0,0,0,0,2026-03
S04851,2026-01-12,Organic Search,Mobile,United States,/blog,3,289.6,0,1,1,1,0,1,2026-01
S04852,2026-01-12,Social,Desktop,United Kingdom,/features,1,8.2,1,1,1,1,0,0,2026-01
S04853,2026-01-30,Social,Mobile,United States,/products,1,8.9,1,1,1,1,0,0,2026-01
S04854,2026-02-25,Organic Search,Mobile,India,/features,1,13.3,1,1,1,0,0,0,2026-02
S04855,2026-03-27,Organic Search,Mobile,Canada,/products,4,106.4,0,1,1,0,0,1,2026-03
S04856,2026-02-25,Referral,Mobile,United States,/products,5,174.7,0,1,1,1,1,1,2026-02
S04857,2026-01-19,Direct,Desktop,United States,/blog,7,208.2,0,0,0,0,0,1,2026-01
S04858,2026-03-16,Paid Search,Desktop,India,/blog,1,36.4,1,0,0,0,0,0,2026-03
S04859,2026-03-21,Organic Search,Mobile,India,/features,6,174.4,0,1,1,1,0,1,2026-03
S04860,2026-03-31,Organic Search,Mobile,India,/products,1,44.9,1,1,1,0,0,0,2026-03
S04861,2026-03-17,Direct,Mobile,India,/,7,260.4,0,1,1,0,0,1,2026-03
S04862,2026-03-03,Email,Mobile,United States,/pricing,3,136.8,0,1,0,0,0,1,2026-03
S04863,2026-02-04,Organic Search,Mobile,India,/features,3,101.7,0,1,1,0,0,1,2026-02
S04864,2026-02-27,Social,Desktop,India,/contact,4,82.4,0,0,0,0,0,1,2026-02
S04865,2026-03-04,Paid Search,Mobile,India,/features,1,21.5,1,1,0,0,0,0,2026-03
S04866,2026-01-17,Organic Search,Mobile,India,/pricing,5,176.5,0,1,1,1,0,1,2026-01
S04867,2026-01-18,Organic Search,Mobile,India,/features,1,57.8,1,1,0,0,0,0,2026-01
S04868,2026-02-12,Organic Search,Desktop,India,/products,1,17.2,1,1,1,1,1,0,2026-02
S04869,2026-01-02,Direct,Mobile,United States,/contact,1,21.1,1,0,0,0,0,0,2026-01
S04870,2026-03-10,Paid Search,Desktop,India,/pricing,1,67.3,1,1,0,0,0,0,2026-03
S04871,2026-03-26,Direct,Mobile,United States,/products,1,22.2,1,1,1,0,0,0,2026-03
S04872,2026-03-27,Organic Search,Desktop,Australia,/pricing,6,119.4,0,1,1,0,0,1,2026-03
S04873,2026-02-05,Paid Search,Desktop,Canada,/features,7,312.3,0,1,0,0,0,1,2026-02
S04874,2026-01-19,Paid Search,Mobile,United States,/products,1,34.9,1,1,0,0,0,0,2026-01
S04875,2026-01-23,Direct,Mobile,India,/,2,153.0,0,0,0,0,0,1,2026-01
S04876,2026-01-05,Direct,Mobile,United States,/blog,6,198.0,0,1,1,0,0,1,2026-01
S04877,2026-03-16,Organic Search,Desktop,Australia,/contact,1,21.4,1,0,0,0,0,0,2026-03
S04878,2026-03-11,Paid Search,Desktop,India,/blog,1,20.9,1,0,0,0,0,0,2026-03
S04879,2026-01-02,Direct,Mobile,India,/,4,178.3,0,0,0,0,0,1,2026-01
S04880,2026-01-15,Direct,Mobile,United Kingdom,/blog,1,10.8,1,0,0,0,0,0,2026-01
S04881,2026-01-15,Organic Search,Mobile,India,/,1,12.0,1,0,0,0,0,0,2026-01
S04882,2026-02-28,Paid Search,Mobile,United Kingdom,/products,6,292.5,0,1,0,0,0,1,2026-02
S04883,2026-01-06,Paid Search,Desktop,India,/,2,100.0,0,0,0,0,0,1,2026-01
S04884,2026-01-22,Direct,Mobile,India,/pricing,2,91.5,0,1,1,1,1,1,2026-01
S04885,2026-01-27,Email,Mobile,United Kingdom,/products,7,189.5,0,1,1,0,0,1,2026-01
S04886,2026-03-27,Email,Desktop,United States,/,1,12.4,1,0,0,0,0,0,2026-03
S04887,2026-03-26,Organic Search,Desktop,United States,/products,4,213.9,0,1,1,0,0,1,2026-03
S04888,2026-03-15,Paid Search,Desktop,Canada,/blog,2,118.6,0,1,1,0,0,1,2026-03
S04889,2026-01-16,Direct,Mobile,Canada,/products,1,34.0,1,1,0,0,0,0,2026-01
S04890,2026-02-23,Referral,Desktop,India,/,1,3.0,1,0,0,0,0,0,2026-02
S04891,2026-01-06,Organic Search,Mobile,Australia,/pricing,1,14.7,1,1,1,0,0,0,2026-01
S04892,2026-01-10,Organic Search,Mobile,India,/blog,5,156.3,0,0,0,0,0,1,2026-01
S04893,2026-02-16,Direct,Mobile,India,/features,5,313.4,0,1,1,1,1,1,2026-02
S04894,2026-02-23,Organic Search,Desktop,Canada,/pricing,7,489.2,0,1,1,1,1,1,2026-02
S04895,2026-03-09,Paid Search,Mobile,India,/blog,1,14.2,1,0,0,0,0,0,2026-03
S04896,2026-01-04,Direct,Desktop,Canada,/features,4,166.4,0,1,0,0,0,1,2026-01
S04897,2026-03-04,Organic Search,Desktop,India,/blog,1,24.2,1,0,0,0,0,0,2026-03
S04898,2026-01-08,Direct,Desktop,India,/pricing,5,344.2,0,1,1,0,0,1,2026-01
S04899,2026-03-05,Email,Desktop,India,/,2,110.0,0,0,0,0,0,1,2026-03
S04900,2026-03-04,Social,Desktop,United States,/products,3,173.2,0,1,0,0,0,1,2026-03
S04901,2026-03-23,Direct,Mobile,Canada,/products,1,67.2,1,1,0,0,0,0,2026-03
S04902,2026-01-14,Organic Search,Mobile,India,/products,1,44.2,1,1,0,0,0,0,2026-01
S04903,2026-03-25,Organic Search,Desktop,India,/contact,1,42.3,1,0,0,0,0,0,2026-03
S04904,2026-01-08,Email,Mobile,India,/products,3,144.3,0,1,0,0,0,1,2026-01
S04905,2026-03-31,Paid Search,Desktop,India,/pricing,1,39.2,1,1,0,0,0,0,2026-03
S04906,2026-02-10,Paid Search,Desktop,United States,/contact,9,194.7,0,1,0,0,0,1,2026-02
S04907,2026-03-03,Email,Mobile,United States,/blog,1,8.3,1,0,0,0,0,0,2026-03
S04908,2026-03-30,Organic Search,Desktop,India,/products,6,257.1,0,1,1,1,1,1,2026-03
S04909,2026-01-29,Paid Search,Mobile,India,/contact,1,39.6,1,0,0,0,0,0,2026-01
S04910,2026-03-09,Organic Search,Desktop,United States,/products,1,17.3,1,1,0,0,0,0,2026-03
S04911,2026-03-12,Organic Search,Mobile,India,/,5,307.3,0,0,0,0,0,1,2026-03
S04912,2026-02-15,Direct,Desktop,India,/pricing,3,254.6,0,1,0,0,0,1,2026-02
S04913,2026-02-09,Direct,Desktop,United States,/products,5,315.8,0,1,0,0,0,1,2026-02
S04914,2026-01-16,Referral,Mobile,India,/features,4,111.4,0,1,1,1,0,1,2026-01
S04915,2026-02-20,Direct,Mobile,India,/products,1,12.3,1,1,0,0,0,0,2026-02
S04916,2026-01-22,Social,Mobile,India,/features,1,24.5,1,1,1,0,0,0,2026-01
S04917,2026-01-22,Social,Mobile,United Kingdom,/,1,20.0,1,0,0,0,0,0,2026-01
S04918,2026-03-14,Paid Search,Mobile,India,/contact,1,16.5,1,0,0,0,0,0,2026-03
S04919,2026-02-28,Referral,Mobile,United Kingdom,/,1,7.1,1,0,0,0,0,0,2026-02
S04920,2026-01-06,Direct,Desktop,India,/contact,1,20.0,1,0,0,0,0,0,2026-01
S04921,2026-01-29,Direct,Mobile,India,/,1,50.4,1,0,0,0,0,0,2026-01
S04922,2026-02-20,Organic Search,Mobile,United Kingdom,/features,1,6.4,1,1,1,0,0,0,2026-02
S04923,2026-03-08,Organic Search,Desktop,India,/features,6,130.3,0,1,1,1,1,1,2026-03
S04924,2026-03-23,Email,Mobile,India,/blog,1,49.4,1,0,0,0,0,0,2026-03
S04925,2026-02-07,Direct,Mobile,India,/,4,157.0,0,1,0,0,0,1,2026-02
S04926,2026-02-10,Direct,Tablet,United States,/blog,2,247.6,0,0,0,0,0,1,2026-02
S04927,2026-01-18,Organic Search,Desktop,India,/blog,1,21.5,1,0,0,0,0,0,2026-01
S04928,2026-03-25,Direct,Mobile,United Kingdom,/pricing,4,280.6,0,1,1,0,0,1,2026-03
S04929,2026-01-23,Paid Search,Desktop,India,/blog,1,14.7,1,0,0,0,0,0,2026-01
S04930,2026-03-08,Organic Search,Mobile,India,/contact,1,31.3,1,0,0,0,0,0,2026-03
S04931,2026-03-19,Social,Mobile,India,/contact,5,218.3,0,0,0,0,0,1,2026-03
S04932,2026-03-05,Paid Search,Desktop,India,/pricing,1,83.2,1,1,1,1,1,0,2026-03
S04933,2026-02-18,Social,Mobile,Canada,/,1,35.6,1,0,0,0,0,0,2026-02
S04934,2026-02-07,Organic Search,Mobile,India,/,3,132.1,0,1,0,0,0,1,2026-02
S04935,2026-02-16,Paid Search,Desktop,Australia,/blog,4,196.1,0,0,0,0,0,1,2026-02
S04936,2026-01-16,Organic Search,Mobile,India,/contact,4,196.4,0,1,0,0,0,1,2026-01
S04937,2026-03-16,Direct,Mobile,United States,/pricing,2,111.1,0,1,1,1,0,1,2026-03
S04938,2026-01-22,Social,Mobile,India,/,3,133.0,0,0,0,0,0,1,2026-01
S04939,2026-02-18,Paid Search,Desktop,United Kingdom,/products,4,167.0,0,1,0,0,0,1,2026-02
S04940,2026-01-15,Organic Search,Desktop,India,/products,2,150.6,0,1,1,0,0,1,2026-01
S04941,2026-03-25,Email,Desktop,United States,/contact,5,94.6,0,1,1,0,0,1,2026-03
S04942,2026-03-07,Organic Search,Mobile,Australia,/blog,4,131.2,0,0,0,0,0,1,2026-03
S04943,2026-02-20,Paid Search,Desktop,United States,/,1,13.1,1,0,0,0,0,0,2026-02
S04944,2026-02-23,Referral,Mobile,India,/products,1,3.5,1,1,0,0,0,0,2026-02
S04945,2026-01-24,Direct,Mobile,United Kingdom,/,1,23.7,1,0,0,0,0,0,2026-01
S04946,2026-02-23,Social,Mobile,India,/blog,1,34.3,1,0,0,0,0,0,2026-02
S04947,2026-01-04,Paid Search,Desktop,India,/blog,1,68.3,1,0,0,0,0,0,2026-01
S04948,2026-01-30,Social,Mobile,India,/,1,28.3,1,0,0,0,0,0,2026-01
S04949,2026-03-13,Paid Search,Desktop,United Kingdom,/products,4,301.8,0,1,1,1,0,1,2026-03
S04950,2026-01-22,Paid Search,Mobile,India,/features,1,46.2,1,1,0,0,0,0,2026-01
S04951,2026-03-11,Organic Search,Mobile,United Kingdom,/features,1,22.4,1,1,0,0,0,0,2026-03
S04952,2026-03-10,Social,Tablet,United States,/pricing,3,174.1,0,1,1,0,0,1,2026-03
S04953,2026-01-28,Organic Search,Desktop,India,/pricing,5,259.7,0,1,0,0,0,1,2026-01
S04954,2026-01-21,Referral,Mobile,India,/contact,4,170.0,0,0,0,0,0,1,2026-01
S04955,2026-03-06,Organic Search,Desktop,United Kingdom,/blog,3,182.4,0,1,0,0,0,1,2026-03
S04956,2026-01-10,Organic Search,Mobile,India,/contact,5,211.5,0,1,0,0,0,1,2026-01
S04957,2026-01-21,Email,Desktop,India,/,1,26.6,1,0,0,0,0,0,2026-01
S04958,2026-02-12,Organic Search,Mobile,India,/products,1,30.3,1,1,1,1,0,0,2026-02
S04959,2026-01-31,Direct,Mobile,Canada,/,5,118.4,0,0,0,0,0,1,2026-01
S04960,2026-03-06,Paid Search,Mobile,India,/features,1,20.4,1,1,0,0,0,0,2026-03
S04961,2026-01-07,Organic Search,Mobile,India,/blog,1,22.6,1,0,0,0,0,0,2026-01
S04962,2026-01-02,Organic Search,Mobile,India,/,1,67.2,1,0,0,0,0,0,2026-01
S04963,2026-01-16,Direct,Mobile,India,/contact,6,289.9,0,0,0,0,0,1,2026-01
S04964,2026-01-24,Organic Search,Tablet,Australia,/contact,4,133.9,0,1,0,0,0,1,2026-01
S04965,2026-02-05,Organic Search,Mobile,United States,/products,2,73.3,0,1,1,1,1,1,2026-02
S04966,2026-03-02,Organic Search,Mobile,United Kingdom,/blog,5,130.8,0,0,0,0,0,1,2026-03
S04967,2026-02-03,Direct,Mobile,United Kingdom,/blog,1,7.1,1,0,0,0,0,0,2026-02
S04968,2026-02-06,Organic Search,Desktop,India,/,4,250.4,0,0,0,0,0,1,2026-02
S04969,2026-03-20,Organic Search,Mobile,United Kingdom,/blog,3,100.2,0,0,0,0,0,1,2026-03
S04970,2026-01-01,Paid Search,Mobile,Australia,/products,1,12.2,1,1,0,0,0,0,2026-01
S04971,2026-02-22,Paid Search,Desktop,United Kingdom,/features,1,28.1,1,1,1,0,0,0,2026-02
S04972,2026-03-05,Organic Search,Mobile,United States,/features,1,5.7,1,1,1,1,0,0,2026-03
S04973,2026-02-23,Organic Search,Tablet,India,/features,2,469.1,0,1,1,0,0,1,2026-02
S04974,2026-01-19,Email,Mobile,Canada,/blog,4,171.2,0,1,1,0,0,1,2026-01
S04975,2026-01-18,Paid Search,Desktop,India,/,1,13.3,1,0,0,0,0,0,2026-01
S04976,2026-01-25,Direct,Mobile,United Kingdom,/products,2,277.6,0,1,1,1,1,1,2026-01
S04977,2026-02-28,Direct,Desktop,India,/blog,4,395.1,0,0,0,0,0,1,2026-02
S04978,2026-02-14,Organic Search,Desktop,United States,/products,1,18.4,1,1,1,1,1,0,2026-02
S04979,2026-03-21,Social,Mobile,Canada,/blog,1,27.2,1,0,0,0,0,0,2026-03
S04980,2026-03-23,Email,Mobile,United States,/products,6,199.7,0,1,1,0,0,1,2026-03
S04981,2026-03-14,Email,Mobile,India,/,6,244.7,0,0,0,0,0,1,2026-03
S04982,2026-02-09,Organic Search,Mobile,United Kingdom,/pricing,5,254.2,0,1,0,0,0,1,2026-02
S04983,2026-01-27,Organic Search,Tablet,Australia,/blog,4,195.5,0,1,0,0,0,1,2026-01
S04984,2026-01-07,Organic Search,Desktop,United States,/pricing,6,320.1,0,1,1,0,0,1,2026-01
S04985,2026-02-10,Organic Search,Desktop,Canada,/blog,4,193.9,0,0,0,0,0,1,2026-02
S04986,2026-02-09,Direct,Tablet,Canada,/pricing,5,140.0,0,1,0,0,0,1,2026-02
S04987,2026-02-09,Paid Search,Desktop,Canada,/features,3,263.8,0,1,1,1,0,1,2026-02
S04988,2026-02-02,Organic Search,Desktop,India,/blog,8,349.1,0,0,0,0,0,1,2026-02
S04989,2026-02-24,Email,Mobile,India,/pricing,1,40.3,1,1,0,0,0,0,2026-02
S04990,2026-01-11,Organic Search,Mobile,Canada,/pricing,1,40.7,1,1,1,0,0,0,2026-01
S04991,2026-01-09,Organic Search,Mobile,Australia,/pricing,8,180.7,0,1,1,1,1,1,2026-01
S04992,2026-01-14,Email,Mobile,India,/,3,147.9,0,1,0,0,0,1,2026-01
S04993,2026-01-02,Paid Search,Mobile,India,/blog,1,35.3,1,0,0,0,0,0,2026-01
S04994,2026-02-23,Direct,Mobile,India,/products,1,13.7,1,1,0,0,0,0,2026-02
S04995,2026-02-11,Paid Search,Mobile,United Kingdom,/features,1,22.7,1,1,1,1,1,0,2026-02
S04996,2026-03-30,Organic Search,Mobile,Canada,/features,1,32.4,1,1,0,0,0,0,2026-03
S04997,2026-03-06,Organic Search,Mobile,United States,/pricing,1,43.5,1,1,0,0,0,0,2026-03
S04998,2026-03-21,Direct,Mobile,India,/features,3,232.0,0,1,0,0,0,1,2026-03
S04999,2026-01-05,Direct,Mobile,India,/blog,1,27.8,1,0,0,0,0,0,2026-01
S05000,2026-03-16,Paid Search,Mobile,Canada,/,5,323.9,0,0,0,0,0,1,2026-03
